{
  "artifact_version": "v1",
  "bundle_schema_version": "1.0",
  "dataset_name": "movie",
  "dropped_columns": [
    "Unnamed: 0"
  ],
  "feature_order": [
    "Marketing_expense",
    "Production_expense",
    "Multiplex_coverage",
    "Budget",
    "Movie_length",
    "Lead_Actor_Rating",
    "Lead_Actress_rating",
    "Director_rating",
    "Producer_rating",
    "Critic_rating",
    "Trailer_views",
    "3D_available",
    "Time_taken",
    "Twitter_hastags",
    "Genre",
    "Avg_age_actors",
    "Num_multiplex",
    "Collection"
  ],
  "has_movie_distance_scaler": true,
  "has_scaler": false,
  "label_col": "Start_Tech_Oscar",
  "lr_mean": 0.5927777777777778,
  "lr_std": 0.10341208931589799,
  "max_iter": 1000,
  "model_type": "logistic_regression",
  "movie_scaler_logic_version": "reproduce_full_table7_result_v1",
  "n_tries": 10,
  "random_state": 3,
  "source_data_hash": "eb54082c3d3373964943c27ef87cb7baabce91d5b37e359e6246f9e0752b4522",
  "source_data_path": "/mnt/d/Workspace/MasterAI/Thesis/UFCE_Agent/ufce/data/movie.csv",
  "split_diagnostics": [
    {
      "feature_ks": {
        "3D_available": 0.01702349093071662,
        "Avg_age_actors": 0.04690752304490039,
        "Budget": 0.07593666369313114,
        "Collection": 0.04014272970561998,
        "Critic_rating": 0.07389235801367826,
        "Director_rating": 0.05582812964614927,
        "Genre": 0.08180939637228665,
        "Lead_Actor_Rating": 0.059582218257508174,
        "Lead_Actress_rating": 0.06240707701457032,
        "Marketing_expense": 0.11451828724353257,
        "Movie_length": 0.06872584002378829,
        "Multiplex_coverage": 0.06757359500446031,
        "Num_multiplex": 0.0547873922093369,
        "Producer_rating": 0.057760927743086526,
        "Production_expense": 0.09262563187630092,
        "Time_taken": 0.05560511448111805,
        "Trailer_views": 0.057314897413024084,
        "Twitter_hastags": 0.05408117752007136
      },
      "max_ks_distance": 0.11451828724353257,
      "random_state": 0
    },
    {
      "feature_ks": {
        "3D_available": 0.04523490930716622,
        "Avg_age_actors": 0.056162652393696104,
        "Budget": 0.08325899494498959,
        "Collection": 0.06422836752899197,
        "Critic_rating": 0.045495093666369314,
        "Director_rating": 0.04062592922985429,
        "Genre": 0.07549063336306869,
        "Lead_Actor_Rating": 0.041555159084151055,
        "Lead_Actress_rating": 0.04248438893844782,
        "Marketing_expense": 0.10767915551590841,
        "Movie_length": 0.096045197740113,
        "Multiplex_coverage": 0.05750074338388344,
        "Num_multiplex": 0.049918227772821885,
        "Producer_rating": 0.04910050550104074,
        "Production_expense": 0.050029735355337494,
        "Time_taken": 0.06891168599464764,
        "Trailer_views": 0.1436589354742789,
        "Twitter_hastags": 0.1085712161760333
      },
      "max_ks_distance": 0.1436589354742789,
      "random_state": 1
    },
    {
      "feature_ks": {
        "3D_available": 0.08641837644959857,
        "Avg_age_actors": 0.07378085043116266,
        "Budget": 0.07868718406184953,
        "Collection": 0.14009069283377937,
        "Critic_rating": 0.06430270591733571,
        "Director_rating": 0.10091436217662801,
        "Genre": 0.09931608682723758,
        "Lead_Actor_Rating": 0.09719744275944098,
        "Lead_Actress_rating": 0.10585786500148676,
        "Marketing_expense": 0.08786797502230152,
        "Movie_length": 0.11206512042818911,
        "Multiplex_coverage": 0.08396520963425513,
        "Num_multiplex": 0.0601769253642581,
        "Producer_rating": 0.09459559916741005,
        "Production_expense": 0.14901129943502825,
        "Time_taken": 0.07857567647933393,
        "Trailer_views": 0.07675438596491228,
        "Twitter_hastags": 0.067945286946179
      },
      "max_ks_distance": 0.14901129943502825,
      "random_state": 2
    },
    {
      "feature_ks": {
        "3D_available": 0.06404252155813261,
        "Avg_age_actors": 0.06664436515016355,
        "Budget": 0.06073446327683616,
        "Collection": 0.09188224799286351,
        "Critic_rating": 0.04962087421944692,
        "Director_rating": 0.07668004757656854,
        "Genre": 0.031036277133511744,
        "Lead_Actor_Rating": 0.06998959262563188,
        "Lead_Actress_rating": 0.06552928932500743,
        "Marketing_expense": 0.07500743383883438,
        "Movie_length": 0.05876449598572703,
        "Multiplex_coverage": 0.06523193577163247,
        "Num_multiplex": 0.08273862622658341,
        "Producer_rating": 0.06259292298542968,
        "Production_expense": 0.049955396966993755,
        "Time_taken": 0.07627118644067797,
        "Trailer_views": 0.07913321439191198,
        "Twitter_hastags": 0.053783823966696405
      },
      "max_ks_distance": 0.09188224799286351,
      "random_state": 3
    },
    {
      "feature_ks": {
        "3D_available": 0.05463871543264942,
        "Avg_age_actors": 0.11801219149568837,
        "Budget": 0.04753939934582218,
        "Collection": 0.07430121914956883,
        "Critic_rating": 0.09723461195361284,
        "Director_rating": 0.09489295272078502,
        "Genre": 0.021632471008028547,
        "Lead_Actor_Rating": 0.10701011002081474,
        "Lead_Actress_rating": 0.09206809396372287,
        "Marketing_expense": 0.07300029735355337,
        "Movie_length": 0.07604817127564674,
        "Multiplex_coverage": 0.05348647041332144,
        "Num_multiplex": 0.06984091584894439,
        "Producer_rating": 0.09860987213797205,
        "Production_expense": 0.06474873624739816,
        "Time_taken": 0.05805828129646149,
        "Trailer_views": 0.06285310734463277,
        "Twitter_hastags": 0.07080731489741303
      },
      "max_ks_distance": 0.11801219149568837,
      "random_state": 4
    },
    {
      "feature_ks": {
        "3D_available": 0.039399345822182574,
        "Avg_age_actors": 0.06865150163544455,
        "Budget": 0.09374070770145704,
        "Collection": 0.050066904549509364,
        "Critic_rating": 0.08645554564377045,
        "Director_rating": 0.044305679452869465,
        "Genre": 0.040440083258994945,
        "Lead_Actor_Rating": 0.04683318465655665,
        "Lead_Actress_rating": 0.04192685102586976,
        "Marketing_expense": 0.1155961938745168,
        "Movie_length": 0.05248290217068094,
        "Multiplex_coverage": 0.05798394290811775,
        "Num_multiplex": 0.077980969372584,
        "Producer_rating": 0.06649568837347607,
        "Production_expense": 0.0588016651798989,
        "Time_taken": 0.1271186440677966,
        "Trailer_views": 0.09563633660422242,
        "Twitter_hastags": 0.11042967588462682
      },
      "max_ks_distance": 0.1271186440677966,
      "random_state": 5
    },
    {
      "feature_ks": {
        "3D_available": 0.029995539696699377,
        "Avg_age_actors": 0.08270145703241154,
        "Budget": 0.13533303597977997,
        "Collection": 0.11351471900089206,
        "Critic_rating": 0.060511448111804936,
        "Director_rating": 0.08147487362473982,
        "Genre": 0.09931608682723758,
        "Lead_Actor_Rating": 0.07976509069283377,
        "Lead_Actress_rating": 0.09273713945881654,
        "Marketing_expense": 0.10552334225393993,
        "Movie_length": 0.06549212013083557,
        "Multiplex_coverage": 0.08619536128456735,
        "Num_multiplex": 0.06248141540291406,
        "Producer_rating": 0.0944097531965507,
        "Production_expense": 0.09236544751709783,
        "Time_taken": 0.06549212013083557,
        "Trailer_views": 0.11667410050550105,
        "Twitter_hastags": 0.1457032411537318
      },
      "max_ks_distance": 0.1457032411537318,
      "random_state": 6
    },
    {
      "feature_ks": {
        "3D_available": 0.048803151947665775,
        "Avg_age_actors": 0.09392655367231638,
        "Budget": 0.09771781147784717,
        "Collection": 0.0645628902765388,
        "Critic_rating": 0.0672019030627416,