{
  "benchmark_name": "ufce_bank_cf_parser_v1",
  "failure_counts": {
    "api_error_count": 0,
    "exact_match_fail_count": 36,
    "invalid_json_count": 1,
    "schema_invalid_count": 21
  },
  "groups": {
    "A": {
      "avg_hallucination_count": 0.375,
      "avg_request_latency_ms": 784.2520748746816,
      "avg_tokens_per_second": 187.1520768314014,
      "case_count": 8,
      "conflict_accuracy": 0.7916666666666666,
      "exact_match_rate": 0.625,
      "field_accuracy_mean": 0.7916666666666666,
      "missing_fields_accuracy": 0.7916666666666666,
      "run_count": 24,
      "schema_valid_rate": 0.625,
      "stability": 0.25,
      "status_accuracy": 0.625,
      "valid_json_rate": 1.0
    },
    "B": {
      "avg_hallucination_count": 0.08333333333333333,
      "avg_request_latency_ms": 755.9523882085463,
      "avg_tokens_per_second": 187.17564885350916,
      "case_count": 8,
      "conflict_accuracy": 0.875,
      "exact_match_rate": 0.625,
      "field_accuracy_mean": 0.9814814814814815,
      "missing_fields_accuracy": 0.7916666666666666,
      "run_count": 24,
      "schema_valid_rate": 0.875,
      "stability": 0.625,
      "status_accuracy": 0.6666666666666666,
      "valid_json_rate": 1.0
    },
    "C": {
      "avg_hallucination_count": 0.4444444444444444,
      "avg_request_latency_ms": 890.1954938333397,
      "avg_tokens_per_second": 186.41067470700116,
      "case_count": 6,
      "conflict_accuracy": 0.1111111111111111,
      "exact_match_rate": 0.0,
      "field_accuracy_mean": 0.8580246913580247,
      "missing_fields_accuracy": 0.16666666666666666,
      "run_count": 18,
      "schema_valid_rate": 0.5,
      "stability": 0.0,
      "status_accuracy": 0.2222222222222222,
      "valid_json_rate": 0.9444444444444444
    }
  },
  "model_alias": "openai/gpt-oss-20b",
  "overall": {
    "avg_hallucination_count": 0.2878787878787879,
    "avg_request_latency_ms": 802.8549394393574,
    "avg_tokens_per_second": 186.9584478964223,
    "case_count": 22,
    "conflict_accuracy": 0.6363636363636364,
    "exact_match_rate": 0.45454545454545453,
    "field_accuracy_mean": 0.8787878787878788,
    "missing_fields_accuracy": 0.6212121212121212,
    "run_count": 66,
    "schema_valid_rate": 0.6818181818181818,
    "stability": 0.3181818181818182,
    "status_accuracy": 0.5303030303030303,
    "valid_json_rate": 0.9848484848484849
  },
  "run_dir": "/mnt/d/Workspace/MasterAI/Thesis/UFCE_Agent/llm_eval/outputs/openai_gpt-oss-20b_20260315_072520",
  "run_id": "run_20260315_072520"
}
