mi_ranking,rank,score,left_feature,right_feature
DIGITAL_PLUS_CATEGORY_SOURCE,1,0.8130983671472389,pft_days_logged_m09,pft_visits_m09
DIGITAL_PLUS_CATEGORY_SOURCE,2,0.8071994952071684,pft_days_logged_m10,pft_visits_m10
DIGITAL_PLUS_CATEGORY_SOURCE,3,0.7729965451831804,pft_days_logged_m11,pft_visits_m11
DIGITAL_PLUS_CATEGORY_SOURCE,4,0.7201844322042161,pft_days_logged_m12,pft_visits_m12
DIGITAL_PLUS_CATEGORY_SOURCE,5,0.7109628689029783,pft_visits_m10,pft_total_minutes_m10
DIGITAL_PLUS_CATEGORY_SOURCE,6,0.6994291632930123,resource_events_m10,n_resource_days_m10
DIGITAL_PLUS_CATEGORY_SOURCE,7,0.6850553403483928,pft_visits_m09,pft_total_minutes_m09
DIGITAL_PLUS_CATEGORY_SOURCE,8,0.6822812282769855,pft_total_minutes_m10,n_resource_days_m10
DIGITAL_PLUS_CATEGORY_SOURCE,9,0.6784130391371983,resource_events_m11,n_resource_days_m11
DIGITAL_PLUS_CATEGORY_SOURCE,10,0.6685855040839801,pft_visits_m11,pft_total_minutes_m11
DIGITAL_PLUS_CATEGORY_SOURCE,11,0.6678922412643278,pft_total_minutes_m10,resource_events_m10
DIGITAL_PLUS_CATEGORY_SOURCE,12,0.6407674676237098,resource_events_m12,n_resource_days_m12
DIGITAL_PLUS_CATEGORY_SOURCE,13,0.6400266200745364,pft_total_minutes_m11,resource_events_m11
DIGITAL_PLUS_CATEGORY_SOURCE,14,0.6397609789207497,pft_total_minutes_m11,n_resource_days_m11
DIGITAL_PLUS_CATEGORY_SOURCE,15,0.6371903554722795,resource_events_m09,n_resource_days_m09
DIGITAL_PLUS_CATEGORY_SOURCE,16,0.6349962709700288,pft_visits_m12,pft_total_minutes_m12
DIGITAL_PLUS_CATEGORY_SOURCE,17,0.6254028814194292,pft_days_logged_m09,pft_total_minutes_m09
DIGITAL_PLUS_CATEGORY_SOURCE,18,0.6159837372774284,pft_days_logged_m10,pft_total_minutes_m10
DIGITAL_PLUS_CATEGORY_SOURCE,19,0.6005659657809089,pft_total_minutes_m12,n_resource_days_m12
DIGITAL_PLUS_CATEGORY_SOURCE,20,0.5879840028155208,pft_days_logged_m11,pft_total_minutes_m11
DIGITAL_PLUS_CATEGORY_SOURCE,21,0.5858839378942893,pft_total_minutes_m12,resource_events_m12
DIGITAL_PLUS_CATEGORY_SOURCE,22,0.5747580927948759,pft_total_minutes_m09,resource_events_m09
DIGITAL_PLUS_CATEGORY_SOURCE,23,0.5746379811238871,pft_total_minutes_m09,n_resource_days_m09
DIGITAL_PLUS_CATEGORY_SOURCE,24,0.5569594452848863,pft_days_logged_m12,pft_total_minutes_m12
DIGITAL_PLUS_CATEGORY_SOURCE,25,0.4986671186965674,pft_total_minutes_m10,pft_total_minutes_m11
DIGITAL_PLUS_CATEGORY_SOURCE,26,0.4752159910700833,pft_total_minutes_m11,pft_total_minutes_m12
DIGITAL_PLUS_CATEGORY_SOURCE,27,0.4714693439385425,pft_total_minutes_m10,pft_total_minutes_m12
DIGITAL_PLUS_CATEGORY_SOURCE,28,0.4531011241536351,pft_total_minutes_m09,pft_total_minutes_m10
DIGITAL_PLUS_CATEGORY_SOURCE,29,0.4230055104988049,pft_total_minutes_m11,resource_events_m10
DIGITAL_PLUS_CATEGORY_SOURCE,30,0.4188368822323518,pft_total_minutes_m10,resource_events_m11
DIGITAL_PLUS_CATEGORY_SOURCE,31,0.4123904553392137,pft_total_minutes_m09,pft_total_minutes_m11
DIGITAL_PLUS_CATEGORY_SOURCE,32,0.4073466604254987,pft_total_minutes_m12,resource_events_m10
DIGITAL_PLUS_CATEGORY_SOURCE,33,0.4060772024395778,pft_days_logged_m10,n_resource_days_m10
DIGITAL_PLUS_CATEGORY_SOURCE,34,0.4045241633619607,resource_events_m10,resource_events_m11
DIGITAL_PLUS_CATEGORY_SOURCE,35,0.4030633202481946,pft_visits_m10,pft_visits_m11
DIGITAL_PLUS_CATEGORY_SOURCE,36,0.3988411868895359,pft_total_minutes_m11,n_resource_days_m10
DIGITAL_PLUS_CATEGORY_SOURCE,37,0.3946554791421617,pft_total_minutes_m12,resource_events_m11
DIGITAL_PLUS_CATEGORY_SOURCE,38,0.3909377948143167,resource_events_m10,resource_events_m12
DIGITAL_PLUS_CATEGORY_SOURCE,39,0.3901371999550216,pft_days_logged_m10,pft_visits_m11
DIGITAL_PLUS_CATEGORY_SOURCE,40,0.38982345839146415,pft_total_minutes_m10,n_resource_days_m11
DIGITAL_PLUS_CATEGORY_SOURCE,41,0.3869921556029219,pft_days_logged_m11,pft_visits_m10
DIGITAL_PLUS_CATEGORY_SOURCE,42,0.3851292911201938,pft_total_minutes_m09,resource_events_m10
DIGITAL_PLUS_CATEGORY_SOURCE,43,0.3844721105053255,pft_visits_m10,pft_visits_m12
DIGITAL_PLUS_CATEGORY_SOURCE,44,0.3842669047317305,pft_total_minutes_m12,n_resource_days_m10
DIGITAL_PLUS_CATEGORY_SOURCE,45,0.382379548618629,pft_total_minutes_m10,resource_events_m09
DIGITAL_PLUS_CATEGORY_SOURCE,46,0.3814633654967263,pft_visits_m09,pft_visits_m10
DIGITAL_PLUS_CATEGORY_SOURCE,47,0.38005644367893066,pft_total_minutes_m11,resource_events_m12
DIGITAL_PLUS_CATEGORY_SOURCE,48,0.3797760669400905,pft_days_logged_m11,n_resource_days_m11
DIGITAL_PLUS_CATEGORY_SOURCE,49,0.3795808352943428,pft_visits_m11,pft_visits_m12
DIGITAL_PLUS_CATEGORY_SOURCE,50,0.3795103485302631,pft_total_minutes_m12,n_resource_days_m11
DIGITAL_PLUS_CATEGORY_SOURCE,51,0.3781616457323249,pft_total_minutes_m10,resource_events_m12
DIGITAL_PLUS_CATEGORY_SOURCE,52,0.37668556666599695,resource_events_m09,resource_events_m10
DIGITAL_PLUS_CATEGORY_SOURCE,53,0.3745958196889605,pft_total_minutes_m10,n_resource_days_m12
DIGITAL_PLUS_CATEGORY_SOURCE,54,0.3744447864501863,pft_days_logged_m10,pft_visits_m09
DIGITAL_PLUS_CATEGORY_SOURCE,55,0.3734567845492176,pft_days_logged_m10,pft_visits_m12
DIGITAL_PLUS_CATEGORY_SOURCE,56,0.3722503235105181,pft_days_logged_m10,pft_days_logged_m11
DIGITAL_PLUS_CATEGORY_SOURCE,57,0.37169487227556175,pft_visits_m10,n_resource_days_m10
DIGITAL_PLUS_CATEGORY_SOURCE,58,0.3700630600835933,pft_total_minutes_m11,resource_events_m09
DIGITAL_PLUS_CATEGORY_SOURCE,59,0.3673740973340092,pft_total_minutes_m09,pft_total_minutes_m12
DIGITAL_PLUS_CATEGORY_SOURCE,60,0.3657893125418674,pft_days_logged_m12,pft_visits_m10
DIGITAL_PLUS_CATEGORY_SOURCE,61,0.3656074276689072,pft_total_minutes_m09,n_resource_days_m10
DIGITAL_PLUS_CATEGORY_SOURCE,62,0.36251654472842,pft_days_logged_m09,pft_visits_m10
DIGITAL_PLUS_CATEGORY_SOURCE,63,0.3598651226642602,resource_events_m11,n_resource_days_m10
DIGITAL_PLUS_CATEGORY_SOURCE,64,0.3592232658499759,resource_events_m10,n_resource_days_m11
DIGITAL_PLUS_CATEGORY_SOURCE,65,0.35818397643896205,resource_events_m11,resource_events_m12
DIGITAL_PLUS_CATEGORY_SOURCE,66,0.3578854365320589,pft_total_minutes_m11,n_resource_days_m12
DIGITAL_PLUS_CATEGORY_SOURCE,67,0.3572328105380693,pft_days_logged_m11,pft_visits_m12
DIGITAL_PLUS_CATEGORY_SOURCE,68,0.3554973279672389,pft_total_minutes_m10,n_resource_days_m09
DIGITAL_PLUS_CATEGORY_SOURCE,69,0.3545225842979285,pft_days_logged_m12,n_resource_days_m12
DIGITAL_PLUS_CATEGORY_SOURCE,70,0.3544503392020681,pft_days_logged_m12,pft_visits_m11
DIGITAL_PLUS_CATEGORY_SOURCE,71,0.3509607080667738,pft_total_minutes_m09,resource_events_m11
DIGITAL_PLUS_CATEGORY_SOURCE,72,0.3504449516290977,pft_visits_m10,resource_events_m10
DIGITAL_PLUS_CATEGORY_SOURCE,73,0.34700459443929704,pft_days_logged_m10,pft_days_logged_m12
DIGITAL_PLUS_CATEGORY_SOURCE,74,0.3457227420600404,pft_total_minutes_m09,n_resource_days_m11
DIGITAL_PLUS_CATEGORY_SOURCE,75,0.344838988475944,pft_days_logged_m09,pft_days_logged_m10
DIGITAL_PLUS_CATEGORY_SOURCE,76,0.34275320218887995,resource_events_m10,n_resource_days_m12
DIGITAL_PLUS_CATEGORY_SOURCE,77,0.34222077558554265,pft_visits_m11,n_resource_days_m11
DIGITAL_PLUS_CATEGORY_SOURCE,78,0.3417401825725417,pft_visits_m11,resource_events_m11
DIGITAL_PLUS_CATEGORY_SOURCE,79,0.33915338397614114,resource_events_m09,resource_events_m11
DIGITAL_PLUS_CATEGORY_SOURCE,80,0.3388315401840938,resource_events_m12,n_resource_days_m10
DIGITAL_PLUS_CATEGORY_SOURCE,81,0.3375088538854873,pft_days_logged_m10,resource_events_m10
DIGITAL_PLUS_CATEGORY_SOURCE,82,0.3374663781262619,n_resource_days_m10,n_resource_days_m11
DIGITAL_PLUS_CATEGORY_SOURCE,83,0.33742943188298913,pft_days_logged_m11,pft_days_logged_m12
DIGITAL_PLUS_CATEGORY_SOURCE,84,0.3361599830098845,pft_days_logged_m09,n_resource_days_m09
DIGITAL_PLUS_CATEGORY_SOURCE,85,0.3339083457991858,resource_events_m12,n_resource_days_m11
DIGITAL_PLUS_CATEGORY_SOURCE,86,0.33387469899554123,resource_events_m09,n_resource_days_m10
DIGITAL_PLUS_CATEGORY_SOURCE,87,0.33348900852769425,pft_visits_m09,pft_visits_m11
DIGITAL_PLUS_CATEGORY_SOURCE,88,0.3332801847885873,pft_days_logged_m11,pft_visits_m09
DIGITAL_PLUS_CATEGORY_SOURCE,89,0.3307909652550539,pft_days_logged_m11,resource_events_m11
DIGITAL_PLUS_CATEGORY_SOURCE,90,0.3292552185750965,pft_total_minutes_m11,n_resource_days_m09
DIGITAL_PLUS_CATEGORY_SOURCE,91,0.3219711149466917,resource_events_m11,n_resource_days_m12
DIGITAL_PLUS_CATEGORY_SOURCE,92,0.3209909943045579,pft_visits_m12,n_resource_days_m12
DIGITAL_PLUS_CATEGORY_SOURCE,93,0.31949462281657315,pft_days_logged_m09,pft_visits_m11
DIGITAL_PLUS_CATEGORY_SOURCE,94,0.31945872213900195,resource_events_m10,n_resource_days_m09
DIGITAL_PLUS_CATEGORY_SOURCE,95,0.3192594160595723,pft_total_minutes_m12,resource_events_m09
DIGITAL_PLUS_CATEGORY_SOURCE,96,0.3145092527996312,pft_visits_m12,resource_events_m12
DIGITAL_PLUS_CATEGORY_SOURCE,97,0.3137156751052048,n_resource_days_m09,n_resource_days_m10
DIGITAL_PLUS_CATEGORY_SOURCE,98,0.3103614015351308,resource_events_m09,n_resource_days_m11
DIGITAL_PLUS_CATEGORY_SOURCE,99,0.30925161727896633,n_resource_days_m10,n_resource_days_m12
DIGITAL_PLUS_CATEGORY_SOURCE,100,0.3068464905324149,pft_days_logged_m09,pft_visits_m12
DIGITAL_PLUS_CATEGORY_SOURCE,101,0.3066038605787549,n_resource_days_m11,n_resource_days_m12
DIGITAL_PLUS_CATEGORY_SOURCE,102,0.3054924910461159,pft_visits_m09,pft_visits_m12
DIGITAL_PLUS_CATEGORY_SOURCE,103,0.30036361744432405,resource_events_m11,n_resource_days_m09
DIGITAL_PLUS_CATEGORY_SOURCE,104,0.30016554362976944,pft_days_logged_m09,pft_days_logged_m11
DIGITAL_PLUS_CATEGORY_SOURCE,105,0.2994129598111384,pft_total_minutes_m09,resource_events_m12
DIGITAL_PLUS_CATEGORY_SOURCE,106,0.2993116486615852,resource_events_m09,resource_events_m12
DIGITAL_PLUS_CATEGORY_SOURCE,107,0.29809163394745664,pft_days_logged_m12,pft_visits_m09
DIGITAL_PLUS_CATEGORY_SOURCE,108,0.29348115271167163,pft_days_logged_m12,resource_events_m12
DIGITAL_PLUS_CATEGORY_SOURCE,109,0.292672345307464,pft_visits_m09,resource_events_m09
DIGITAL_PLUS_CATEGORY_SOURCE,110,0.2863855246664926,pft_visits_m09,n_resource_days_m09
DIGITAL_PLUS_CATEGORY_SOURCE,111,0.2861737643292743,pft_total_minutes_m12,n_resource_days_m09
DIGITAL_PLUS_CATEGORY_SOURCE,112,0.2846153719834552,pft_days_logged_m09,resource_events_m09
DIGITAL_PLUS_CATEGORY_SOURCE,113,0.28152165737489376,pft_days_logged_m10,pft_total_minutes_m11
DIGITAL_PLUS_CATEGORY_SOURCE,114,0.281421721124139,pft_days_logged_m09,pft_days_logged_m12
DIGITAL_PLUS_CATEGORY_SOURCE,115,0.28052798258879363,pft_total_minutes_m09,n_resource_days_m12
DIGITAL_PLUS_CATEGORY_SOURCE,116,0.2793780754877861,pft_visits_m10,pft_total_minutes_m09
DIGITAL_PLUS_CATEGORY_SOURCE,117,0.27766716383097023,pft_visits_m10,pft_total_minutes_m11
DIGITAL_PLUS_CATEGORY_SOURCE,118,0.2766471677249536,pft_days_logged_m10,pft_total_minutes_m09
DIGITAL_PLUS_CATEGORY_SOURCE,119,0.2764649260984351,pft_days_logged_m11,pft_total_minutes_m10
DIGITAL_PLUS_CATEGORY_SOURCE,120,0.2708355722969733,n_resource_days_m09,n_resource_days_m11
DIGITAL_PLUS_CATEGORY_SOURCE,121,0.26658844775826473,pft_visits_m12,pft_total_minutes_m10
DIGITAL_PLUS_CATEGORY_SOURCE,122,0.2663688250908089,pft_visits_m11,pft_total_minutes_m10
DIGITAL_PLUS_CATEGORY_SOURCE,123,0.2662105682126743,pft_visits_m10,pft_total_minutes_m12
DIGITAL_PLUS_CATEGORY_SOURCE,124,0.2631050791954035,pft_visits_m12,pft_total_minutes_m11
DIGITAL_PLUS_CATEGORY_SOURCE,125,0.2594443612491615,resource_events_m09,n_resource_days_m12
DIGITAL_PLUS_CATEGORY_SOURCE,126,0.2592991162041223,pft_visits_m11,pft_total_minutes_m12
DIGITAL_PLUS_CATEGORY_SOURCE,127,0.25697678206497976,pft_days_logged_m11,pft_total_minutes_m12
DIGITAL_PLUS_CATEGORY_SOURCE,128,0.2569678873398553,pft_days_logged_m10,pft_total_minutes_m12
DIGITAL_PLUS_CATEGORY_SOURCE,129,0.2567071563123431,resource_events_m12,n_resource_days_m09
DIGITAL_PLUS_CATEGORY_SOURCE,130,0.25530562034004234,pft_days_logged_m12,pft_total_minutes_m10
DIGITAL_PLUS_CATEGORY_SOURCE,131,0.25374180857379525,pft_days_logged_m12,pft_total_minutes_m11
DIGITAL_PLUS_CATEGORY_SOURCE,132,0.2460978865022713,pft_days_logged_m09,pft_total_minutes_m10
DIGITAL_PLUS_CATEGORY_SOURCE,133,0.2449483720740764,pft_visits_m09,pft_total_minutes_m10
DIGITAL_PLUS_CATEGORY_SOURCE,134,0.2442770572348065,pft_visits_m11,pft_total_minutes_m09
DIGITAL_PLUS_CATEGORY_SOURCE,135,0.2425816226419606,pft_days_logged_m11,pft_total_minutes_m09
DIGITAL_PLUS_CATEGORY_SOURCE,136,0.2360734446220701,n_resource_days_m09,n_resource_days_m12
DIGITAL_PLUS_CATEGORY_SOURCE,137,0.22748964073022204,pft_days_logged_m10,resource_events_m11
DIGITAL_PLUS_CATEGORY_SOURCE,138,0.2268608199801357,pft_days_logged_m11,resource_events_m10
DIGITAL_PLUS_CATEGORY_SOURCE,139,0.2213926216525061,pft_days_logged_m09,pft_total_minutes_m11
DIGITAL_PLUS_CATEGORY_SOURCE,140,0.2212213274275409,pft_days_logged_m12,resource_events_m10
DIGITAL_PLUS_CATEGORY_SOURCE,141,0.21775005971633288,pft_visits_m11,resource_events_m10
DIGITAL_PLUS_CATEGORY_SOURCE,142,0.21728317561978366,pft_visits_m12,resource_events_m10
DIGITAL_PLUS_CATEGORY_SOURCE,143,0.21669930212325106,pft_visits_m10,resource_events_m09
DIGITAL_PLUS_CATEGORY_SOURCE,144,0.21579322849497995,pft_days_logged_m10,resource_events_m09
DIGITAL_PLUS_CATEGORY_SOURCE,145,0.21540831531686425,pft_days_logged_m12,resource_events_m11
DIGITAL_PLUS_CATEGORY_SOURCE,146,0.21520321325565028,pft_visits_m12,pft_total_minutes_m09
DIGITAL_PLUS_CATEGORY_SOURCE,147,0.21337847726172754,pft_visits_m11,n_resource_days_m10
DIGITAL_PLUS_CATEGORY_SOURCE,148,0.2133127011632201,pft_visits_m12,resource_events_m11
DIGITAL_PLUS_CATEGORY_SOURCE,149,0.21302410011372874,pft_visits_m12,n_resource_days_m10
DIGITAL_PLUS_CATEGORY_SOURCE,150,0.2127407333578235,pft_visits_m09,pft_total_minutes_m11
DIGITAL_PLUS_CATEGORY_SOURCE,151,0.21065167929222728,pft_days_logged_m12,pft_total_minutes_m09
DIGITAL_PLUS_CATEGORY_SOURCE,152,0.2086181541712904,pft_visits_m11,resource_events_m09
DIGITAL_PLUS_CATEGORY_SOURCE,153,0.2078663189338404,pft_visits_m10,resource_events_m11
DIGITAL_PLUS_CATEGORY_SOURCE,154,0.20722323307464485,pft_days_logged_m11,resource_events_m09
DIGITAL_PLUS_CATEGORY_SOURCE,155,0.20334518464064733,pft_days_logged_m12,n_resource_days_m10
DIGITAL_PLUS_CATEGORY_SOURCE,156,0.20322084116719896,pft_days_logged_m09,resource_events_m10
DIGITAL_PLUS_CATEGORY_SOURCE,157,0.20321523531703267,pft_days_logged_m11,resource_events_m12
DIGITAL_PLUS_CATEGORY_SOURCE,158,0.20111230370376187,pft_days_logged_m09,pft_total_minutes_m12
DIGITAL_PLUS_CATEGORY_SOURCE,159,0.20074496887167206,pft_visits_m09,pft_total_minutes_m12
DIGITAL_PLUS_CATEGORY_SOURCE,160,0.2006128756801715,pft_visits_m09,resource_events_m10
DIGITAL_PLUS_CATEGORY_SOURCE,161,0.2006055582329589,pft_days_logged_m10,resource_events_m12
DIGITAL_PLUS_CATEGORY_SOURCE,162,0.2001432068607052,pft_visits_m12,n_resource_days_m11
DIGITAL_PLUS_CATEGORY_SOURCE,163,0.19985299940429246,pft_visits_m11,resource_events_m12
DIGITAL_PLUS_CATEGORY_SOURCE,164,0.1991691777548894,pft_visits_m10,n_resource_days_m11
DIGITAL_PLUS_CATEGORY_SOURCE,165,0.1991233792602705,pft_visits_m10,resource_events_m12
DIGITAL_PLUS_CATEGORY_SOURCE,166,0.19780532238223447,pft_days_logged_m11,n_resource_days_m10
DIGITAL_PLUS_CATEGORY_SOURCE,167,0.19736504747933287,pft_days_logged_m10,n_resource_days_m11
DIGITAL_PLUS_CATEGORY_SOURCE,168,0.1971151615619897,pft_visits_m10,n_resource_days_m12
DIGITAL_PLUS_CATEGORY_SOURCE,169,0.19636833503459888,pft_visits_m12,resource_events_m09
DIGITAL_PLUS_CATEGORY_SOURCE,170,0.19483889673758448,pft_days_logged_m12,n_resource_days_m11
DIGITAL_PLUS_CATEGORY_SOURCE,171,0.19452338845854555,pft_visits_m09,n_resource_days_m10
DIGITAL_PLUS_CATEGORY_SOURCE,172,0.1927819754701794,pft_days_logged_m10,n_resource_days_m12
DIGITAL_PLUS_CATEGORY_SOURCE,173,0.19219893575378946,pft_visits_m11,n_resource_days_m12
DIGITAL_PLUS_CATEGORY_SOURCE,174,0.1881506520814797,pft_days_logged_m09,n_resource_days_m10
DIGITAL_PLUS_CATEGORY_SOURCE,175,0.18691849172946284,pft_days_logged_m12,resource_events_m09
DIGITAL_PLUS_CATEGORY_SOURCE,176,0.18555295924558912,pft_days_logged_m11,n_resource_days_m12
DIGITAL_PLUS_CATEGORY_SOURCE,177,0.18323492215568749,pft_days_logged_m10,n_resource_days_m09
DIGITAL_PLUS_CATEGORY_SOURCE,178,0.1827898277021456,pft_visits_m10,n_resource_days_m09
DIGITAL_PLUS_CATEGORY_SOURCE,179,0.18148358721920665,pft_days_logged_m09,resource_events_m11
DIGITAL_PLUS_CATEGORY_SOURCE,180,0.17789415333750558,pft_visits_m09,resource_events_m11
DIGITAL_PLUS_CATEGORY_SOURCE,181,0.17494390237771815,pft_visits_m09,n_resource_days_m11
DIGITAL_PLUS_CATEGORY_SOURCE,182,0.17101160248243552,pft_visits_m11,n_resource_days_m09
DIGITAL_PLUS_CATEGORY_SOURCE,183,0.16563956394010493,pft_days_logged_m11,n_resource_days_m09
DIGITAL_PLUS_CATEGORY_SOURCE,184,0.16253430829947568,pft_days_logged_m09,n_resource_days_m11
DIGITAL_PLUS_CATEGORY_SOURCE,185,0.16119130458134645,pft_visits_m12,n_resource_days_m09
DIGITAL_PLUS_CATEGORY_SOURCE,186,0.15944454579426282,pft_visits_m09,resource_events_m12
DIGITAL_PLUS_CATEGORY_SOURCE,187,0.15803212856124738,pft_days_logged_m09,resource_events_m12
DIGITAL_PLUS_CATEGORY_SOURCE,188,0.1514874431215958,pft_days_logged_m12,n_resource_days_m09
DIGITAL_PLUS_CATEGORY_SOURCE,189,0.15017779332621295,pft_visits_m09,n_resource_days_m12
DIGITAL_PLUS_CATEGORY_SOURCE,190,0.1467132668135056,pft_days_logged_m09,n_resource_days_m12
DIGITAL_PLUS_CATEGORY_SOURCE,191,0.07522423843185777,pft_assignment_submissions_m10,pft_total_minutes_m10
DIGITAL_PLUS_CATEGORY_SOURCE,192,0.07014151916755207,pft_assignment_submissions_m10,resource_events_m09
DIGITAL_PLUS_CATEGORY_SOURCE,193,0.06923622638378824,pft_visits_m10,pft_assignment_submissions_m10
DIGITAL_PLUS_CATEGORY_SOURCE,194,0.06890607540752125,pft_assignment_submissions_m10,resource_events_m10
DIGITAL_PLUS_CATEGORY_SOURCE,195,0.06873289435270014,pft_assignment_submissions_m10,pft_total_minutes_m11
DIGITAL_PLUS_CATEGORY_SOURCE,196,0.06848983714205215,pft_days_logged_m10,pft_assignment_submissions_m10
DIGITAL_PLUS_CATEGORY_SOURCE,197,0.06823665559818083,pft_assignment_submissions_m11,pft_total_minutes_m11
DIGITAL_PLUS_CATEGORY_SOURCE,198,0.06432272869749367,pft_assignment_submissions_m10,pft_total_minutes_m09
DIGITAL_PLUS_CATEGORY_SOURCE,199,0.06358769821594913,pft_assignment_submissions_m11,resource_events_m09
DIGITAL_PLUS_CATEGORY_SOURCE,200,0.06321687429134837,pft_visits_m10,pft_test_submissions_m10
DIGITAL_PLUS_CATEGORY_SOURCE,201,0.06279762567981262,pft_visits_m09,pft_assignment_submissions_m10
DIGITAL_PLUS_CATEGORY_SOURCE,202,0.06196729800322931,pft_assignment_submissions_m10,n_resource_days_m10
DIGITAL_PLUS_CATEGORY_SOURCE,203,0.06168461351892951,pft_days_logged_m10,pft_assignment_submissions_m11
DIGITAL_PLUS_CATEGORY_SOURCE,204,0.06150759853690601,pft_assignment_submissions_m11,resource_events_m11
DIGITAL_PLUS_CATEGORY_SOURCE,205,0.06088889546205056,pft_days_logged_m10,pft_test_submissions_m10
DIGITAL_PLUS_CATEGORY_SOURCE,206,0.060267509335699465,pft_assignment_submissions_m10,pft_total_minutes_m12
DIGITAL_PLUS_CATEGORY_SOURCE,207,0.06000008297104833,pft_days_logged_m11,pft_assignment_submissions_m10
DIGITAL_PLUS_CATEGORY_SOURCE,208,0.059377588040734786,pft_visits_m12,pft_assignment_submissions_m10
DIGITAL_PLUS_CATEGORY_SOURCE,209,0.058531304605228485,pft_days_logged_m11,pft_assignment_submissions_m11
DIGITAL_PLUS_CATEGORY_SOURCE,210,0.058227115717010676,pft_visits_m11,pft_assignment_submissions_m11
DIGITAL_PLUS_CATEGORY_SOURCE,211,0.057284892566704215,pft_assignment_submissions_m11,pft_total_minutes_m10
DIGITAL_PLUS_CATEGORY_SOURCE,212,0.05721837434366961,pft_visits_m09,pft_test_submissions_m10
DIGITAL_PLUS_CATEGORY_SOURCE,213,0.05704403798069624,pft_assignment_submissions_m11,pft_total_minutes_m12
DIGITAL_PLUS_CATEGORY_SOURCE,214,0.05638437990615941,pft_visits_m11,pft_assignment_submissions_m10
DIGITAL_PLUS_CATEGORY_SOURCE,215,0.055160013186990035,pft_days_logged_m11,pft_test_submissions_m11
DIGITAL_PLUS_CATEGORY_SOURCE,216,0.05502134830096938,pft_days_logged_m09,pft_test_submissions_m10
DIGITAL_PLUS_CATEGORY_SOURCE,217,0.05485763369909336,pft_days_logged_m12,pft_assignment_submissions_m10
DIGITAL_PLUS_CATEGORY_SOURCE,218,0.054669419581617085,pft_days_logged_m11,pft_test_submissions_m10
DIGITAL_PLUS_CATEGORY_SOURCE,219,0.05463474566355053,pft_visits_m10,pft_assignment_submissions_m11
DIGITAL_PLUS_CATEGORY_SOURCE,220,0.05458923450371955,pft_days_logged_m09,pft_assignment_submissions_m10
DIGITAL_PLUS_CATEGORY_SOURCE,221,0.05399944318721683,pft_assignment_submissions_m10,resource_events_m11
DIGITAL_PLUS_CATEGORY_SOURCE,222,0.05357006083880389,pft_visits_m09,pft_test_submissions_m11
DIGITAL_PLUS_CATEGORY_SOURCE,223,0.05338190977414259,pft_assignment_submissions_m11,pft_total_minutes_m09
DIGITAL_PLUS_CATEGORY_SOURCE,224,0.05245497524692056,pft_visits_m09,pft_assignment_submissions_m11
DIGITAL_PLUS_CATEGORY_SOURCE,225,0.05244557521332016,pft_assignment_submissions_m11,n_resource_days_m11
DIGITAL_PLUS_CATEGORY_SOURCE,226,0.052325490430180636,pft_test_submissions_m10,pft_total_minutes_m10
DIGITAL_PLUS_CATEGORY_SOURCE,227,0.05223526970853154,pft_visits_m10,pft_test_submissions_m11
DIGITAL_PLUS_CATEGORY_SOURCE,228,0.05210185851796467,pft_days_logged_m09,pft_test_submissions_m11
DIGITAL_PLUS_CATEGORY_SOURCE,229,0.05135703609711495,pft_assignment_submissions_m09,resource_events_m09
DIGITAL_PLUS_CATEGORY_SOURCE,230,0.051013248455475065,pft_days_logged_m12,pft_test_submissions_m10
DIGITAL_PLUS_CATEGORY_SOURCE,231,0.050937069748035135,pft_visits_m12,pft_test_submissions_m10
DIGITAL_PLUS_CATEGORY_SOURCE,232,0.04972311348205949,pft_test_submissions_m10,pft_test_submissions_m11
DIGITAL_PLUS_CATEGORY_SOURCE,233,0.04926953893189978,pft_days_logged_m10,pft_test_submissions_m11
DIGITAL_PLUS_CATEGORY_SOURCE,234,0.0492262005909847,pft_test_submissions_m11,resource_events_m09
DIGITAL_PLUS_CATEGORY_SOURCE,235,0.049139069257856605,pft_test_submissions_m09,resource_events_m09
DIGITAL_PLUS_CATEGORY_SOURCE,236,0.04907036436562784,pft_assignment_submissions_m11,resource_events_m10
DIGITAL_PLUS_CATEGORY_SOURCE,237,0.04881199916076895,pft_days_logged_m12,pft_assignment_submissions_m11
DIGITAL_PLUS_CATEGORY_SOURCE,238,0.04875645112830362,pft_visits_m12,pft_assignment_submissions_m11
DIGITAL_PLUS_CATEGORY_SOURCE,239,0.04856748979386971,pft_assignment_submissions_m11,n_resource_days_m10
DIGITAL_PLUS_CATEGORY_SOURCE,240,0.04835169905274528,pft_test_submissions_m11,pft_total_minutes_m11
DIGITAL_PLUS_CATEGORY_SOURCE,241,0.0481770121155094,pft_test_submissions_m12,pft_total_minutes_m12
DIGITAL_PLUS_CATEGORY_SOURCE,242,0.048082315620263216,pft_visits_m11,pft_test_submissions_m10
DIGITAL_PLUS_CATEGORY_SOURCE,243,0.04727185632765174,pft_test_submissions_m10,resource_events_m10
DIGITAL_PLUS_CATEGORY_SOURCE,244,0.04710035729744133,pft_test_submissions_m10,pft_total_minutes_m09
DIGITAL_PLUS_CATEGORY_SOURCE,245,0.04681634354346098,pft_visits_m11,pft_test_submissions_m11
DIGITAL_PLUS_CATEGORY_SOURCE,246,0.046224623401838194,pft_test_submissions_m11,pft_total_minutes_m10
DIGITAL_PLUS_CATEGORY_SOURCE,247,0.044871863065378825,pft_test_submissions_m12,resource_events_m09
DIGITAL_PLUS_CATEGORY_SOURCE,248,0.04480579468950552,pft_assignment_submissions_m10,pft_assignment_submissions_m11
DIGITAL_PLUS_CATEGORY_SOURCE,249,0.044647290314418164,pft_assignment_submissions_m12,resource_events_m09
DIGITAL_PLUS_CATEGORY_SOURCE,250,0.044247830315801366,pft_days_logged_m09,pft_assignment_submissions_m11
DIGITAL_PLUS_CATEGORY_SOURCE,251,0.043996112269993226,pft_test_submissions_m11,resource_events_m11
DIGITAL_PLUS_CATEGORY_SOURCE,252,0.04398925839811252,pft_assignment_submissions_m11,resource_events_m12
DIGITAL_PLUS_CATEGORY_SOURCE,253,0.04365363779039466,pft_assignment_submissions_m10,n_resource_days_m09
DIGITAL_PLUS_CATEGORY_SOURCE,254,0.04355734220216867,pft_test_submissions_m11,pft_total_minutes_m09
DIGITAL_PLUS_CATEGORY_SOURCE,255,0.04330536910030691,pft_visits_m12,pft_test_submissions_m12
DIGITAL_PLUS_CATEGORY_SOURCE,256,0.043021606906286536,pft_test_submissions_m10,resource_events_m09
DIGITAL_PLUS_CATEGORY_SOURCE,257,0.04279586195513385,pft_days_logged_m10,pft_test_submissions_m12
DIGITAL_PLUS_CATEGORY_SOURCE,258,0.04267835289183797,pft_assignment_submissions_m10,n_resource_days_m12
DIGITAL_PLUS_CATEGORY_SOURCE,259,0.04262916214293888,pft_visits_m09,pft_test_submissions_m12
DIGITAL_PLUS_CATEGORY_SOURCE,260,0.04243105116889634,pft_assignment_submissions_m10,resource_events_m12
DIGITAL_PLUS_CATEGORY_SOURCE,261,0.04231978220182686,pft_days_logged_m12,pft_assignment_submissions_m12
DIGITAL_PLUS_CATEGORY_SOURCE,262,0.04231193569585745,pft_visits_m10,pft_test_submissions_m12
DIGITAL_PLUS_CATEGORY_SOURCE,263,0.04219571454158277,pft_test_submissions_m09,pft_test_submissions_m10
DIGITAL_PLUS_CATEGORY_SOURCE,264,0.04219117358577496,pft_assignment_submissions_m11,n_resource_days_m09
DIGITAL_PLUS_CATEGORY_SOURCE,265,0.04217554703736148,pft_assignment_submissions_m12,pft_total_minutes_m12
DIGITAL_PLUS_CATEGORY_SOURCE,266,0.04207193667097586,pft_test_submissions_m10,pft_total_minutes_m12
DIGITAL_PLUS_CATEGORY_SOURCE,267,0.0420524087298988,pft_assignment_submissions_m10,n_resource_days_m11
DIGITAL_PLUS_CATEGORY_SOURCE,268,0.041953848799228144,pft_test_submissions_m12,pft_total_minutes_m09
DIGITAL_PLUS_CATEGORY_SOURCE,269,0.04169150749040185,pft_days_logged_m09,pft_test_submissions_m12
DIGITAL_PLUS_CATEGORY_SOURCE,270,0.04163849666590469,pft_test_submissions_m10,pft_test_submissions_m12
DIGITAL_PLUS_CATEGORY_SOURCE,271,0.041519270446786834,pft_test_submissions_m09,pft_total_minutes_m09
DIGITAL_PLUS_CATEGORY_SOURCE,272,0.04129709950499817,pft_days_logged_m12,pft_test_submissions_m11
DIGITAL_PLUS_CATEGORY_SOURCE,273,0.0411414230287166,pft_visits_m12,pft_test_submissions_m11
DIGITAL_PLUS_CATEGORY_SOURCE,274,0.04054329977581528,pft_visits_m09,pft_test_submissions_m09
DIGITAL_PLUS_CATEGORY_SOURCE,275,0.04051080296405018,pft_test_submissions_m12,pft_total_minutes_m10
DIGITAL_PLUS_CATEGORY_SOURCE,276,0.040014913926676776,pft_assignment_submissions_m10,pft_assignment_submissions_m12
DIGITAL_PLUS_CATEGORY_SOURCE,277,0.03998870333685112,pft_test_submissions_m12,resource_events_m11
DIGITAL_PLUS_CATEGORY_SOURCE,278,0.039976382179350615,pft_visits_m12,pft_assignment_submissions_m12
DIGITAL_PLUS_CATEGORY_SOURCE,279,0.03987644624725295,pft_assignment_submissions_m12,resource_events_m12
DIGITAL_PLUS_CATEGORY_SOURCE,280,0.039813476576461504,pft_assignment_submissions_m12,n_resource_days_m12
DIGITAL_PLUS_CATEGORY_SOURCE,281,0.03931434543297208,pft_test_submissions_m11,pft_test_submissions_m12
DIGITAL_PLUS_CATEGORY_SOURCE,282,0.03899430855359265,pft_test_submissions_m12,pft_total_minutes_m11
DIGITAL_PLUS_CATEGORY_SOURCE,283,0.03880806643151402,pft_test_submissions_m11,resource_events_m10
DIGITAL_PLUS_CATEGORY_SOURCE,284,0.03863443178955439,pft_days_logged_m12,pft_test_submissions_m12
DIGITAL_PLUS_CATEGORY_SOURCE,285,0.038414822960342036,pft_test_submissions_m09,resource_events_m11
DIGITAL_PLUS_CATEGORY_SOURCE,286,0.03771981920610301,pft_days_logged_m11,pft_test_submissions_m12
DIGITAL_PLUS_CATEGORY_SOURCE,287,0.037719478347969286,pft_days_logged_m10,pft_assignment_submissions_m12
DIGITAL_PLUS_CATEGORY_SOURCE,288,0.03743753279443585,pft_assignment_submissions_m12,pft_total_minutes_m11
DIGITAL_PLUS_CATEGORY_SOURCE,289,0.03738959950974685,pft_test_submissions_m12,n_resource_days_m12
DIGITAL_PLUS_CATEGORY_SOURCE,290,0.03718165916888516,pft_test_submissions_m10,pft_total_minutes_m11
DIGITAL_PLUS_CATEGORY_SOURCE,291,0.03695179442465514,pft_days_logged_m11,pft_assignment_submissions_m12
DIGITAL_PLUS_CATEGORY_SOURCE,292,0.036360004096271485,pft_test_submissions_m11,pft_total_minutes_m12
DIGITAL_PLUS_CATEGORY_SOURCE,293,0.03588050258728126,pft_assignment_submissions_m09,pft_total_minutes_m09
DIGITAL_PLUS_CATEGORY_SOURCE,294,0.035507478616275456,pft_test_submissions_m12,resource_events_m10
DIGITAL_PLUS_CATEGORY_SOURCE,295,0.035360820725951925,pft_test_submissions_m10,resource_events_m12
DIGITAL_PLUS_CATEGORY_SOURCE,296,0.034849265354171884,pft_test_submissions_m09,pft_total_minutes_m10
DIGITAL_PLUS_CATEGORY_SOURCE,297,0.034674444921254384,pft_days_logged_m09,pft_assignment_submissions_m12
DIGITAL_PLUS_CATEGORY_SOURCE,298,0.03463104710085752,pft_assignment_submissions_m12,resource_events_m11
DIGITAL_PLUS_CATEGORY_SOURCE,299,0.03446384970004157,pft_test_submissions_m10,resource_events_m11
DIGITAL_PLUS_CATEGORY_SOURCE,300,0.0344611753626447,pft_test_submissions_m10,n_resource_days_m12
DIGITAL_PLUS_CATEGORY_SOURCE,301,0.03434598922617926,pft_test_submissions_m12,n_resource_days_m10
DIGITAL_PLUS_CATEGORY_SOURCE,302,0.03389506836502587,pft_assignment_submissions_m11,n_resource_days_m12
DIGITAL_PLUS_CATEGORY_SOURCE,303,0.03385908097286183,pft_test_submissions_m11,n_resource_days_m11
DIGITAL_PLUS_CATEGORY_SOURCE,304,0.03378881816241197,pft_visits_m09,pft_assignment_submissions_m12
DIGITAL_PLUS_CATEGORY_SOURCE,305,0.03356154167239733,pft_assignment_submissions_m12,pft_total_minutes_m09
DIGITAL_PLUS_CATEGORY_SOURCE,306,0.033447019323405325,pft_assignment_submissions_m12,pft_total_minutes_m10
DIGITAL_PLUS_CATEGORY_SOURCE,307,0.03341948264066818,pft_days_logged_m09,pft_test_submissions_m09
DIGITAL_PLUS_CATEGORY_SOURCE,308,0.03317571890894033,pft_test_submissions_m12,resource_events_m12
DIGITAL_PLUS_CATEGORY_SOURCE,309,0.03289992985646961,pft_test_submissions_m11,resource_events_m12
DIGITAL_PLUS_CATEGORY_SOURCE,310,0.03279038317015015,pft_test_submissions_m09,pft_test_submissions_m11
DIGITAL_PLUS_CATEGORY_SOURCE,311,0.03266105580803469,pft_visits_m09,pft_assignment_submissions_m09
DIGITAL_PLUS_CATEGORY_SOURCE,312,0.032550036125496014,pft_visits_m10,pft_assignment_submissions_m12
DIGITAL_PLUS_CATEGORY_SOURCE,313,0.03233109466266182,pft_test_submissions_m10,n_resource_days_m10
DIGITAL_PLUS_CATEGORY_SOURCE,314,0.03225025804410553,pft_test_submissions_m11,n_resource_days_m10
DIGITAL_PLUS_CATEGORY_SOURCE,315,0.03212385302775456,pft_test_submissions_m11,n_resource_days_m12
DIGITAL_PLUS_CATEGORY_SOURCE,316,0.03175029079165004,pft_test_submissions_m10,n_resource_days_m11
DIGITAL_PLUS_CATEGORY_SOURCE,317,0.03172185504728908,pft_test_submissions_m11,n_resource_days_m09
DIGITAL_PLUS_CATEGORY_SOURCE,318,0.031371538099745244,pft_assignment_submissions_m09,resource_events_m11
DIGITAL_PLUS_CATEGORY_SOURCE,319,0.029488033209474906,pft_days_logged_m09,pft_assignment_submissions_m09
DIGITAL_PLUS_CATEGORY_SOURCE,320,0.029390567209190088,pft_test_submissions_m09,resource_events_m10
DIGITAL_PLUS_CATEGORY_SOURCE,321,0.029384153899837177,pft_assignment_submissions_m12,n_resource_days_m10
DIGITAL_PLUS_CATEGORY_SOURCE,322,0.029332745704521383,pft_days_logged_m11,pft_test_submissions_m09
DIGITAL_PLUS_CATEGORY_SOURCE,323,0.028969365878846364,pft_test_submissions_m09,pft_total_minutes_m11
DIGITAL_PLUS_CATEGORY_SOURCE,324,0.02893928815380065,pft_days_logged_m10,pft_test_submissions_m09
DIGITAL_PLUS_CATEGORY_SOURCE,325,0.028532598921600094,pft_assignment_submissions_m09,pft_total_minutes_m10
DIGITAL_PLUS_CATEGORY_SOURCE,326,0.028520793637276217,pft_assignment_submissions_m12,resource_events_m10
DIGITAL_PLUS_CATEGORY_SOURCE,327,0.028452384524259244,pft_test_submissions_m09,n_resource_days_m09
DIGITAL_PLUS_CATEGORY_SOURCE,328,0.02838550237287852,pft_test_submissions_m12,n_resource_days_m09
DIGITAL_PLUS_CATEGORY_SOURCE,329,0.027804292825227783,pft_assignment_submissions_m11,pft_assignment_submissions_m12
DIGITAL_PLUS_CATEGORY_SOURCE,330,0.027662751043290527,pft_test_submissions_m09,pft_total_minutes_m12
DIGITAL_PLUS_CATEGORY_SOURCE,331,0.02735379587036757,pft_visits_m11,pft_test_submissions_m12
DIGITAL_PLUS_CATEGORY_SOURCE,332,0.02690775445791793,pft_visits_m11,pft_assignment_submissions_m12
DIGITAL_PLUS_CATEGORY_SOURCE,333,0.026473200532237232,pft_test_submissions_m10,n_resource_days_m09
DIGITAL_PLUS_CATEGORY_SOURCE,334,0.02632621696051629,pft_test_submissions_m12,n_resource_days_m11
DIGITAL_PLUS_CATEGORY_SOURCE,335,0.02526911166814028,pft_test_submissions_m09,n_resource_days_m11
DIGITAL_PLUS_CATEGORY_SOURCE,336,0.024998169944684186,pft_assignment_submissions_m09,pft_assignment_submissions_m10
DIGITAL_PLUS_CATEGORY_SOURCE,337,0.024179418726371082,pft_test_submissions_m09,n_resource_days_m10
DIGITAL_PLUS_CATEGORY_SOURCE,338,0.02392093129214956,pft_assignment_submissions_m12,n_resource_days_m11
DIGITAL_PLUS_CATEGORY_SOURCE,339,0.023499170508938683,pft_test_submissions_m09,resource_events_m12
DIGITAL_PLUS_CATEGORY_SOURCE,340,0.023269074868421225,pft_assignment_submissions_m09,pft_total_minutes_m11
DIGITAL_PLUS_CATEGORY_SOURCE,341,0.02302543103025468,pft_test_submissions_m09,pft_test_submissions_m12
DIGITAL_PLUS_CATEGORY_SOURCE,342,0.02117698811098024,pft_test_submissions_m09,n_resource_days_m12
DIGITAL_PLUS_CATEGORY_SOURCE,343,0.02090710253201955,pft_assignment_submissions_m09,n_resource_days_m09
DIGITAL_PLUS_CATEGORY_SOURCE,344,0.020590970636933825,pft_days_logged_m10,pft_assignment_submissions_m09
DIGITAL_PLUS_CATEGORY_SOURCE,345,0.0205033574011404,pft_days_logged_m12,pft_test_submissions_m09
DIGITAL_PLUS_CATEGORY_SOURCE,346,0.020418289911344967,pft_assignment_submissions_m09,n_resource_days_m10
DIGITAL_PLUS_CATEGORY_SOURCE,347,0.020060283629604214,pft_assignment_submissions_m12,n_resource_days_m09
DIGITAL_PLUS_CATEGORY_SOURCE,348,0.019971775821448826,pft_days_logged_m11,pft_assignment_submissions_m09
DIGITAL_PLUS_CATEGORY_SOURCE,349,0.019861879690016068,pft_assignment_submissions_m09,pft_total_minutes_m12
DIGITAL_PLUS_CATEGORY_SOURCE,350,0.019811926924046645,pft_visits_m10,pft_test_submissions_m09
DIGITAL_PLUS_CATEGORY_SOURCE,351,0.01921116967610104,pft_assignment_submissions_m09,resource_events_m10
DIGITAL_PLUS_CATEGORY_SOURCE,352,0.01884177801566711,pft_visits_m12,pft_test_submissions_m09
DIGITAL_PLUS_CATEGORY_SOURCE,353,0.01838556591486107,pft_assignment_submissions_m09,n_resource_days_m11
DIGITAL_PLUS_CATEGORY_SOURCE,354,0.015272620791394688,pft_assignment_submissions_m09,pft_assignment_submissions_m11
DIGITAL_PLUS_CATEGORY_SOURCE,355,0.014805708504623816,pft_assignment_submissions_m09,n_resource_days_m12
DIGITAL_PLUS_CATEGORY_SOURCE,356,0.01422889897195301,pft_visits_m11,pft_test_submissions_m09
DIGITAL_PLUS_CATEGORY_SOURCE,357,0.014131986570452781,pft_assignment_submissions_m09,resource_events_m12
DIGITAL_PLUS_CATEGORY_SOURCE,358,0.01386400602241089,pft_visits_m10,pft_assignment_submissions_m09
DIGITAL_PLUS_CATEGORY_SOURCE,359,0.013719256907855916,pft_assignment_submissions_m11,pft_test_submissions_m11
DIGITAL_PLUS_CATEGORY_SOURCE,360,0.01362164704537161,dedicacion,pft_visits_m09
DIGITAL_PLUS_CATEGORY_SOURCE,361,0.013254381869450604,pft_assignment_submissions_m09,pft_assignment_submissions_m12
DIGITAL_PLUS_CATEGORY_SOURCE,362,0.013034118291405328,pft_assignment_submissions_m10,pft_test_submissions_m09
DIGITAL_PLUS_CATEGORY_SOURCE,363,0.012118443255459964,pft_assignment_submissions_m10,pft_test_submissions_m10
DIGITAL_PLUS_CATEGORY_SOURCE,364,0.011721373746910402,pft_assignment_submissions_m10,pft_test_submissions_m11
DIGITAL_PLUS_CATEGORY_SOURCE,365,0.011657888406769956,pft_assignment_submissions_m11,pft_test_submissions_m09
DIGITAL_PLUS_CATEGORY_SOURCE,366,0.011083708188973418,pft_days_logged_m12,pft_assignment_submissions_m09
DIGITAL_PLUS_CATEGORY_SOURCE,367,0.01097082454136089,pft_assignment_submissions_m12,pft_test_submissions_m10
DIGITAL_PLUS_CATEGORY_SOURCE,368,0.009707678649022,pft_visits_m12,pft_assignment_submissions_m09
DIGITAL_PLUS_CATEGORY_SOURCE,369,0.008412845293130466,pft_assignment_submissions_m10,pft_test_submissions_m12
DIGITAL_PLUS_CATEGORY_SOURCE,370,0.00813186096346552,dedicacion,resource_events_m09
DIGITAL_PLUS_CATEGORY_SOURCE,371,0.007772653677647234,pft_assignment_submissions_m11,pft_test_submissions_m10
DIGITAL_PLUS_CATEGORY_SOURCE,372,0.0076436160148070096,pft_assignment_submissions_m11,pft_test_submissions_m12
DIGITAL_PLUS_CATEGORY_SOURCE,373,0.006765587770930281,pft_assignment_submissions_m09,pft_test_submissions_m10
DIGITAL_PLUS_CATEGORY_SOURCE,374,0.005987660839225306,dedicacion,pft_days_logged_m10
DIGITAL_PLUS_CATEGORY_SOURCE,375,0.0059454682168462725,pft_assignment_submissions_m09,pft_test_submissions_m12
DIGITAL_PLUS_CATEGORY_SOURCE,376,0.005136321099701746,pft_visits_m11,pft_assignment_submissions_m09
DIGITAL_PLUS_CATEGORY_SOURCE,377,0.005079820718449035,pft_assignment_submissions_m09,pft_test_submissions_m11
DIGITAL_PLUS_CATEGORY_SOURCE,378,0.005064489835240771,dedicacion,pft_assignment_submissions_m10
DIGITAL_PLUS_CATEGORY_SOURCE,379,0.004779338063852556,dedicacion,pft_test_submissions_m09
DIGITAL_PLUS_CATEGORY_SOURCE,380,0.004681104270591875,pft_assignment_submissions_m12,pft_test_submissions_m11
DIGITAL_PLUS_CATEGORY_SOURCE,381,0.004525853807175295,dedicacion,resource_events_m12
DIGITAL_PLUS_CATEGORY_SOURCE,382,0.003913950783750675,dedicacion,pft_total_minutes_m09
DIGITAL_PLUS_CATEGORY_SOURCE,383,0.0036652426308236854,dedicacion,pft_days_logged_m11
DIGITAL_PLUS_CATEGORY_SOURCE,384,0.0033096520320112788,dedicacion,n_resource_days_m12
DIGITAL_PLUS_CATEGORY_SOURCE,385,0.0029280962904518763,dedicacion,pft_assignment_submissions_m09
DIGITAL_PLUS_CATEGORY_SOURCE,386,0.0023469244579725768,dedicacion,n_resource_days_m11
DIGITAL_PLUS_CATEGORY_SOURCE,387,0.0020717805854806315,dedicacion,pft_days_logged_m09
DIGITAL_PLUS_CATEGORY_SOURCE,388,0.0020541434015020066,dedicacion,pft_total_minutes_m12
DIGITAL_PLUS_CATEGORY_SOURCE,389,0.0019918062452992658,dedicacion,resource_events_m10
DIGITAL_PLUS_CATEGORY_SOURCE,390,0.0019375918894022348,pft_assignment_submissions_m12,pft_test_submissions_m09
DIGITAL_PLUS_CATEGORY_SOURCE,391,0.0016961830136668075,dedicacion,pft_total_minutes_m10
DIGITAL_PLUS_CATEGORY_SOURCE,392,0.0005412685955752393,dedicacion,pft_visits_m10
DIGITAL_PLUS_CATEGORY_SOURCE,393,0.0005392296059785195,dedicacion,pft_test_submissions_m12
DIGITAL_PLUS_CATEGORY_SOURCE,394,0.0,dedicacion,n_resource_days_m09
DIGITAL_PLUS_CATEGORY_SOURCE,395,0.0,dedicacion,n_resource_days_m10
DIGITAL_PLUS_CATEGORY_SOURCE,396,0.0,dedicacion,pft_assignment_submissions_m11
DIGITAL_PLUS_CATEGORY_SOURCE,397,0.0,dedicacion,pft_assignment_submissions_m12
DIGITAL_PLUS_CATEGORY_SOURCE,398,0.0,dedicacion,pft_days_logged_m12
DIGITAL_PLUS_CATEGORY_SOURCE,399,0.0,dedicacion,pft_test_submissions_m10
DIGITAL_PLUS_CATEGORY_SOURCE,400,0.0,dedicacion,pft_test_submissions_m11
DIGITAL_PLUS_CATEGORY_SOURCE,401,0.0,dedicacion,pft_total_minutes_m11
DIGITAL_PLUS_CATEGORY_SOURCE,402,0.0,dedicacion,pft_visits_m11
DIGITAL_PLUS_CATEGORY_SOURCE,403,0.0,dedicacion,pft_visits_m12
DIGITAL_PLUS_CATEGORY_SOURCE,404,0.0,dedicacion,resource_events_m11
DIGITAL_PLUS_CATEGORY_SOURCE,405,0.0,pft_assignment_submissions_m09,pft_test_submissions_m09
DIGITAL_PLUS_CATEGORY_SOURCE,406,0.0,pft_assignment_submissions_m12,pft_test_submissions_m12
ALL_FEATURES_81,1,4.8448907965223915,nota10_hash,nota14_hash
ALL_FEATURES_81,2,2.1723111232156085,nota14_hash,campus_hash
ALL_FEATURES_81,3,2.1693849178427778,nota10_hash,campus_hash
ALL_FEATURES_81,4,1.923422603625556,nota10_hash,asig1
ALL_FEATURES_81,5,1.9088156613335217,nota14_hash,asig1
ALL_FEATURES_81,6,1.7869472787273593,nota10_hash,cred_mat_sem_b
ALL_FEATURES_81,7,1.7806713768754965,anyo_ingreso,nota10_hash
ALL_FEATURES_81,8,1.7788000785518667,nota10_hash,cred_mat_normal
ALL_FEATURES_81,9,1.7734724499181718,nota14_hash,cred_mat_sem_b
ALL_FEATURES_81,10,1.7699723813242354,anyo_ingreso,nota14_hash
ALL_FEATURES_81,11,1.7441581993577149,nota14_hash,cred_mat_normal
ALL_FEATURES_81,12,1.7362118040425711,nota10_hash,cred_mat_sem_a
ALL_FEATURES_81,13,1.7207862803932823,nota14_hash,cred_mat_sem_a
ALL_FEATURES_81,14,1.649374689387597,cred_mat_normal,cred_mat_total
ALL_FEATURES_81,15,1.5717028772220258,nota14_hash,anyo_inicio_estudios
ALL_FEATURES_81,16,1.5595749148351177,nota10_hash,anyo_inicio_estudios
ALL_FEATURES_81,17,1.5511114659093683,anyo_ingreso,anyo_inicio_estudios
ALL_FEATURES_81,18,1.4690784627454372,cred_mat_normal,asig1
ALL_FEATURES_81,19,1.4611103840750417,nota10_hash,cred_mat_total
ALL_FEATURES_81,20,1.4300822065406118,nota14_hash,cred_mat_total
ALL_FEATURES_81,21,1.3816824013984528,nota10_hash,cred_sup_3o
ALL_FEATURES_81,22,1.3467520520840628,nota14_hash,cred_sup_3o
ALL_FEATURES_81,23,1.287319384637316,nota10_hash,rend_total_ultimo
ALL_FEATURES_81,24,1.2794102392109767,nota10_hash,cred_mat3
ALL_FEATURES_81,25,1.2757994661397385,nota14_hash,rend_total_ultimo
ALL_FEATURES_81,26,1.2503928312340389,nota14_hash,n_wifi_days_m11
ALL_FEATURES_81,27,1.2469637504749995,nota14_hash,cred_mat3
ALL_FEATURES_81,28,1.246684517604975,nota10_hash,n_wifi_days_m11
ALL_FEATURES_81,29,1.2247225740687029,nota10_hash,n_wifi_days_m10
ALL_FEATURES_81,30,1.2171617442763676,nota14_hash,n_wifi_days_m10
ALL_FEATURES_81,31,1.211003928510748,cred_mat_total,asig1
ALL_FEATURES_81,32,1.1944340050866682,nota10_hash,n_wifi_days_m09
ALL_FEATURES_81,33,1.1926513909264562,nota14_hash,n_wifi_days_m09
ALL_FEATURES_81,34,1.1574001900615674,nota10_hash,cred_sup_2o
ALL_FEATURES_81,35,1.1314280534364942,cred_mat_sem_a,cred_mat_sem_b
ALL_FEATURES_81,36,1.1279844898424098,nota10_hash,n_wifi_days_m12
ALL_FEATURES_81,37,1.1210762903593947,nota14_hash,n_wifi_days_m12
ALL_FEATURES_81,38,1.116437263901691,nota14_hash,cred_sup_2o
ALL_FEATURES_81,39,1.101772061927944,nota10_hash,cred_sup_4o
ALL_FEATURES_81,40,1.070453762796106,nota10_hash,cred_mat2
ALL_FEATURES_81,41,1.0485164678864995,nota14_hash,cred_mat2
ALL_FEATURES_81,42,1.0483624002953844,nota14_hash,cred_sup_4o
ALL_FEATURES_81,43,1.0361486406229998,nota10_hash,cred_mat4
ALL_FEATURES_81,44,1.0138987729320403,nota10_hash,cred_mat_anu
ALL_FEATURES_81,45,1.012896757085695,nota14_hash,cred_mat4
ALL_FEATURES_81,46,1.0011650648089985,nota14_hash,cred_mat_anu
ALL_FEATURES_81,47,0.9319442994374968,pft_events_m09,pft_total_minutes_m09
ALL_FEATURES_81,48,0.9279153320957692,pft_events_m10,pft_total_minutes_m10
ALL_FEATURES_81,49,0.9233595922995734,cred_mat4,cred_sup_4o
ALL_FEATURES_81,50,0.9003462187789459,pft_events_m11,pft_total_minutes_m11
ALL_FEATURES_81,51,0.8978212834709969,tipo_ingreso,nota10_hash
ALL_FEATURES_81,52,0.8752897618879734,tipo_ingreso,nota14_hash
ALL_FEATURES_81,53,0.8656766269563931,nota10_hash,curso_mas_alto
ALL_FEATURES_81,54,0.8631811660473385,cred_mat3,cred_sup_3o
ALL_FEATURES_81,55,0.8552316952455001,nota10_hash,cred_mat1
ALL_FEATURES_81,56,0.8423600042206116,nota10_hash,estudios_p_hash
ALL_FEATURES_81,57,0.8415464285301129,nota14_hash,estudios_p_hash
ALL_FEATURES_81,58,0.8413414203378897,cred_mat_normal,rend_total_ultimo
ALL_FEATURES_81,59,0.8399570005543966,nota14_hash,curso_mas_alto
ALL_FEATURES_81,60,0.8396374828273618,pft_events_m12,pft_total_minutes_m12
ALL_FEATURES_81,61,0.8368301423626141,campus_hash,cred_mat_sem_a
ALL_FEATURES_81,62,0.8343129253299564,nota10_hash,rend_total_penultimo
ALL_FEATURES_81,63,0.8309767738529654,cred_mat1,cred_sup_2o
ALL_FEATURES_81,64,0.8303853133663459,nota14_hash,cred_mat1
ALL_FEATURES_81,65,0.8130983671472389,pft_days_logged_m09,pft_visits_m09
ALL_FEATURES_81,66,0.8100159281837112,pft_events_m10,resource_events_m10
ALL_FEATURES_81,67,0.8074221739859304,nota14_hash,rend_total_penultimo
ALL_FEATURES_81,68,0.8071994952071684,pft_days_logged_m10,pft_visits_m10
ALL_FEATURES_81,69,0.8000573912546649,asig1,rend_total_ultimo
ALL_FEATURES_81,70,0.8000175637541762,cred_mat_sem_b,cred_mat_total
ALL_FEATURES_81,71,0.7945416317092979,campus_hash,cred_mat_sem_b
ALL_FEATURES_81,72,0.7922516234833052,nota10_hash,curso_mas_bajo
ALL_FEATURES_81,73,0.7828884885967557,cred_mat_normal,cred_mat_sem_b
ALL_FEATURES_81,74,0.7822696735697106,pft_events_m11,resource_events_m11
ALL_FEATURES_81,75,0.7817408536471229,nota14_hash,curso_mas_bajo
ALL_FEATURES_81,76,0.7729965451831804,pft_days_logged_m11,pft_visits_m11
ALL_FEATURES_81,77,0.7724648385749981,cred_sup_1o,asig1
ALL_FEATURES_81,78,0.7689686693154778,nota14_hash,preferencia_seleccion
ALL_FEATURES_81,79,0.7665776771155661,cred_mat_total,rend_total_ultimo
ALL_FEATURES_81,80,0.7634234319692617,nota10_hash,estudios_m_hash
ALL_FEATURES_81,81,0.7616517510417378,nota14_hash,estudios_m_hash
ALL_FEATURES_81,82,0.7613510576536813,nota10_hash,preferencia_seleccion
ALL_FEATURES_81,83,0.7596127266977293,cred_mat_sem_a,cred_mat_total
ALL_FEATURES_81,84,0.7507706283889659,cred_mat_normal,cred_mat_sem_a
ALL_FEATURES_81,85,0.7411429259842892,cred_mat_sem_b,asig1
ALL_FEATURES_81,86,0.740109143203993,nota14_hash,cred_sup_1o
ALL_FEATURES_81,87,0.7326549457725121,n_wifi_days_m10,n_wifi_days_m11
ALL_FEATURES_81,88,0.7247652875465702,nota10_hash,cred_sup_1o
ALL_FEATURES_81,89,0.7201844322042161,pft_days_logged_m12,pft_visits_m12
ALL_FEATURES_81,90,0.7191572696403421,cred_mat_sem_a,cred_mat_anu
ALL_FEATURES_81,91,0.7158801374656196,pft_events_m12,resource_events_m12
ALL_FEATURES_81,92,0.7134351383350994,pft_events_m09,resource_events_m09
ALL_FEATURES_81,93,0.7109628689029783,pft_visits_m10,pft_total_minutes_m10
ALL_FEATURES_81,94,0.7096291571708306,cred_mat1,cred_mat_total
ALL_FEATURES_81,95,0.7065988616545491,rend_total_ultimo,rend_total_penultimo
ALL_FEATURES_81,96,0.7051611365101644,cred_mat_sem_b,cred_mat_anu
ALL_FEATURES_81,97,0.7037825337880692,curso_mas_alto,cred_sup_2o
ALL_FEATURES_81,98,0.6994291632930123,resource_events_m10,n_resource_days_m10
ALL_FEATURES_81,99,0.6936211225765172,nota14_hash,practicas
ALL_FEATURES_81,100,0.6850553403483928,pft_visits_m09,pft_total_minutes_m09
ALL_FEATURES_81,101,0.6826993108757282,curso_mas_alto,cred_sup_3o
ALL_FEATURES_81,102,0.6826068351205112,curso_mas_bajo,curso_mas_alto
ALL_FEATURES_81,103,0.6822812282769855,pft_total_minutes_m10,n_resource_days_m10
ALL_FEATURES_81,104,0.6790362201738889,nota10_hash,practicas
ALL_FEATURES_81,105,0.6784130391371983,resource_events_m11,n_resource_days_m11
ALL_FEATURES_81,106,0.6769188446039465,cred_mat2,cred_sup_2o
ALL_FEATURES_81,107,0.6695425280546363,campus_hash,cred_mat_anu
ALL_FEATURES_81,108,0.6689432439681715,cred_sup_3o,cred_sup_4o
ALL_FEATURES_81,109,0.6685855040839801,pft_visits_m11,pft_total_minutes_m11
ALL_FEATURES_81,110,0.6678922412643278,pft_total_minutes_m10,resource_events_m10
ALL_FEATURES_81,111,0.6543482394430535,cred_mat_sem_a,asig1
ALL_FEATURES_81,112,0.653279353879328,cred_mat3,cred_mat_normal
ALL_FEATURES_81,113,0.6521813705658834,cred_mat3,rend_total_ultimo
ALL_FEATURES_81,114,0.6407674676237098,resource_events_m12,n_resource_days_m12
ALL_FEATURES_81,115,0.6400266200745364,pft_total_minutes_m11,resource_events_m11
ALL_FEATURES_81,116,0.6397609789207497,pft_total_minutes_m11,n_resource_days_m11
ALL_FEATURES_81,117,0.6397102462381064,pft_events_m10,n_resource_days_m10
ALL_FEATURES_81,118,0.6371903554722795,resource_events_m09,n_resource_days_m09
ALL_FEATURES_81,119,0.6369031939323273,cred_mat_sem_a,rend_total_ultimo
ALL_FEATURES_81,120,0.6349962709700288,pft_visits_m12,pft_total_minutes_m12
ALL_FEATURES_81,121,0.6332844918391318,cred_sup_2o,cred_sup_3o
ALL_FEATURES_81,122,0.6331706808272504,campus_hash,asig1
ALL_FEATURES_81,123,0.6284349635155815,n_wifi_days_m11,n_wifi_days_m12
ALL_FEATURES_81,124,0.6254028814194292,pft_days_logged_m09,pft_total_minutes_m09
ALL_FEATURES_81,125,0.6247158945161839,curso_mas_bajo,cred_mat1
ALL_FEATURES_81,126,0.6219529211824177,campus_hash,cred_mat_normal
ALL_FEATURES_81,127,0.6213956270434369,cred_mat4,cred_mat_total
ALL_FEATURES_81,128,0.6195303434985124,cred_sup_2o,asig1
ALL_FEATURES_81,129,0.6189106946565888,nota14_hash,actividades
ALL_FEATURES_81,130,0.6163504101864055,cred_mat3,asig1
ALL_FEATURES_81,131,0.6159837372774284,pft_days_logged_m10,pft_total_minutes_m10
ALL_FEATURES_81,132,0.6119798629735964,nota10_hash,actividades
ALL_FEATURES_81,133,0.6098556895001357,pft_events_m11,n_resource_days_m11
ALL_FEATURES_81,134,0.6097009827397208,cred_mat_normal,cred_sup_3o
ALL_FEATURES_81,135,0.6079470760226098,curso_mas_alto,cred_mat1
ALL_FEATURES_81,136,0.6028493631871359,cred_mat2,cred_mat_normal
ALL_FEATURES_81,137,0.6005659657809089,pft_total_minutes_m12,n_resource_days_m12
ALL_FEATURES_81,138,0.5979893749441674,curso_mas_bajo,cred_sup_3o
ALL_FEATURES_81,139,0.5976842843587145,cred_mat3,cred_mat_total
ALL_FEATURES_81,140,0.5926320019886786,n_wifi_days_m09,n_wifi_days_m10
ALL_FEATURES_81,141,0.5917096938768621,cred_mat1,cred_mat_normal
ALL_FEATURES_81,142,0.5879840028155208,pft_days_logged_m11,pft_total_minutes_m11
ALL_FEATURES_81,143,0.5858839378942893,pft_total_minutes_m12,resource_events_m12
ALL_FEATURES_81,144,0.5858375509044561,n_wifi_days_m10,n_wifi_days_m12
ALL_FEATURES_81,145,0.5848180516508901,cred_mat_sem_b,rend_total_ultimo
ALL_FEATURES_81,146,0.5805774112328361,cred_mat4,cred_sup_3o
ALL_FEATURES_81,147,0.5783020434824531,cred_mat_normal,cred_sup_2o
ALL_FEATURES_81,148,0.5782633331508302,cred_sup_3o,asig1
ALL_FEATURES_81,149,0.5756116387628891,cred_mat2,rend_total_ultimo
ALL_FEATURES_81,150,0.5747580927948759,pft_total_minutes_m09,resource_events_m09
ALL_FEATURES_81,151,0.5746379811238871,pft_total_minutes_m09,n_resource_days_m09
ALL_FEATURES_81,152,0.5735044573112527,curso_mas_alto,cred_sup_4o
ALL_FEATURES_81,153,0.5729488144954216,n_wifi_days_m09,n_wifi_days_m11
ALL_FEATURES_81,154,0.5704594002373291,cred_mat1,cred_sup_1o
ALL_FEATURES_81,155,0.5694576455768781,curso_mas_alto,cred_mat4
ALL_FEATURES_81,156,0.5686502087315088,cred_mat2,cred_mat_total
ALL_FEATURES_81,157,0.56022368085506,pft_events_m09,pft_visits_m09
ALL_FEATURES_81,158,0.5585126495170964,cred_mat4,cred_mat_normal
ALL_FEATURES_81,159,0.5576043802412567,pft_events_m10,pft_visits_m10
ALL_FEATURES_81,160,0.5570966424033221,cred_sup_3o,rend_total_ultimo
ALL_FEATURES_81,161,0.5569594452848863,pft_days_logged_m12,pft_total_minutes_m12
ALL_FEATURES_81,162,0.5535884488684415,campus_hash,cred_mat_total
ALL_FEATURES_81,163,0.5516655321993458,pft_events_m09,n_resource_days_m09
ALL_FEATURES_81,164,0.5514574379136414,pft_events_m12,n_resource_days_m12
ALL_FEATURES_81,165,0.5507604596428033,curso_mas_bajo,cred_sup_2o
ALL_FEATURES_81,166,0.5495490742335316,cred_mat1,asig1
ALL_FEATURES_81,167,0.5436933552804684,cred_mat_normal,rend_total_penultimo
ALL_FEATURES_81,168,0.5386540433088651,curso_mas_alto,cred_mat3
ALL_FEATURES_81,169,0.5365761720175044,cred_mat_total,cred_sup_3o
ALL_FEATURES_81,170,0.5331645502050022,cred_sup_4o,asig1
ALL_FEATURES_81,171,0.5307986215981977,cred_mat_practicas,pract1
ALL_FEATURES_81,172,0.5299912753048939,cred_mat2,asig1
ALL_FEATURES_81,173,0.5298874649222416,pft_events_m11,pft_visits_m11
ALL_FEATURES_81,174,0.5290788320714661,cred_mat1,cred_mat_sem_a
ALL_FEATURES_81,175,0.5250549772529203,cred_mat2,cred_sup_3o
ALL_FEATURES_81,176,0.5216060918428821,cred_mat_normal,cred_sup_4o
ALL_FEATURES_81,177,0.5205528334710219,curso_mas_alto,anyo_inicio_estudios
ALL_FEATURES_81,178,0.5187823285530611,curso_mas_alto,cred_mat2
ALL_FEATURES_81,179,0.5087873624877295,cred_mat_total,rend_total_penultimo
ALL_FEATURES_81,180,0.507734498519107,cred_mat3,rend_total_penultimo
ALL_FEATURES_81,181,0.5057630508334054,cred_mat4,asig1
ALL_FEATURES_81,182,0.5055020441380513,nota10_hash,rend_total_antepenultimo
ALL_FEATURES_81,183,0.5039054763961808,cred_mat3,cred_mat_sem_a
ALL_FEATURES_81,184,0.5014401832469321,pft_events_m10,pft_days_logged_m10
ALL_FEATURES_81,185,0.498873346525726,pft_events_m09,pft_days_logged_m09
ALL_FEATURES_81,186,0.4986671186965674,pft_total_minutes_m10,pft_total_minutes_m11
ALL_FEATURES_81,187,0.49775818282879397,cred_mat_total,cred_sup_2o
ALL_FEATURES_81,188,0.4970876142418534,pft_events_m12,pft_visits_m12
ALL_FEATURES_81,189,0.4960734983669175,cred_mat_total,cred_sup_4o
ALL_FEATURES_81,190,0.4952781611304022,cred_mat1,cred_mat_sem_b
ALL_FEATURES_81,191,0.4938113692712332,caca,anyo_inicio_estudios
ALL_FEATURES_81,192,0.4902497017057872,pft_events_m10,pft_events_m11
ALL_FEATURES_81,193,0.4887401227030841,cred_sup_2o,rend_total_ultimo
ALL_FEATURES_81,194,0.4878594389070248,campus_hash,rend_total_ultimo
ALL_FEATURES_81,195,0.4857399249689358,asig1,rend_total_penultimo
ALL_FEATURES_81,196,0.4852872556015235,campus_hash,cred_sup_3o
ALL_FEATURES_81,197,0.483160705223673,cred_mat3,cred_mat_sem_b
ALL_FEATURES_81,198,0.4827308031989741,pft_events_m11,pft_days_logged_m11
ALL_FEATURES_81,199,0.4816978015376625,campus_hash,cred_sup_2o
ALL_FEATURES_81,200,0.4805309777774003,anyo_inicio_estudios,cred_sup_3o
ALL_FEATURES_81,201,0.4772523740790673,cred_mat4,rend_total_ultimo
ALL_FEATURES_81,202,0.4752159910700833,pft_total_minutes_m11,pft_total_minutes_m12
ALL_FEATURES_81,203,0.4732141215548733,cred_mat3,cred_mat4
ALL_FEATURES_81,204,0.471706723291244,cred_mat_normal,cred_sup_1o
ALL_FEATURES_81,205,0.4714693439385425,pft_total_minutes_m10,pft_total_minutes_m12
ALL_FEATURES_81,206,0.4699498457408424,nota14_hash,rend_total_antepenultimo
ALL_FEATURES_81,207,0.4670456425407101,cred_mat2,cred_mat_sem_a
ALL_FEATURES_81,208,0.4653599023382942,pft_events_m11,pft_total_minutes_m10
ALL_FEATURES_81,209,0.4633249470589034,curso_mas_bajo,cred_mat2
ALL_FEATURES_81,210,0.4616122556176237,cred_mat_sem_a,cred_sup_3o
ALL_FEATURES_81,211,0.4594777320087102,pft_events_m10,pft_total_minutes_m11
ALL_FEATURES_81,212,0.4590410407452703,pft_events_m11,pft_events_m12
ALL_FEATURES_81,213,0.4584289256450971,cred_mat3,cred_sup_4o
ALL_FEATURES_81,214,0.4581328950274148,pft_events_m12,pft_days_logged_m12
ALL_FEATURES_81,215,0.4574285300824386,n_wifi_days_m09,n_wifi_days_m12
ALL_FEATURES_81,216,0.4560037358467834,cred_mat1,cred_sup_3o
ALL_FEATURES_81,217,0.4531011241536351,pft_total_minutes_m09,pft_total_minutes_m10
ALL_FEATURES_81,218,0.4510467122600765,cred_mat2,cred_mat_sem_b
ALL_FEATURES_81,219,0.4489344068035193,anyo_inicio_estudios,cred_sup_2o
ALL_FEATURES_81,220,0.448350338024742,cred_mat_normal,n_wifi_days_m11
ALL_FEATURES_81,221,0.44782703179551264,cred_mat1,anyo_inicio_estudios
ALL_FEATURES_81,222,0.4463874154069458,pft_events_m12,pft_total_minutes_m11
ALL_FEATURES_81,223,0.4460923831889172,cred_sup_3o,rend_total_penultimo
ALL_FEATURES_81,224,0.4448900884662539,pft_events_m09,pft_total_minutes_m10
ALL_FEATURES_81,225,0.4437864732422656,cred_mat4,cred_mat_sem_a
ALL_FEATURES_81,226,0.4429555037795669,pft_events_m09,pft_events_m10
ALL_FEATURES_81,227,0.44291046062822215,cred_mat_sem_a,cred_sup_2o
ALL_FEATURES_81,228,0.4420420845537168,pft_events_m12,pft_total_minutes_m10
ALL_FEATURES_81,229,0.440449690069749,nota14_hash,desplazado_hash
ALL_FEATURES_81,230,0.438592041700324,pft_events_m10,pft_events_m12
ALL_FEATURES_81,231,0.43780738312329337,cred_sup_4o,rend_total_ultimo
ALL_FEATURES_81,232,0.43693576307956494,cred_mat4,cred_mat_sem_b
ALL_FEATURES_81,233,0.4331824962570261,rend_total_ultimo,rend_total_antepenultimo
ALL_FEATURES_81,234,0.43181705748140603,campus_hash,cred_mat1
ALL_FEATURES_81,235,0.4313749245182894,anyo_ingreso,cred_mat_normal
ALL_FEATURES_81,236,0.43083615889776095,nota10_hash,desplazado_hash
ALL_FEATURES_81,237,0.430562090643825,cred_mat1,rend_total_ultimo
ALL_FEATURES_81,238,0.4304664707853183,curso_mas_bajo,cred_mat3
ALL_FEATURES_81,239,0.4296529940998184,pft_events_m11,pft_total_minutes_m12
ALL_FEATURES_81,240,0.4294928811499431,cred_mat_sem_b,cred_sup_2o
ALL_FEATURES_81,241,0.4285522570612175,rend_total_penultimo,rend_total_antepenultimo
ALL_FEATURES_81,242,0.4284363338638961,cred_mat1,cred_mat2
ALL_FEATURES_81,243,0.4258740064848885,cred_mat_normal,n_wifi_days_m10
ALL_FEATURES_81,244,0.4242007129121221,anyo_inicio_estudios,rend_total_ultimo
ALL_FEATURES_81,245,0.4230055104988049,pft_total_minutes_m11,resource_events_m10
ALL_FEATURES_81,246,0.4209165609965435,pft_events_m10,pft_total_minutes_m12
ALL_FEATURES_81,247,0.4207944195358433,cred_mat2,cred_mat3
ALL_FEATURES_81,248,0.4197279588418059,pft_events_m10,pft_total_minutes_m09
ALL_FEATURES_81,249,0.4188368822323518,pft_total_minutes_m10,resource_events_m11
ALL_FEATURES_81,250,0.4182871251278773,cred_mat4,rend_total_penultimo
ALL_FEATURES_81,251,0.41773652955602,campus_hash,cred_sup_1o
ALL_FEATURES_81,252,0.4158397817166417,cred_mat3,cred_sup_2o
ALL_FEATURES_81,253,0.4144758638376365,nota14_hash,cred_mat_practicas
ALL_FEATURES_81,254,0.4136510402175029,nota14_hash,caca
ALL_FEATURES_81,255,0.4135173497665834,nota10_hash,cred_mat_practicas
ALL_FEATURES_81,256,0.4129454784889264,cred_mat_sem_b,cred_sup_3o
ALL_FEATURES_81,257,0.4123904553392137,pft_total_minutes_m09,pft_total_minutes_m11
ALL_FEATURES_81,258,0.4122479993451281,asig1,n_wifi_days_m11
ALL_FEATURES_81,259,0.40947129066553867,pft_events_m11,resource_events_m10
ALL_FEATURES_81,260,0.4080545956718309,cred_mat_sem_a,cred_sup_4o
ALL_FEATURES_81,261,0.4075770181531437,cred_mat3,anyo_inicio_estudios
ALL_FEATURES_81,262,0.4073466604254987,pft_total_minutes_m12,resource_events_m10
ALL_FEATURES_81,263,0.4066321035373974,cred_mat_normal,n_wifi_days_m09
ALL_FEATURES_81,264,0.4060772024395778,pft_days_logged_m10,n_resource_days_m10
ALL_FEATURES_81,265,0.4045241633619607,resource_events_m10,resource_events_m11
ALL_FEATURES_81,266,0.4044182165517318,pft_events_m12,resource_events_m10
ALL_FEATURES_81,267,0.404103733959734,nota10_hash,caca
ALL_FEATURES_81,268,0.40346138190022174,pft_events_m10,resource_events_m11
ALL_FEATURES_81,269,0.4030633202481946,pft_visits_m10,pft_visits_m11
ALL_FEATURES_81,270,0.4025307844278627,campus_hash,cred_mat2
ALL_FEATURES_81,271,0.4004101867593404,pft_events_m09,pft_events_m11
ALL_FEATURES_81,272,0.4001330619217036,cred_mat_sem_a,rend_total_penultimo
ALL_FEATURES_81,273,0.3999054048974841,curso_mas_bajo,cred_sup_4o
ALL_FEATURES_81,274,0.39884772036836935,anyo_ingreso,tipo_ingreso
ALL_FEATURES_81,275,0.3988411868895359,pft_total_minutes_m11,n_resource_days_m10
ALL_FEATURES_81,276,0.3968113743695678,cred_mat_practicas,practicas
ALL_FEATURES_81,277,0.3953591988839884,pft_events_m09,pft_total_minutes_m11
ALL_FEATURES_81,278,0.3946554791421617,pft_total_minutes_m12,resource_events_m11
ALL_FEATURES_81,279,0.3944982269976505,pft_events_m11,pft_total_minutes_m09
ALL_FEATURES_81,280,0.3912609010335357,pft_events_m11,n_resource_days_m10
ALL_FEATURES_81,281,0.3909377948143167,resource_events_m10,resource_events_m12
ALL_FEATURES_81,282,0.3902776614659196,campus_hash,cred_mat3
ALL_FEATURES_81,283,0.3901371999550216,pft_days_logged_m10,pft_visits_m11
ALL_FEATURES_81,284,0.38982345839146415,pft_total_minutes_m10,n_resource_days_m11
ALL_FEATURES_81,285,0.3888160840388517,pft_events_m12,resource_events_m11
ALL_FEATURES_81,286,0.38733214828375306,pft_events_m09,resource_events_m10
ALL_FEATURES_81,287,0.3873201982212287,anyo_ingreso,rend_total_ultimo
ALL_FEATURES_81,288,0.3871113276282818,practicas,pract1
ALL_FEATURES_81,289,0.3869921556029219,pft_days_logged_m11,pft_visits_m10
ALL_FEATURES_81,290,0.3856781873289349,campus_hash,cred_sup_4o
ALL_FEATURES_81,291,0.3851292911201938,pft_total_minutes_m09,resource_events_m10
ALL_FEATURES_81,292,0.3844721105053255,pft_visits_m10,pft_visits_m12
ALL_FEATURES_81,293,0.3842669047317305,pft_total_minutes_m12,n_resource_days_m10
ALL_FEATURES_81,294,0.3838973461821169,cred_mat_normal,anyo_inicio_estudios
ALL_FEATURES_81,295,0.382379548618629,pft_total_minutes_m10,resource_events_m09
ALL_FEATURES_81,296,0.3821628233999312,curso_mas_bajo,anyo_inicio_estudios
ALL_FEATURES_81,297,0.3820398788120043,asig1,n_wifi_days_m10
ALL_FEATURES_81,298,0.3814633654967263,pft_visits_m09,pft_visits_m10
ALL_FEATURES_81,299,0.3812682683422413,cred_sup_1o,cred_sup_2o
ALL_FEATURES_81,300,0.3804230217517519,cred_mat_sem_a,cred_sup_1o
ALL_FEATURES_81,301,0.38005644367893066,pft_total_minutes_m11,resource_events_m12
ALL_FEATURES_81,302,0.3797760669400905,pft_days_logged_m11,n_resource_days_m11
ALL_FEATURES_81,303,0.37968180577870747,anyo_ingreso,curso_mas_alto
ALL_FEATURES_81,304,0.3795808352943428,pft_visits_m11,pft_visits_m12
ALL_FEATURES_81,305,0.3795103485302631,pft_total_minutes_m12,n_resource_days_m11
ALL_FEATURES_81,306,0.3783755559767785,cred_mat_sem_b,rend_total_penultimo
ALL_FEATURES_81,307,0.3781616457323249,pft_total_minutes_m10,resource_events_m12
ALL_FEATURES_81,308,0.3780463321372212,rend_total_ultimo,n_wifi_days_m11
ALL_FEATURES_81,309,0.37800509050591996,pft_events_m11,resource_events_m12
ALL_FEATURES_81,310,0.3771240464547097,rend_total_ultimo,n_wifi_days_m10
ALL_FEATURES_81,311,0.3770539383226783,pft_events_m10,resource_events_m09
ALL_FEATURES_81,312,0.37668556666599695,resource_events_m09,resource_events_m10
ALL_FEATURES_81,313,0.37546926290591376,cred_mat_sem_b,cred_sup_4o
ALL_FEATURES_81,314,0.3753055016316421,cred_mat_sem_b,cred_sup_1o
ALL_FEATURES_81,315,0.37495495844908255,pft_events_m10,n_resource_days_m11
ALL_FEATURES_81,316,0.3745958196889605,pft_total_minutes_m10,n_resource_days_m12
ALL_FEATURES_81,317,0.3744447864501863,pft_days_logged_m10,pft_visits_m09
ALL_FEATURES_81,318,0.3734567845492176,pft_days_logged_m10,pft_visits_m12
ALL_FEATURES_81,319,0.3728945421060033,pft_events_m10,resource_events_m12
ALL_FEATURES_81,320,0.3722503235105181,pft_days_logged_m10,pft_days_logged_m11
ALL_FEATURES_81,321,0.3721109377804792,anyo_ingreso,cred_sup_3o
ALL_FEATURES_81,322,0.3718270655494429,cred_sup_4o,rend_total_penultimo
ALL_FEATURES_81,323,0.37169487227556175,pft_visits_m10,n_resource_days_m10
ALL_FEATURES_81,324,0.3700630600835933,pft_total_minutes_m11,resource_events_m09
ALL_FEATURES_81,325,0.3696725370790608,curso_mas_bajo,cred_mat4
ALL_FEATURES_81,326,0.3678461587110071,pft_events_m12,n_resource_days_m11
ALL_FEATURES_81,327,0.3673740973340092,pft_total_minutes_m09,pft_total_minutes_m12
ALL_FEATURES_81,328,0.3657893125418674,pft_days_logged_m12,pft_visits_m10
ALL_FEATURES_81,329,0.3656074276689072,pft_total_minutes_m09,n_resource_days_m10
ALL_FEATURES_81,330,0.36532452203826615,cred_mat_total,cred_sup_1o
ALL_FEATURES_81,331,0.3640403818882376,pft_events_m12,n_resource_days_m10
ALL_FEATURES_81,332,0.36251654472842,pft_days_logged_m09,pft_visits_m10
ALL_FEATURES_81,333,0.3622813489807459,pft_events_m09,n_resource_days_m10
ALL_FEATURES_81,334,0.3598651226642602,resource_events_m11,n_resource_days_m10
ALL_FEATURES_81,335,0.3592232658499759,resource_events_m10,n_resource_days_m11
ALL_FEATURES_81,336,0.35895283274658674,cred_mat4,anyo_inicio_estudios
ALL_FEATURES_81,337,0.3586180058746109,pft_events_m11,resource_events_m09
ALL_FEATURES_81,338,0.35818397643896205,resource_events_m11,resource_events_m12
ALL_FEATURES_81,339,0.3578854365320589,pft_total_minutes_m11,n_resource_days_m12
ALL_FEATURES_81,340,0.3576831239203968,tipo_ingreso,cred_mat_normal
ALL_FEATURES_81,341,0.3572328105380693,pft_days_logged_m11,pft_visits_m12
ALL_FEATURES_81,342,0.3554973279672389,pft_total_minutes_m10,n_resource_days_m09
ALL_FEATURES_81,343,0.3545225842979285,pft_days_logged_m12,n_resource_days_m12
ALL_FEATURES_81,344,0.3544503392020681,pft_days_logged_m12,pft_visits_m11
ALL_FEATURES_81,345,0.3522443446047117,cred_sup_2o,cred_sup_4o
ALL_FEATURES_81,346,0.3509607080667738,pft_total_minutes_m09,resource_events_m11
ALL_FEATURES_81,347,0.3504449516290977,pft_visits_m10,resource_events_m10
ALL_FEATURES_81,348,0.3503316313687348,asig1,n_wifi_days_m09
ALL_FEATURES_81,349,0.3502420089860063,cred_mat_normal,n_wifi_days_m12
ALL_FEATURES_81,350,0.34965281070138765,pft_events_m09,pft_events_m12
ALL_FEATURES_81,351,0.3476010214077947,pft_events_m09,pft_total_minutes_m12
ALL_FEATURES_81,352,0.34700459443929704,pft_days_logged_m10,pft_days_logged_m12
ALL_FEATURES_81,353,0.3461159666403244,cred_mat_anu,asig1
ALL_FEATURES_81,354,0.3457227420600404,pft_total_minutes_m09,n_resource_days_m11
ALL_FEATURES_81,355,0.3452197952737661,cred_mat_normal,rend_total_antepenultimo
ALL_FEATURES_81,356,0.344838988475944,pft_days_logged_m09,pft_days_logged_m10
ALL_FEATURES_81,357,0.344530042182674,nota14_hash,cred_mat_movilidad
ALL_FEATURES_81,358,0.34387781515821025,pft_events_m09,resource_events_m11
ALL_FEATURES_81,359,0.34275320218887995,resource_events_m10,n_resource_days_m12
ALL_FEATURES_81,360,0.34222077558554265,pft_visits_m11,n_resource_days_m11
ALL_FEATURES_81,361,0.3417401825725417,pft_visits_m11,resource_events_m11
ALL_FEATURES_81,362,0.3398242287397801,pft_events_m10,n_resource_days_m12
ALL_FEATURES_81,363,0.33915338397614114,resource_events_m09,resource_events_m11
ALL_FEATURES_81,364,0.33903794727365,campus_hash,cred_mat4
ALL_FEATURES_81,365,0.3388315401840938,resource_events_m12,n_resource_days_m10
ALL_FEATURES_81,366,0.3375088538854873,pft_days_logged_m10,resource_events_m10
ALL_FEATURES_81,367,0.3374663781262619,n_resource_days_m10,n_resource_days_m11
ALL_FEATURES_81,368,0.33742943188298913,pft_days_logged_m11,pft_days_logged_m12
ALL_FEATURES_81,369,0.3373956617459655,cred_mat2,anyo_inicio_estudios
ALL_FEATURES_81,370,0.3372749108821269,anyo_ingreso,asig1
ALL_FEATURES_81,371,0.33618532275187096,pft_events_m10,n_resource_days_m09
ALL_FEATURES_81,372,0.3361599830098845,pft_days_logged_m09,n_resource_days_m09
ALL_FEATURES_81,373,0.3360504754826845,pft_events_m12,pft_total_minutes_m09
ALL_FEATURES_81,374,0.3351660175446209,anyo_ingreso,cred_sup_2o
ALL_FEATURES_81,375,0.3348837930298014,nota14_hash,pract1
ALL_FEATURES_81,376,0.3347874581288961,cred_mat_normal,cred_mat_anu
ALL_FEATURES_81,377,0.3339083457991858,resource_events_m12,n_resource_days_m11
ALL_FEATURES_81,378,0.33387469899554123,resource_events_m09,n_resource_days_m10
ALL_FEATURES_81,379,0.33348900852769425,pft_visits_m09,pft_visits_m11
ALL_FEATURES_81,380,0.3332801847885873,pft_days_logged_m11,pft_visits_m09
ALL_FEATURES_81,381,0.3329340566796333,anyo_inicio_estudios,cred_sup_4o
ALL_FEATURES_81,382,0.3325718114824019,campus_hash,practicas
ALL_FEATURES_81,383,0.3316176162763238,curso_mas_alto,cred_mat_normal
ALL_FEATURES_81,384,0.3308960127828824,rend_total_ultimo,n_wifi_days_m09
ALL_FEATURES_81,385,0.3307909652550539,pft_days_logged_m11,resource_events_m11
ALL_FEATURES_81,386,0.3295188804639109,anyo_ingreso,cred_mat3
ALL_FEATURES_81,387,0.3292552185750965,pft_total_minutes_m11,n_resource_days_m09
ALL_FEATURES_81,388,0.32920099854706475,pft_events_m11,n_resource_days_m12
ALL_FEATURES_81,389,0.32842783659091346,nota10_hash,cred_mat_movilidad
ALL_FEATURES_81,390,0.326120615795694,pft_events_m09,n_resource_days_m11
ALL_FEATURES_81,391,0.3249256595603445,nota10_hash,pract1
ALL_FEATURES_81,392,0.3219711149466917,resource_events_m11,n_resource_days_m12
ALL_FEATURES_81,393,0.3216778127152131,cred_mat_total,anyo_inicio_estudios
ALL_FEATURES_81,394,0.3209909943045579,pft_visits_m12,n_resource_days_m12
ALL_FEATURES_81,395,0.3202495700431971,rend_total_ultimo,n_wifi_days_m12
ALL_FEATURES_81,396,0.31949462281657315,pft_days_logged_m09,pft_visits_m11
ALL_FEATURES_81,397,0.31945872213900195,resource_events_m10,n_resource_days_m09
ALL_FEATURES_81,398,0.3192594160595723,pft_total_minutes_m12,resource_events_m09
ALL_FEATURES_81,399,0.3189029092623987,cred_mat_anu,cred_mat_total
ALL_FEATURES_81,400,0.31801569526497264,anyo_ingreso,caca
ALL_FEATURES_81,401,0.3174713645133673,pft_events_m12,resource_events_m09
ALL_FEATURES_81,402,0.31736134245868103,cred_mat_anu,rend_total_ultimo
ALL_FEATURES_81,403,0.3171835732232777,cred_mat_total,n_wifi_days_m11
ALL_FEATURES_81,404,0.31716503378869465,anyo_ingreso,cred_mat1
ALL_FEATURES_81,405,0.3163954751520457,cred_mat_total,rend_total_antepenultimo
ALL_FEATURES_81,406,0.3159651005313435,cred_mat_total,n_wifi_days_m10
ALL_FEATURES_81,407,0.31454311352277303,caca,n_wifi_days_m09
ALL_FEATURES_81,408,0.3145092527996312,pft_visits_m12,resource_events_m12
ALL_FEATURES_81,409,0.3142684051105622,cred_mat_anu,cred_sup_2o
ALL_FEATURES_81,410,0.3139446413708233,anyo_inicio_estudios,rend_total_penultimo
ALL_FEATURES_81,411,0.31373791271052376,campus_hash,rend_total_penultimo
ALL_FEATURES_81,412,0.3137323246202461,cred_mat_normal,actividades
ALL_FEATURES_81,413,0.3137156751052048,n_resource_days_m09,n_resource_days_m10
ALL_FEATURES_81,414,0.3136912579642903,anyo_inicio_estudios,asig1
ALL_FEATURES_81,415,0.3131337361238673,cred_mat4,cred_sup_2o
ALL_FEATURES_81,416,0.31170461168143593,asig1,n_wifi_days_m12
ALL_FEATURES_81,417,0.3103614015351308,resource_events_m09,n_resource_days_m11
ALL_FEATURES_81,418,0.3098204094532031,asig1,rend_total_antepenultimo
ALL_FEATURES_81,419,0.30925161727896633,n_resource_days_m10,n_resource_days_m12
ALL_FEATURES_81,420,0.3091777449165383,pft_events_m11,n_resource_days_m09
ALL_FEATURES_81,421,0.3068464905324149,pft_days_logged_m09,pft_visits_m12
ALL_FEATURES_81,422,0.3066038605787549,n_resource_days_m11,n_resource_days_m12
ALL_FEATURES_81,423,0.3065220437270222,anyo_ingreso,cred_mat2
ALL_FEATURES_81,424,0.3054924910461159,pft_visits_m09,pft_visits_m12
ALL_FEATURES_81,425,0.3033281787876687,cred_mat2,rend_total_penultimo
ALL_FEATURES_81,426,0.30309297138793045,tipo_ingreso,cred_sup_2o
ALL_FEATURES_81,427,0.30279469954892857,cred_mat4,rend_total_antepenultimo
ALL_FEATURES_81,428,0.3015112721007256,caca,n_wifi_days_m11
ALL_FEATURES_81,429,0.3006729222826987,anyo_ingreso,cred_mat4
ALL_FEATURES_81,430,0.30036361744432405,resource_events_m11,n_resource_days_m09
ALL_FEATURES_81,431,0.30016554362976944,pft_days_logged_m09,pft_days_logged_m11
ALL_FEATURES_81,432,0.2994129598111384,pft_total_minutes_m09,resource_events_m12
ALL_FEATURES_81,433,0.2993116486615852,resource_events_m09,resource_events_m12
ALL_FEATURES_81,434,0.2989918910975735,anyo_ingreso,cred_sup_4o
ALL_FEATURES_81,435,0.298468551296283,pft_events_m09,resource_events_m12
ALL_FEATURES_81,436,0.2981703099769213,campus_hash,n_wifi_days_m11
ALL_FEATURES_81,437,0.29809163394745664,pft_days_logged_m12,pft_visits_m09
ALL_FEATURES_81,438,0.2950730230648926,cred_mat3,rend_total_antepenultimo
ALL_FEATURES_81,439,0.29438018466096416,anyo_ingreso,rend_total_penultimo
ALL_FEATURES_81,440,0.29348115271167163,pft_days_logged_m12,resource_events_m12
ALL_FEATURES_81,441,0.292672345307464,pft_visits_m09,resource_events_m09
ALL_FEATURES_81,442,0.2923825811872653,tipo_ingreso,campus_hash
ALL_FEATURES_81,443,0.2921472671415017,caca,n_wifi_days_m10
ALL_FEATURES_81,444,0.2876911634084873,campus_hash,n_wifi_days_m09
ALL_FEATURES_81,445,0.2875157775009072,cred_mat_sem_b,n_wifi_days_m10
ALL_FEATURES_81,446,0.2863855246664926,pft_visits_m09,n_resource_days_m09
ALL_FEATURES_81,447,0.2861737643292743,pft_total_minutes_m12,n_resource_days_m09
ALL_FEATURES_81,448,0.2854806835266146,cred_mat_total,n_wifi_days_m09
ALL_FEATURES_81,449,0.2846153719834552,pft_days_logged_m09,resource_events_m09
ALL_FEATURES_81,450,0.2843415986511566,cred_mat_sem_a,n_wifi_days_m10
ALL_FEATURES_81,451,0.2842077441838775,cred_mat_normal,cred_mat_practicas
ALL_FEATURES_81,452,0.283985794170758,anyo_ingreso,campus_hash
ALL_FEATURES_81,453,0.2830437707679403,cred_mat1,cred_mat_anu
ALL_FEATURES_81,454,0.2820937069271299,tipo_ingreso,asig1
ALL_FEATURES_81,455,0.28152165737489376,pft_days_logged_m10,pft_total_minutes_m11
ALL_FEATURES_81,456,0.281421721124139,pft_days_logged_m09,pft_days_logged_m12
ALL_FEATURES_81,457,0.28071181750198004,cred_sup_2o,rend_total_penultimo
ALL_FEATURES_81,458,0.28052798258879363,pft_total_minutes_m09,n_resource_days_m12
ALL_FEATURES_81,459,0.2793780754877861,pft_visits_m10,pft_total_minutes_m09
ALL_FEATURES_81,460,0.2781243246070169,campus_hash,n_wifi_days_m10
ALL_FEATURES_81,461,0.27766716383097023,pft_visits_m10,pft_total_minutes_m11
ALL_FEATURES_81,462,0.2774042333824758,cred_mat_sem_b,n_wifi_days_m11
ALL_FEATURES_81,463,0.2766471677249536,pft_days_logged_m10,pft_total_minutes_m09
ALL_FEATURES_81,464,0.2764649260984351,pft_days_logged_m11,pft_total_minutes_m10
ALL_FEATURES_81,465,0.27618095536463017,cred_sup_4o,rend_total_antepenultimo
ALL_FEATURES_81,466,0.2759397052288488,curso_mas_alto,cred_mat_sem_a
ALL_FEATURES_81,467,0.2742073809038201,anyo_ingreso,cred_mat_sem_a
ALL_FEATURES_81,468,0.2741965518535032,tipo_ingreso,cred_sup_3o
ALL_FEATURES_81,469,0.2733917300999069,cred_mat_sem_b,n_wifi_days_m09
ALL_FEATURES_81,470,0.2729288218367785,anyo_ingreso,cred_mat_total
ALL_FEATURES_81,471,0.27205741617661605,pft_events_m09,n_resource_days_m12
ALL_FEATURES_81,472,0.27188841890673743,pft_events_m12,n_resource_days_m09
ALL_FEATURES_81,473,0.2708355722969733,n_resource_days_m09,n_resource_days_m11
ALL_FEATURES_81,474,0.27063525508315944,cred_sup_3o,rend_total_antepenultimo
ALL_FEATURES_81,475,0.2695293277892663,cred_mat_sem_a,n_wifi_days_m09
ALL_FEATURES_81,476,0.267964936753482,cred_mat_sem_a,anyo_inicio_estudios
ALL_FEATURES_81,477,0.26737908102011065,anyo_ingreso,curso_mas_bajo
ALL_FEATURES_81,478,0.2672144273648378,cred_mat1,cred_mat3
ALL_FEATURES_81,479,0.26658844775826473,pft_visits_m12,pft_total_minutes_m10
ALL_FEATURES_81,480,0.26652546873220384,cred_mat_normal,practicas
ALL_FEATURES_81,481,0.2663688250908089,pft_visits_m11,pft_total_minutes_m10
ALL_FEATURES_81,482,0.2662105682126743,pft_visits_m10,pft_total_minutes_m12
ALL_FEATURES_81,483,0.2655718185151539,cred_mat_anu,cred_sup_3o
ALL_FEATURES_81,484,0.2646336637940667,curso_mas_alto,rend_total_ultimo
ALL_FEATURES_81,485,0.2646266233029202,curso_mas_alto,cred_mat_anu
ALL_FEATURES_81,486,0.2638408489955868,cred_mat_sem_a,rend_total_antepenultimo
ALL_FEATURES_81,487,0.2631720823718915,estudios_p_hash,estudios_m_hash
ALL_FEATURES_81,488,0.2631050791954035,pft_visits_m12,pft_total_minutes_m11
ALL_FEATURES_81,489,0.2623682796642104,cred_mat_normal,activ1
ALL_FEATURES_81,490,0.2610310795914801,cred_mat_sem_a,n_wifi_days_m11
ALL_FEATURES_81,491,0.2596442489798454,caca,n_wifi_days_m12
ALL_FEATURES_81,492,0.2596349703625771,curso_mas_alto,cred_mat_sem_b
ALL_FEATURES_81,493,0.2594443612491615,resource_events_m09,n_resource_days_m12
ALL_FEATURES_81,494,0.2592991162041223,pft_visits_m11,pft_total_minutes_m12
ALL_FEATURES_81,495,0.2590439997812872,pft_events_m12,pft_visits_m10
ALL_FEATURES_81,496,0.2589404535441622,anyo_ingreso,cred_mat_sem_b
ALL_FEATURES_81,497,0.25697678206497976,pft_days_logged_m11,pft_total_minutes_m12
ALL_FEATURES_81,498,0.2569678873398553,pft_days_logged_m10,pft_total_minutes_m12
ALL_FEATURES_81,499,0.25675642913734364,pft_events_m10,pft_days_logged_m11
ALL_FEATURES_81,500,0.2567071563123431,resource_events_m12,n_resource_days_m09
ALL_FEATURES_81,501,0.2559266445143891,campus_hash,n_wifi_days_m12
ALL_FEATURES_81,502,0.2557711330984009,cred_mat1,cred_sup_4o
ALL_FEATURES_81,503,0.2555688813197703,pft_events_m09,pft_days_logged_m10
ALL_FEATURES_81,504,0.25530562034004234,pft_days_logged_m12,pft_total_minutes_m10
ALL_FEATURES_81,505,0.2552029514434491,pft_events_m12,pft_days_logged_m10
ALL_FEATURES_81,506,0.25440941637153713,pft_events_m11,pft_days_logged_m10
ALL_FEATURES_81,507,0.2540886526491928,curso_mas_alto,cred_mat_total
ALL_FEATURES_81,508,0.25374180857379525,pft_days_logged_m12,pft_total_minutes_m11
ALL_FEATURES_81,509,0.2532620249398585,pft_events_m10,pft_visits_m11
ALL_FEATURES_81,510,0.2513380259192335,cred_sup_1o,cred_sup_3o
ALL_FEATURES_81,511,0.2512709890942846,curso_mas_alto,asig1
ALL_FEATURES_81,512,0.2498155663800237,rend_total_penultimo,n_wifi_days_m11
ALL_FEATURES_81,513,0.2496724338022905,cred_mat_practicas,asig1
ALL_FEATURES_81,514,0.24824512833516105,cred_mat2,n_wifi_days_m10
ALL_FEATURES_81,515,0.24765706450934305,cred_mat2,n_wifi_days_m11
ALL_FEATURES_81,516,0.2466583143177479,pft_events_m12,pft_days_logged_m11
ALL_FEATURES_81,517,0.2460978865022713,pft_days_logged_m09,pft_total_minutes_m10
ALL_FEATURES_81,518,0.2458874745390407,pft_events_m11,pft_visits_m10
ALL_FEATURES_81,519,0.2456365216107139,pft_events_m12,pft_visits_m11
ALL_FEATURES_81,520,0.2455920970476262,cred_mat3,n_wifi_days_m10
ALL_FEATURES_81,521,0.2455418452985185,cred_mat3,n_wifi_days_m11
ALL_FEATURES_81,522,0.2449587716453676,anyo_inicio_estudios,cred_sup_1o
ALL_FEATURES_81,523,0.2449483720740764,pft_visits_m09,pft_total_minutes_m10
ALL_FEATURES_81,524,0.2442770572348065,pft_visits_m11,pft_total_minutes_m09
ALL_FEATURES_81,525,0.2440961778300484,curso_mas_bajo,cred_mat_normal
ALL_FEATURES_81,526,0.2439786304943894,cred_mat_total,n_wifi_days_m12
ALL_FEATURES_81,527,0.2430281687694605,practicas,asig1
ALL_FEATURES_81,528,0.2429543031902037,nota14_hash,activ1
ALL_FEATURES_81,529,0.2426985064518448,pft_events_m10,pft_visits_m12
ALL_FEATURES_81,530,0.2425816226419606,pft_days_logged_m11,pft_total_minutes_m09
ALL_FEATURES_81,531,0.2425650179016641,pft_events_m09,pft_visits_m10
ALL_FEATURES_81,532,0.2423589777406789,cred_mat_sem_b,rend_total_antepenultimo
ALL_FEATURES_81,533,0.2422870736145909,campus_hash,anyo_inicio_estudios
ALL_FEATURES_81,534,0.24210665481262075,anyo_ingreso,cred_sup_1o
ALL_FEATURES_81,535,0.2420177861041237,rend_total_penultimo,n_wifi_days_m10
ALL_FEATURES_81,536,0.2418193209537307,anyo_inicio_estudios,n_wifi_days_m09
ALL_FEATURES_81,537,0.2413331317420857,cred_mat2,cred_mat_anu
ALL_FEATURES_81,538,0.24080272712481765,cred_mat3,cred_mat_anu
ALL_FEATURES_81,539,0.23904978841093802,actividades,activ1
ALL_FEATURES_81,540,0.23859542216327245,pft_events_m10,pft_visits_m09
ALL_FEATURES_81,541,0.2373520828789868,cred_mat_sem_b,anyo_inicio_estudios
ALL_FEATURES_81,542,0.2360734446220701,n_resource_days_m09,n_resource_days_m12
ALL_FEATURES_81,543,0.2348064018770017,cred_sup_1o,n_wifi_days_m11
ALL_FEATURES_81,544,0.2344096247497891,anyo_inicio_estudios,n_wifi_days_m11
ALL_FEATURES_81,545,0.23382052229672826,nota10_hash,activ1
ALL_FEATURES_81,546,0.2303873821924567,cred_mat_anu,cred_sup_4o
ALL_FEATURES_81,547,0.22983075723775226,pft_events_m10,pft_days_logged_m12
ALL_FEATURES_81,548,0.2298125516225573,pft_events_m11,pft_visits_m12
ALL_FEATURES_81,549,0.2281176137321053,cred_mat2,cred_sup_4o
ALL_FEATURES_81,550,0.22748964073022204,pft_days_logged_m10,resource_events_m11
ALL_FEATURES_81,551,0.2270552230340046,tipo_ingreso,cred_sup_1o
ALL_FEATURES_81,552,0.2268608199801357,pft_days_logged_m11,resource_events_m10
ALL_FEATURES_81,553,0.226285455054942,cred_mat_sem_b,n_wifi_days_m12
ALL_FEATURES_81,554,0.2245233268203064,cred_mat3,n_wifi_days_m09
ALL_FEATURES_81,555,0.2244705172263437,cred_mat_sem_a,n_wifi_days_m12
ALL_FEATURES_81,556,0.2241521106397073,cred_sup_1o,rend_total_ultimo
ALL_FEATURES_81,557,0.22376216604174906,cred_sup_2o,n_wifi_days_m10
ALL_FEATURES_81,558,0.22351937431721325,cred_mat_normal,pract1
ALL_FEATURES_81,559,0.2232948991922834,pft_events_m10,pft_days_logged_m09
ALL_FEATURES_81,560,0.22280077145960586,pft_events_m11,pft_days_logged_m12
ALL_FEATURES_81,561,0.2227292478927909,cred_sup_1o,n_wifi_days_m10
ALL_FEATURES_81,562,0.22214316187018035,campus_hash,actividades
ALL_FEATURES_81,563,0.2213926216525061,pft_days_logged_m09,pft_total_minutes_m11
ALL_FEATURES_81,564,0.2212213274275409,pft_days_logged_m12,resource_events_m10
ALL_FEATURES_81,565,0.2208149845698504,cred_sup_2o,n_wifi_days_m09
ALL_FEATURES_81,566,0.22048815880086808,curso_mas_alto,cred_sup_1o
ALL_FEATURES_81,567,0.21814782286540346,pft_events_m09,pft_days_logged_m11
ALL_FEATURES_81,568,0.21812759828786632,cred_mat_anu,cred_sup_1o
ALL_FEATURES_81,569,0.21785858712113626,pft_events_m09,pft_visits_m11
ALL_FEATURES_81,570,0.21775005971633288,pft_visits_m11,resource_events_m10
ALL_FEATURES_81,571,0.2176863904134052,anyo_inicio_estudios,rend_total_antepenultimo
ALL_FEATURES_81,572,0.21728317561978366,pft_visits_m12,resource_events_m10
ALL_FEATURES_81,573,0.21669930212325106,pft_visits_m10,resource_events_m09
ALL_FEATURES_81,574,0.21613821352621174,anyo_inicio_estudios,n_wifi_days_m10
ALL_FEATURES_81,575,0.21579322849497995,pft_days_logged_m10,resource_events_m09
ALL_FEATURES_81,576,0.21540831531686425,pft_days_logged_m12,resource_events_m11
ALL_FEATURES_81,577,0.21520321325565028,pft_visits_m12,pft_total_minutes_m09
ALL_FEATURES_81,578,0.21401767371449587,cred_mat3,n_wifi_days_m12
ALL_FEATURES_81,579,0.21371071066648728,cred_mat4,cred_mat_anu
ALL_FEATURES_81,580,0.21338058389715364,campus_hash,cred_mat_practicas
ALL_FEATURES_81,581,0.21337847726172754,pft_visits_m11,n_resource_days_m10
ALL_FEATURES_81,582,0.2133127011632201,pft_visits_m12,resource_events_m11
ALL_FEATURES_81,583,0.21302410011372874,pft_visits_m12,n_resource_days_m10
ALL_FEATURES_81,584,0.2127407333578235,pft_visits_m09,pft_total_minutes_m11
ALL_FEATURES_81,585,0.2124774587480962,cred_sup_3o,n_wifi_days_m10
ALL_FEATURES_81,586,0.2115822280813537,anyo_ingreso,n_wifi_days_m09
ALL_FEATURES_81,587,0.21149945955263136,tipo_ingreso,cred_mat_total
ALL_FEATURES_81,588,0.21130721229086447,tipo_ingreso,cred_mat1
ALL_FEATURES_81,589,0.21079567140739908,tipo_ingreso,curso_mas_alto
ALL_FEATURES_81,590,0.21068629248123028,anyo_ingreso,cred_mat_anu
ALL_FEATURES_81,591,0.21065167929222728,pft_days_logged_m12,pft_total_minutes_m09
ALL_FEATURES_81,592,0.2103408857294191,anyo_ingreso,rend_total_antepenultimo
ALL_FEATURES_81,593,0.21028252281694915,cred_sup_2o,n_wifi_days_m11
ALL_FEATURES_81,594,0.20982881616402327,tipo_ingreso,cred_mat_sem_a
ALL_FEATURES_81,595,0.2096425988826472,cred_mat2,n_wifi_days_m09
ALL_FEATURES_81,596,0.20920181578767227,cred_sup_3o,n_wifi_days_m11
ALL_FEATURES_81,597,0.2091533613661616,curso_mas_bajo,cred_mat_anu
ALL_FEATURES_81,598,0.2086181541712904,pft_visits_m11,resource_events_m09
ALL_FEATURES_81,599,0.2084012697673936,cred_mat_total,practicas
ALL_FEATURES_81,600,0.2080295478753067,cred_sup_1o,n_wifi_days_m09
ALL_FEATURES_81,601,0.2078663189338404,pft_visits_m10,resource_events_m11
ALL_FEATURES_81,602,0.2077014614422872,cred_mat2,cred_mat4
ALL_FEATURES_81,603,0.2076979632132172,cred_mat4,cred_mat_movilidad
ALL_FEATURES_81,604,0.20722323307464485,pft_days_logged_m11,resource_events_m09
ALL_FEATURES_81,605,0.206634762271805,cred_mat1,n_wifi_days_m09
ALL_FEATURES_81,606,0.20590825570453666,anyo_ingreso,n_wifi_days_m11
ALL_FEATURES_81,607,0.20574758283462025,cred_mat1,n_wifi_days_m10
ALL_FEATURES_81,608,0.2055814545255408,cred_mat_practicas,cred_mat_total
ALL_FEATURES_81,609,0.20532994409557487,asig1,pract1
ALL_FEATURES_81,610,0.20512212146972786,campus_hash,curso_mas_alto
ALL_FEATURES_81,611,0.20372949209905844,rend_total_penultimo,n_wifi_days_m09
ALL_FEATURES_81,612,0.20347829435426856,cred_mat2,n_wifi_days_m12
ALL_FEATURES_81,613,0.20334518464064733,pft_days_logged_m12,n_resource_days_m10
ALL_FEATURES_81,614,0.20327958432117305,cred_mat_anu,rend_total_penultimo
ALL_FEATURES_81,615,0.20322084116719896,pft_days_logged_m09,resource_events_m10
ALL_FEATURES_81,616,0.20321523531703267,pft_days_logged_m11,resource_events_m12
ALL_FEATURES_81,617,0.2030315262534685,cred_mat1,cred_mat4
ALL_FEATURES_81,618,0.20302702810512047,rend_total_penultimo,n_wifi_days_m12
ALL_FEATURES_81,619,0.20275302064570425,cred_mat4,n_wifi_days_m10
ALL_FEATURES_81,620,0.20166574782756985,pft_events_m09,pft_visits_m12
ALL_FEATURES_81,621,0.20111230370376187,pft_days_logged_m09,pft_total_minutes_m12
ALL_FEATURES_81,622,0.20074496887167206,pft_visits_m09,pft_total_minutes_m12
ALL_FEATURES_81,623,0.2006128756801715,pft_visits_m09,resource_events_m10
ALL_FEATURES_81,624,0.2006055582329589,pft_days_logged_m10,resource_events_m12
ALL_FEATURES_81,625,0.2001432068607052,pft_visits_m12,n_resource_days_m11
ALL_FEATURES_81,626,0.20001309654499888,pft_events_m11,pft_visits_m09
ALL_FEATURES_81,627,0.19985299940429246,pft_visits_m11,resource_events_m12
ALL_FEATURES_81,628,0.1991691777548894,pft_visits_m10,n_resource_days_m11
ALL_FEATURES_81,629,0.1991233792602705,pft_visits_m10,resource_events_m12
ALL_FEATURES_81,630,0.19780532238223447,pft_days_logged_m11,n_resource_days_m10
ALL_FEATURES_81,631,0.19738325782330607,curso_mas_alto,rend_total_penultimo
ALL_FEATURES_81,632,0.19736504747933287,pft_days_logged_m10,n_resource_days_m11
ALL_FEATURES_81,633,0.1971151615619897,pft_visits_m10,n_resource_days_m12
ALL_FEATURES_81,634,0.19703828887975794,curso_mas_bajo,cred_mat_sem_a
ALL_FEATURES_81,635,0.19661121637353496,pft_events_m12,pft_visits_m09
ALL_FEATURES_81,636,0.1964501843359594,anyo_inicio_estudios,n_wifi_days_m12
ALL_FEATURES_81,637,0.19636833503459888,pft_visits_m12,resource_events_m09
ALL_FEATURES_81,638,0.19627775694078944,pft_events_m11,pft_days_logged_m09
ALL_FEATURES_81,639,0.1958257394333769,cred_mat4,n_wifi_days_m09
ALL_FEATURES_81,640,0.19485159931626672,cred_mat1,n_wifi_days_m11
ALL_FEATURES_81,641,0.19483889673758448,pft_days_logged_m12,n_resource_days_m11
ALL_FEATURES_81,642,0.19452338845854555,pft_visits_m09,n_resource_days_m10
ALL_FEATURES_81,643,0.1937877099964762,tipo_ingreso,cred_mat_sem_b
ALL_FEATURES_81,644,0.1927819754701794,pft_days_logged_m10,n_resource_days_m12
ALL_FEATURES_81,645,0.19219893575378946,pft_visits_m11,n_resource_days_m12
ALL_FEATURES_81,646,0.1920172769651636,cred_mat4,n_wifi_days_m11
ALL_FEATURES_81,647,0.19144469197648029,curso_mas_bajo,rend_total_ultimo
ALL_FEATURES_81,648,0.1913210598732249,cred_sup_4o,n_wifi_days_m10
ALL_FEATURES_81,649,0.19108620197443216,tipo_ingreso,cred_sup_4o
ALL_FEATURES_81,650,0.19106274972244466,cred_sup_1o,n_wifi_days_m12
ALL_FEATURES_81,651,0.19096761138840448,cred_sup_4o,n_wifi_days_m09
ALL_FEATURES_81,652,0.19048617539126456,practicas,rend_total_ultimo
ALL_FEATURES_81,653,0.18877077994630287,pft_events_m09,pft_days_logged_m12
ALL_FEATURES_81,654,0.1886356037888861,cred_mat5,cred_sup_5o
ALL_FEATURES_81,655,0.18846981517186512,preferencia_seleccion,cred_mat_normal
ALL_FEATURES_81,656,0.18819906666233432,pft_events_m12,pft_days_logged_m09
ALL_FEATURES_81,657,0.1881506520814797,pft_days_logged_m09,n_resource_days_m10
ALL_FEATURES_81,658,0.1879401110841723,campus_hash,rend_total_antepenultimo
ALL_FEATURES_81,659,0.18785367207921846,anyo_ingreso,n_wifi_days_m10
ALL_FEATURES_81,660,0.18763740547148489,preferencia_seleccion,rend_total_ultimo
ALL_FEATURES_81,661,0.1875491364725903,cred_mat2,cred_sup_1o
ALL_FEATURES_81,662,0.18691849172946284,pft_days_logged_m12,resource_events_m09
ALL_FEATURES_81,663,0.18555295924558912,pft_days_logged_m11,n_resource_days_m12
ALL_FEATURES_81,664,0.1834650655562493,cred_mat_movilidad,cred_sup_4o
ALL_FEATURES_81,665,0.18323492215568749,pft_days_logged_m10,n_resource_days_m09
ALL_FEATURES_81,666,0.1827898277021456,pft_visits_m10,n_resource_days_m09
ALL_FEATURES_81,667,0.1823666039986777,curso_mas_bajo,cred_sup_1o
ALL_FEATURES_81,668,0.1817564045491072,cred_sup_3o,n_wifi_days_m09
ALL_FEATURES_81,669,0.18148358721920665,pft_days_logged_m09,resource_events_m11
ALL_FEATURES_81,670,0.18025287547553506,cred_sup_4o,n_wifi_days_m11
ALL_FEATURES_81,671,0.18010841836679692,curso_mas_bajo,cred_mat_sem_b
ALL_FEATURES_81,672,0.17944628742758528,cred_sup_4o,practicas
ALL_FEATURES_81,673,0.17881745443560693,tipo_ingreso,cred_mat3
ALL_FEATURES_81,674,0.17796147095768555,cred_mat_movilidad,asig1
ALL_FEATURES_81,675,0.17789415333750558,pft_visits_m09,resource_events_m11
ALL_FEATURES_81,676,0.1778051927109079,campus_hash,preferencia_seleccion
ALL_FEATURES_81,677,0.17566838714633093,cred_mat_movilidad,cred_mat_sem_a
ALL_FEATURES_81,678,0.17499699231945876,cred_mat_sem_b,actividades
ALL_FEATURES_81,679,0.17494390237771815,pft_visits_m09,n_resource_days_m11
ALL_FEATURES_81,680,0.17318924918756862,actividades,asig1
ALL_FEATURES_81,681,0.1726076567899053,cred_mat4,n_wifi_days_m12
ALL_FEATURES_81,682,0.1724598985800032,cred_mat_anu,anyo_inicio_estudios
ALL_FEATURES_81,683,0.17242469115705905,campus_hash,pract1
ALL_FEATURES_81,684,0.17217602817631314,tipo_ingreso,rend_total_ultimo
ALL_FEATURES_81,685,0.17168316680342866,cred_mat_practicas,cred_sup_3o
ALL_FEATURES_81,686,0.17101160248243552,pft_visits_m11,n_resource_days_m09
ALL_FEATURES_81,687,0.17082457660444472,anyo_ingreso,n_wifi_days_m12
ALL_FEATURES_81,688,0.1705699090318129,cred_sup_3o,practicas
ALL_FEATURES_81,689,0.170379990187552,curso_mas_bajo,asig1
ALL_FEATURES_81,690,0.17026780422373644,cred_mat_movilidad,cred_mat_total
ALL_FEATURES_81,691,0.16986189449449096,cred_sup_2o,n_wifi_days_m12
ALL_FEATURES_81,692,0.1697407848574084,cred_sup_3o,n_wifi_days_m12
ALL_FEATURES_81,693,0.1692114159503575,cred_mat_anu,n_wifi_days_m10
ALL_FEATURES_81,694,0.1686055517958982,cred_mat_practicas,cred_mat_sem_a
ALL_FEATURES_81,695,0.16847239212334394,cred_mat_anu,n_wifi_days_m09
ALL_FEATURES_81,696,0.16831833533115326,cred_mat_anu,n_wifi_days_m11
ALL_FEATURES_81,697,0.1678409960555456,cred_mat2,rend_total_antepenultimo
ALL_FEATURES_81,698,0.16770044421647778,cred_mat1,n_wifi_days_m12
ALL_FEATURES_81,699,0.1668205221748318,cred_mat_practicas,cred_mat_sem_b
ALL_FEATURES_81,700,0.16630187577222344,cred_mat5,cred_mat_anu
ALL_FEATURES_81,701,0.16583070267037847,nota14_hash,pft_days_logged_m09
ALL_FEATURES_81,702,0.16573592649228885,nota10_hash,pft_total_minutes_m09
ALL_FEATURES_81,703,0.16563956394010493,pft_days_logged_m11,n_resource_days_m09
ALL_FEATURES_81,704,0.16508217231981526,curso_mas_bajo,rend_total_penultimo
ALL_FEATURES_81,705,0.1645334026498384,nota10_hash,pft_days_logged_m09
ALL_FEATURES_81,706,0.16396996395235064,nota10_hash,cred_mat5
ALL_FEATURES_81,707,0.16298161023059346,cred_mat_movilidad,cred_mat_sem_b
ALL_FEATURES_81,708,0.16275206003665146,cred_mat_sem_a,practicas
ALL_FEATURES_81,709,0.16272671199311528,cred_mat1,rend_total_penultimo
ALL_FEATURES_81,710,0.1625480031194222,cred_sup_2o,rend_total_antepenultimo
ALL_FEATURES_81,711,0.16253430829947568,pft_days_logged_m09,n_resource_days_m11
ALL_FEATURES_81,712,0.1621284383144892,estudios_p_hash,cred_mat_normal
ALL_FEATURES_81,713,0.16119130458134645,pft_visits_m12,n_resource_days_m09
ALL_FEATURES_81,714,0.16113698063629922,cred_sup_1o,cred_sup_4o
ALL_FEATURES_81,715,0.16056047811201868,actividades,n_wifi_days_m10
ALL_FEATURES_81,716,0.16005148979071926,estudios_p_hash,rend_total_ultimo
ALL_FEATURES_81,717,0.1597227702870967,cred_sup_4o,n_wifi_days_m12
ALL_FEATURES_81,718,0.15944454579426282,pft_visits_m09,resource_events_m12
ALL_FEATURES_81,719,0.15898022539805098,cred_mat_normal,cred_mat_movilidad
ALL_FEATURES_81,720,0.15803212856124738,pft_days_logged_m09,resource_events_m12
ALL_FEATURES_81,721,0.15766718850680128,curso_mas_alto,cred_mat5
ALL_FEATURES_81,722,0.15751131132719556,nota14_hash,pft_visits_m09
ALL_FEATURES_81,723,0.15711637843411808,cred_mat_practicas,cred_sup_4o
ALL_FEATURES_81,724,0.1569044221084015,nota10_hash,pft_visits_m09
ALL_FEATURES_81,725,0.15686215592110742,cred_mat_total,pract1
ALL_FEATURES_81,726,0.1568464246882213,cred_mat_anu,n_wifi_days_m12
ALL_FEATURES_81,727,0.15624135801342032,rend_total_antepenultimo,n_wifi_days_m11
ALL_FEATURES_81,728,0.15571354745613064,estudios_m_hash,cred_mat_normal
ALL_FEATURES_81,729,0.1551911116778122,cred_mat4,cred_mat_practicas
ALL_FEATURES_81,730,0.15501376817724474,actividades,rend_total_ultimo
ALL_FEATURES_81,731,0.15427379956258847,cred_mat4,practicas
ALL_FEATURES_81,732,0.15343407142228038,preferencia_seleccion,asig1
ALL_FEATURES_81,733,0.15213172932156827,cred_mat3,cred_sup_1o
ALL_FEATURES_81,734,0.15198295865020306,cred_mat_sem_b,practicas
ALL_FEATURES_81,735,0.15160949077064778,tipo_ingreso,cred_mat4
ALL_FEATURES_81,736,0.1514874431215958,pft_days_logged_m12,n_resource_days_m09
ALL_FEATURES_81,737,0.1509713763523326,campus_hash,estudios_p_hash
ALL_FEATURES_81,738,0.15090880950525246,rend_total_antepenultimo,n_wifi_days_m10
ALL_FEATURES_81,739,0.1507481772267143,cred_mat_anu,cred_sup_5o
ALL_FEATURES_81,740,0.15053966384594109,nota10_hash,pft_events_m09
ALL_FEATURES_81,741,0.15019861898136574,cred_mat_practicas,rend_total_ultimo
ALL_FEATURES_81,742,0.15017779332621295,pft_visits_m09,n_resource_days_m12
ALL_FEATURES_81,743,0.14917514498680307,curso_mas_bajo,cred_mat_total
ALL_FEATURES_81,744,0.1481108024053821,nota14_hash,pft_total_minutes_m09
ALL_FEATURES_81,745,0.14792529420888112,caca,pft_visits_m09
ALL_FEATURES_81,746,0.14744756396867853,tipo_ingreso,curso_mas_bajo
ALL_FEATURES_81,747,0.14729919608817002,cred_mat4,cred_sup_1o
ALL_FEATURES_81,748,0.14698705061927075,cred_mat_anu,rend_total_antepenultimo
ALL_FEATURES_81,749,0.14685931479698766,anyo_inicio_estudios,actividades
ALL_FEATURES_81,750,0.1467132668135056,pft_days_logged_m09,n_resource_days_m12
ALL_FEATURES_81,751,0.1463240697598729,tipo_ingreso,anyo_inicio_estudios
ALL_FEATURES_81,752,0.1461929860528679,actividades,n_wifi_days_m09
ALL_FEATURES_81,753,0.14615903667558605,campus_hash,cred_mat_movilidad
ALL_FEATURES_81,754,0.14538070128166505,nota10_hash,cred_sup_5o
ALL_FEATURES_81,755,0.14489836689651805,cred_mat3,actividades
ALL_FEATURES_81,756,0.1444356869889889,estudios_p_hash,cred_mat_total
ALL_FEATURES_81,757,0.14405243202064266,curso_mas_alto,rend_total_antepenultimo
ALL_FEATURES_81,758,0.14380061149599666,actividades,n_wifi_days_m11
ALL_FEATURES_81,759,0.1434535775822905,nota14_hash,cred_mat5
ALL_FEATURES_81,760,0.14082203521564107,practicas,rend_total_penultimo
ALL_FEATURES_81,761,0.1406635918225021,nota10_hash,ajuste
ALL_FEATURES_81,762,0.14051106196985685,cred_mat_sem_a,actividades
ALL_FEATURES_81,763,0.14042815574816547,campus_hash,curso_mas_bajo
ALL_FEATURES_81,764,0.13836643108811494,cred_mat3,cred_mat_practicas
ALL_FEATURES_81,765,0.13685281552580353,estudios_m_hash,rend_total_ultimo
ALL_FEATURES_81,766,0.1359549605115875,caca,pft_days_logged_m09
ALL_FEATURES_81,767,0.13512640528253694,rend_total_antepenultimo,n_wifi_days_m09
ALL_FEATURES_81,768,0.13508972802089048,preferencia_seleccion,cred_mat_total
ALL_FEATURES_81,769,0.1349624463432093,caca,rend_total_ultimo
ALL_FEATURES_81,770,0.13475452490518336,anyo_ingreso,actividades
ALL_FEATURES_81,771,0.13474569865272998,estudios_p_hash,cred_sup_1o
ALL_FEATURES_81,772,0.13440079830361462,actividades,n_wifi_days_m12
ALL_FEATURES_81,773,0.13406531600908078,cred_mat_sem_a,pract1
ALL_FEATURES_81,774,0.13402797293216914,nota14_hash,pft_events_m09
ALL_FEATURES_81,775,0.13339087333288813,rend_total_antepenultimo,n_wifi_days_m12
ALL_FEATURES_81,776,0.13279691366474555,cred_mat3,practicas
ALL_FEATURES_81,777,0.13266297472199984,tipo_ingreso,cred_mat_anu
ALL_FEATURES_81,778,0.13234788503191994,cred_sup_3o,actividades
ALL_FEATURES_81,779,0.13226304709941328,cred_sup_4o,pract1
ALL_FEATURES_81,780,0.1313112686897835,nota14_hash,cred_sup_5o
ALL_FEATURES_81,781,0.13122547066949153,anyo_inicio_estudios,practicas
ALL_FEATURES_81,782,0.13096235590805172,nota14_hash,ajuste
ALL_FEATURES_81,783,0.13000909985118006,nota10_hash,pft_days_logged_m10
ALL_FEATURES_81,784,0.1294893529331027,cred_mat_movilidad,cred_sup_3o
ALL_FEATURES_81,785,0.12884272970169253,cred_mat_sem_b,pract1
ALL_FEATURES_81,786,0.12861297508458902,estudios_p_hash,asig1
ALL_FEATURES_81,787,0.12791641991716585,estudios_m_hash,cred_mat_total
ALL_FEATURES_81,788,0.12764753316985722,cred_sup_2o,practicas
ALL_FEATURES_81,789,0.12692855304771467,curso_mas_alto,cred_sup_5o
ALL_FEATURES_81,790,0.1269014755760871,cred_mat5,cred_mat_sem_a
ALL_FEATURES_81,791,0.12675116125908836,cred_mat4,pract1
ALL_FEATURES_81,792,0.12629897462882764,nota10_hash,pft_total_minutes_m11
ALL_FEATURES_81,793,0.12626986144433516,tipo_ingreso,rend_total_penultimo
ALL_FEATURES_81,794,0.12620410597576548,pract1,rend_total_ultimo
ALL_FEATURES_81,795,0.12601115853923428,nota10_hash,pft_total_minutes_m12
ALL_FEATURES_81,796,0.1258218251735217,cred_mat1,practicas
ALL_FEATURES_81,797,0.12527502300681806,nota10_hash,pft_total_minutes_m10
ALL_FEATURES_81,798,0.12509908324206884,nota14_hash,pft_days_logged_m10
ALL_FEATURES_81,799,0.12508534747661404,estudios_m_hash,asig1
ALL_FEATURES_81,800,0.12497767884812915,nota10_hash,pft_days_logged_m11
ALL_FEATURES_81,801,0.12493106669874887,cred_sup_3o,pract1
ALL_FEATURES_81,802,0.12490792802082586,preferencia_seleccion,rend_total_penultimo
ALL_FEATURES_81,803,0.12424771743710834,nota14_hash,pft_days_logged_m11
ALL_FEATURES_81,804,0.12421521791440338,cred_mat_practicas,n_wifi_days_m09
ALL_FEATURES_81,805,0.12377714584221078,campus_hash,estudios_m_hash
ALL_FEATURES_81,806,0.12288120449568216,caca,pft_visits_m10
ALL_FEATURES_81,807,0.12241517343799567,nota10_hash,pft_days_logged_m12
ALL_FEATURES_81,808,0.12230729614275936,nota10_hash,pft_visits_m11
ALL_FEATURES_81,809,0.12228168111056804,anyo_ingreso,practicas
ALL_FEATURES_81,810,0.12211966555859945,cred_mat5,cred_mat_total
ALL_FEATURES_81,811,0.12210705606275775,cred_mat_total,actividades
ALL_FEATURES_81,812,0.12129717943629093,cred_mat2,practicas
ALL_FEATURES_81,813,0.12094544751393065,cred_mat_practicas,cred_sup_2o
ALL_FEATURES_81,814,0.12093060874766605,tipo_ingreso,cred_mat2
ALL_FEATURES_81,815,0.12083787675176436,nota10_hash,pft_events_m10
ALL_FEATURES_81,816,0.11985539749498385,caca,pft_visits_m11
ALL_FEATURES_81,817,0.11918054888115925,cred_mat3,cred_mat_movilidad
ALL_FEATURES_81,818,0.11847198543209815,cred_mat5,cred_sup_4o
ALL_FEATURES_81,819,0.1184718639825828,cred_mat4,actividades
ALL_FEATURES_81,820,0.11775368057638147,cred_mat_practicas,n_wifi_days_m11
ALL_FEATURES_81,821,0.11741522604507584,cred_mat5,cred_mat_normal
ALL_FEATURES_81,822,0.1170009351339365,nota10_hash,pft_visits_m10
ALL_FEATURES_81,823,0.11697757766281035,nota10_hash,pft_events_m11
ALL_FEATURES_81,824,0.11680206014370408,cred_sup_4o,actividades
ALL_FEATURES_81,825,0.1164732703072504,nota14_hash,pft_total_minutes_m10
ALL_FEATURES_81,826,0.11643761257212047,estudios_m_hash,cred_sup_1o
ALL_FEATURES_81,827,0.11593891406157385,caca,pft_days_logged_m11
ALL_FEATURES_81,828,0.1158671820771482,preferencia_seleccion,cred_mat_sem_a
ALL_FEATURES_81,829,0.11566851373655228,nota14_hash,pft_total_minutes_m11
ALL_FEATURES_81,830,0.1154987137853758,cred_mat5,cred_mat_sem_b
ALL_FEATURES_81,831,0.1154951652808931,preferencia_seleccion,cred_sup_1o
ALL_FEATURES_81,832,0.11490969010311768,estudios_p_hash,rend_total_penultimo
ALL_FEATURES_81,833,0.11458928002984735,cred_mat_movilidad,anyo_inicio_estudios
ALL_FEATURES_81,834,0.11447319372450784,nota14_hash,n_resource_days_m09
ALL_FEATURES_81,835,0.11431986472931666,cred_mat3,pract1
ALL_FEATURES_81,836,0.1142641191265028,curso_mas_bajo,rend_total_antepenultimo
ALL_FEATURES_81,837,0.11351315059844858,caca,pft_days_logged_m10
ALL_FEATURES_81,838,0.11249376235782373,nota14_hash,pft_events_m11
ALL_FEATURES_81,839,0.11248283015369154,nota10_hash,pft_visits_m12
ALL_FEATURES_81,840,0.1124096584602352,cred_sup_1o,practicas
ALL_FEATURES_81,841,0.11091399766663468,nota14_hash,pft_visits_m11
ALL_FEATURES_81,842,0.11088221586069837,nota14_hash,pft_total_minutes_m12
ALL_FEATURES_81,843,0.1100326667179008,nota14_hash,pft_events_m10
ALL_FEATURES_81,844,0.11002160127776772,pft_days_logged_m09,n_wifi_days_m11
ALL_FEATURES_81,845,0.10976015403212712,nota14_hash,pft_visits_m10
ALL_FEATURES_81,846,0.10949534626746617,nota10_hash,pft_events_m12
ALL_FEATURES_81,847,0.10910853374743068,cred_mat5,asig1
ALL_FEATURES_81,848,0.10888853664408372,tipo_ingreso,pft_total_minutes_m09
ALL_FEATURES_81,849,0.10881318015696716,tipo_ingreso,pft_events_m09
ALL_FEATURES_81,850,0.10839811828086797,pract1,n_wifi_days_m11
ALL_FEATURES_81,851,0.10782039494235064,estudios_p_hash,cred_mat_sem_b
ALL_FEATURES_81,852,0.10779857795530123,estudios_m_hash,cred_mat_sem_a
ALL_FEATURES_81,853,0.10657283143323326,pft_visits_m09,n_wifi_days_m11
ALL_FEATURES_81,854,0.106074268117907,pft_visits_m09,n_wifi_days_m10
ALL_FEATURES_81,855,0.10579601684940787,curso_mas_bajo,cred_mat_movilidad
ALL_FEATURES_81,856,0.10554718902100556,caca,pft_visits_m12
ALL_FEATURES_81,857,0.1054478402704433,nota14_hash,pft_days_logged_m12
ALL_FEATURES_81,858,0.1051563003948366,preferencia_seleccion,cred_mat_sem_b
ALL_FEATURES_81,859,0.1047532886788014,cred_sup_1o,rend_total_penultimo
ALL_FEATURES_81,860,0.10439855951948697,estudios_p_hash,cred_mat_sem_a
ALL_FEATURES_81,861,0.10434394190710794,practicas,n_wifi_days_m11
ALL_FEATURES_81,862,0.10407063044714217,activ1,n_wifi_days_m10
ALL_FEATURES_81,863,0.1038711817750162,nota10_hash,n_resource_days_m09
ALL_FEATURES_81,864,0.10379716812347796,anyo_ingreso,pft_visits_m09
ALL_FEATURES_81,865,0.1029782489122848,nota10_hash,n_resource_days_m12
ALL_FEATURES_81,866,0.10290795375045204,caca,pft_days_logged_m12
ALL_FEATURES_81,867,0.10281423869339257,nota14_hash,n_resource_days_m10
ALL_FEATURES_81,868,0.10239747796628952,nota14_hash,pft_events_m12
ALL_FEATURES_81,869,0.10213676893907844,cred_mat_practicas,rend_total_penultimo
ALL_FEATURES_81,870,0.10206646903511453,preferencia_seleccion,cred_sup_3o
ALL_FEATURES_81,871,0.1016823247934724,cred_mat_anu,practicas
ALL_FEATURES_81,872,0.10163459083104164,cred_mat2,cred_mat_practicas
ALL_FEATURES_81,873,0.10147197695502186,tipo_ingreso,n_wifi_days_m09
ALL_FEATURES_81,874,0.1014649336191904,practicas,n_wifi_days_m09
ALL_FEATURES_81,875,0.10144708040427107,nota14_hash,n_resource_days_m11
ALL_FEATURES_81,876,0.10131348814740536,nota10_hash,n_resource_days_m10
ALL_FEATURES_81,877,0.10082600866604884,cred_mat4,cred_mat5
ALL_FEATURES_81,878,0.10068916076619594,cred_mat_movilidad,cred_sup_2o
ALL_FEATURES_81,879,0.1006057164016676,nota14_hash,pft_visits_m12
ALL_FEATURES_81,880,0.10057064098732392,estudios_p_hash,cred_mat1
ALL_FEATURES_81,881,0.1004815911152237,pft_visits_m10,n_wifi_days_m11
ALL_FEATURES_81,882,0.10038604858978672,cred_mat_practicas,n_wifi_days_m10
ALL_FEATURES_81,883,0.10020457090574553,actividades,rend_total_penultimo
ALL_FEATURES_81,884,0.09996779149558056,cred_mat_movilidad,rend_total_ultimo
ALL_FEATURES_81,885,0.09972833786302092,preferencia_seleccion,cred_mat1
ALL_FEATURES_81,886,0.0993227096999858,pft_days_logged_m09,n_wifi_days_m10
ALL_FEATURES_81,887,0.09895885147332972,pft_days_logged_m10,n_wifi_days_m11
ALL_FEATURES_81,888,0.09890821849731156,preferencia_seleccion,cred_mat3
ALL_FEATURES_81,889,0.09861674059068992,practicas,actividades
ALL_FEATURES_81,890,0.09854422655794348,cred_mat1,cred_mat_practicas
ALL_FEATURES_81,891,0.0981955614472758,nota10_hash,n_resource_days_m11
ALL_FEATURES_81,892,0.098033319333517,pft_days_logged_m11,n_wifi_days_m11
ALL_FEATURES_81,893,0.09800472280586893,curso_mas_bajo,cred_mat5
ALL_FEATURES_81,894,0.09797043313530283,pft_days_logged_m09,n_wifi_days_m09
ALL_FEATURES_81,895,0.09784920351047433,tipo_ingreso,rend_total_antepenultimo
ALL_FEATURES_81,896,0.09776270434399148,anyo_ingreso,pft_days_logged_m09
ALL_FEATURES_81,897,0.09759394451335536,cred_mat5,rend_total_ultimo
ALL_FEATURES_81,898,0.09748079174353297,pract1,n_wifi_days_m09
ALL_FEATURES_81,899,0.09742378553323404,tipo_ingreso,pft_total_minutes_m11
ALL_FEATURES_81,900,0.0969495423857598,tipo_ingreso,pft_total_minutes_m12
ALL_FEATURES_81,901,0.09685249463339396,pft_visits_m09,n_wifi_days_m09
ALL_FEATURES_81,902,0.09652082168850208,tipo_ingreso,pft_total_minutes_m10
ALL_FEATURES_81,903,0.09649414420466228,nota10_hash,resource_events_m10
ALL_FEATURES_81,904,0.09648505558112497,curso_mas_alto,cred_mat_movilidad
ALL_FEATURES_81,905,0.09615215675088427,caca,cred_mat_normal
ALL_FEATURES_81,906,0.0959219641006257,pft_days_logged_m10,n_wifi_days_m10
ALL_FEATURES_81,907,0.09553424475029626,pft_days_logged_m11,n_wifi_days_m10
ALL_FEATURES_81,908,0.09512603437118193,pft_visits_m10,n_wifi_days_m10
ALL_FEATURES_81,909,0.09497496833633344,pft_days_logged_m09,n_wifi_days_m12
ALL_FEATURES_81,910,0.09473352992802386,pft_days_logged_m10,n_wifi_days_m09
ALL_FEATURES_81,911,0.0944929914681012,nota10_hash,resource_events_m09
ALL_FEATURES_81,912,0.09405684608188647,nota14_hash,n_resource_days_m12
ALL_FEATURES_81,913,0.09384237193945744,pft_visits_m11,n_wifi_days_m10
ALL_FEATURES_81,914,0.09317599456328284,pft_visits_m10,n_wifi_days_m09
ALL_FEATURES_81,915,0.09314969744823376,activ1,n_wifi_days_m11
ALL_FEATURES_81,916,0.09304178211510196,estudios_m_hash,cred_mat1
ALL_FEATURES_81,917,0.0930027047748494,estudios_m_hash,rend_total_penultimo
ALL_FEATURES_81,918,0.09293229940020352,anyo_ingreso,cred_mat_movilidad
ALL_FEATURES_81,919,0.09291168332871892,cred_mat_normal,ajuste
ALL_FEATURES_81,920,0.09261735985452546,campus_hash,activ1
ALL_FEATURES_81,921,0.09236203706400524,cred_sup_5o,asig1
ALL_FEATURES_81,922,0.09213973520785236,activ1,n_wifi_days_m12
ALL_FEATURES_81,923,0.0920819803516757,preferencia_seleccion,rend_total_antepenultimo
ALL_FEATURES_81,924,0.09204300571170697,pft_visits_m11,n_wifi_days_m11
ALL_FEATURES_81,925,0.0916698270105849,cred_mat1,pract1
ALL_FEATURES_81,926,0.09133090662069243,practicas,rend_total_antepenultimo
ALL_FEATURES_81,927,0.09119028433697453,caca,rend_total_penultimo
ALL_FEATURES_81,928,0.0908930281107394,estudios_m_hash,cred_mat_sem_b
ALL_FEATURES_81,929,0.090692641391394,tipo_ingreso,pft_events_m10
ALL_FEATURES_81,930,0.09009018094255072,pft_visits_m09,n_wifi_days_m12
ALL_FEATURES_81,931,0.0899756963184295,preferencia_seleccion,cred_sup_2o
ALL_FEATURES_81,932,0.08979888066202335,tipo_ingreso,pft_events_m11
ALL_FEATURES_81,933,0.08968191843324202,nota14_hash,resource_events_m10
ALL_FEATURES_81,934,0.08966421614924114,cred_mat_movilidad,rend_total_penultimo
ALL_FEATURES_81,935,0.08937529538108713,cred_mat2,pract1
ALL_FEATURES_81,936,0.08929003606898234,cred_mat_practicas,anyo_inicio_estudios
ALL_FEATURES_81,937,0.088986774920639,nota14_hash,resource_events_m09
ALL_FEATURES_81,938,0.0889807914496048,estudios_p_hash,cred_mat4
ALL_FEATURES_81,939,0.08873908496693961,campus_hash,cred_mat5
ALL_FEATURES_81,940,0.08852810148646695,dedicacion,cred_mat_normal
ALL_FEATURES_81,941,0.08841601024105028,estudios_p_hash,cred_sup_3o
ALL_FEATURES_81,942,0.08817535134456111,estudios_p_hash,rend_total_antepenultimo
ALL_FEATURES_81,943,0.08817415799831263,preferencia_seleccion,cred_mat_anu
ALL_FEATURES_81,944,0.08813663963859142,cred_sup_2o,pract1
ALL_FEATURES_81,945,0.08807853022991452,curso_mas_alto,cred_mat_practicas
ALL_FEATURES_81,946,0.08806379942101472,tipo_ingreso,pft_events_m12
ALL_FEATURES_81,947,0.08805032335423046,asig1,activ1
ALL_FEATURES_81,948,0.08801615931703123,cred_mat_practicas,cred_mat_anu
ALL_FEATURES_81,949,0.08784998955325563,estudios_p_hash,cred_sup_4o
ALL_FEATURES_81,950,0.08752445931474817,preferencia_seleccion,cred_sup_4o
ALL_FEATURES_81,951,0.0871376641077557,activ1,n_wifi_days_m09
ALL_FEATURES_81,952,0.08699108914547704,anyo_ingreso,pft_days_logged_m10
ALL_FEATURES_81,953,0.08695408326490918,pft_days_logged_m12,n_wifi_days_m11
ALL_FEATURES_81,954,0.08687489942558635,estudios_p_hash,cred_sup_2o
ALL_FEATURES_81,955,0.08682846066384631,practicas,n_wifi_days_m10
ALL_FEATURES_81,956,0.08622341619833929,pft_visits_m12,n_wifi_days_m10
ALL_FEATURES_81,957,0.08620426258896252,anyo_ingreso,pft_visits_m11
ALL_FEATURES_81,958,0.08531129641333113,cred_sup_4o,cred_sup_5o
ALL_FEATURES_81,959,0.08526940061293686,anyo_ingreso,pft_visits_m10
ALL_FEATURES_81,960,0.08521010232542725,pft_days_logged_m10,n_wifi_days_m12
ALL_FEATURES_81,961,0.08513909611256665,pft_visits_m12,n_wifi_days_m09
ALL_FEATURES_81,962,0.08420780818111151,estudios_m_hash,cred_sup_4o
ALL_FEATURES_81,963,0.0841387905477049,nota10_hash,resource_events_m12
ALL_FEATURES_81,964,0.0840221163603001,cred_mat1,rend_total_antepenultimo
ALL_FEATURES_81,965,0.08381137305538111,cred_mat_sem_b,activ1
ALL_FEATURES_81,966,0.08365318616443053,curso_mas_bajo,cred_sup_5o
ALL_FEATURES_81,967,0.08357115350081834,pft_visits_m12,n_wifi_days_m11
ALL_FEATURES_81,968,0.08351814679096936,ajuste,asig1
ALL_FEATURES_81,969,0.08298957756324388,caca,asig1
ALL_FEATURES_81,970,0.08294328152916464,cred_sup_3o,ajuste
ALL_FEATURES_81,971,0.08216324948123166,pract1,n_wifi_days_m10
ALL_FEATURES_81,972,0.08211665056153272,cred_mat_practicas,cred_sup_1o
ALL_FEATURES_81,973,0.08211086761477215,pft_visits_m10,n_wifi_days_m12
ALL_FEATURES_81,974,0.08203410894248453,cred_mat5,rend_total_antepenultimo
ALL_FEATURES_81,975,0.08188273945814029,curso_mas_bajo,cred_mat_practicas
ALL_FEATURES_81,976,0.08186316241942215,anyo_ingreso,pft_days_logged_m12
ALL_FEATURES_81,977,0.08184238411645772,estudios_p_hash,cred_mat3
ALL_FEATURES_81,978,0.08182863992692369,cred_sup_5o,rend_total_ultimo
ALL_FEATURES_81,979,0.08172175965832372,estudios_p_hash,cred_mat2
ALL_FEATURES_81,980,0.08164375128901646,cred_mat_total,cred_sup_5o
ALL_FEATURES_81,981,0.08142079926009949,campus_hash,pft_total_minutes_m10
ALL_FEATURES_81,982,0.08132599377843519,anyo_ingreso,pft_days_logged_m11
ALL_FEATURES_81,983,0.08105163736793042,cred_mat_anu,actividades
ALL_FEATURES_81,984,0.08076686521949128,cred_sup_2o,actividades
ALL_FEATURES_81,985,0.08065679159591888,cred_mat_practicas,rend_total_antepenultimo
ALL_FEATURES_81,986,0.08064188334156075,preferencia_seleccion,n_wifi_days_m10
ALL_FEATURES_81,987,0.08040507967963872,cred_mat_movilidad,cred_mat_anu
ALL_FEATURES_81,988,0.08035649350459906,cred_mat_practicas,n_wifi_days_m12
ALL_FEATURES_81,989,0.08025986558025089,anyo_ingreso,cred_mat_practicas
ALL_FEATURES_81,990,0.08003896759976836,pft_days_logged_m12,n_wifi_days_m10
ALL_FEATURES_81,991,0.07999213256691995,tipo_ingreso,resource_events_m09
ALL_FEATURES_81,992,0.07927453851182786,pft_visits_m11,n_wifi_days_m12
ALL_FEATURES_81,993,0.07850224991907684,cred_mat_sem_b,cred_sup_5o
ALL_FEATURES_81,994,0.07846357122417835,pract1,rend_total_penultimo
ALL_FEATURES_81,995,0.07822421686453218,anyo_ingreso,pft_visits_m12
ALL_FEATURES_81,996,0.07785571070680941,estudios_m_hash,cred_mat3
ALL_FEATURES_81,997,0.0776595540597782,practicas,n_wifi_days_m12
ALL_FEATURES_81,998,0.0774706534566052,cred_mat4,cred_sup_5o
ALL_FEATURES_81,999,0.07734131964912018,activ1,rend_total_ultimo
ALL_FEATURES_81,1000,0.07719942479380837,estudios_p_hash,cred_mat_anu
ALL_FEATURES_81,1001,0.07707552228770886,tipo_ingreso,pft_visits_m09
ALL_FEATURES_81,1002,0.07694436175704578,estudios_m_hash,cred_sup_3o
ALL_FEATURES_81,1003,0.07688675539786871,preferencia_seleccion,cred_mat2
ALL_FEATURES_81,1004,0.07683796840472201,estudios_m_hash,rend_total_antepenultimo
ALL_FEATURES_81,1005,0.07675700558439402,anyo_ingreso,preferencia_seleccion
ALL_FEATURES_81,1006,0.07654404454811292,tipo_ingreso,resource_events_m10
ALL_FEATURES_81,1007,0.07621910140657118,campus_hash,cred_sup_5o
ALL_FEATURES_81,1008,0.07604232571146062,curso_mas_alto,practicas
ALL_FEATURES_81,1009,0.07603348783752617,tipo_ingreso,n_wifi_days_m10
ALL_FEATURES_81,1010,0.07598695288482649,pft_days_logged_m11,n_wifi_days_m12
ALL_FEATURES_81,1011,0.0759480922953153,preferencia_seleccion,n_wifi_days_m11
ALL_FEATURES_81,1012,0.0757883447232306,tipo_ingreso,resource_events_m11
ALL_FEATURES_81,1013,0.07577223527483222,cred_sup_4o,ajuste
ALL_FEATURES_81,1014,0.07537074899194972,cred_mat3,activ1
ALL_FEATURES_81,1015,0.07522423843185777,pft_assignment_submissions_m10,pft_total_minutes_m10
ALL_FEATURES_81,1016,0.07506813336005003,pft_days_logged_m11,n_wifi_days_m09
ALL_FEATURES_81,1017,0.07505818153147725,cred_mat3,ajuste
ALL_FEATURES_81,1018,0.07483733401024573,tipo_ingreso,resource_events_m12
ALL_FEATURES_81,1019,0.07473381928351053,cred_mat_total,ajuste
ALL_FEATURES_81,1020,0.07451314294511358,cred_mat_movilidad,n_wifi_days_m10
ALL_FEATURES_81,1021,0.07424512389154002,cred_mat2,actividades
ALL_FEATURES_81,1022,0.07402287930423057,cred_mat_movilidad,n_wifi_days_m11
ALL_FEATURES_81,1023,0.07361101585009378,preferencia_seleccion,n_wifi_days_m09
ALL_FEATURES_81,1024,0.07355048315697665,campus_hash,pft_total_minutes_m09
ALL_FEATURES_81,1025,0.07333941352488793,nota14_hash,resource_events_m12
ALL_FEATURES_81,1026,0.07325046814030944,cred_mat4,activ1
ALL_FEATURES_81,1027,0.07299303054088346,desplazado_hash,rend_total_ultimo
ALL_FEATURES_81,1028,0.07295959353982172,cred_mat_sem_a,cred_sup_5o
ALL_FEATURES_81,1029,0.07290532753727508,pft_visits_m11,n_wifi_days_m09
ALL_FEATURES_81,1030,0.07284743977203599,pract1,n_wifi_days_m12
ALL_FEATURES_81,1031,0.07256745612755823,preferencia_seleccion,actividades
ALL_FEATURES_81,1032,0.07245151273260664,estudios_m_hash,cred_mat2
ALL_FEATURES_81,1033,0.07233010054288425,pft_events_m10,pft_assignment_submissions_m10
ALL_FEATURES_81,1034,0.07225094138766064,campus_hash,pft_events_m10
ALL_FEATURES_81,1035,0.07224152275634399,nota10_hash,resource_events_m11
ALL_FEATURES_81,1036,0.0720690755993667,tipo_ingreso,n_resource_days_m09
ALL_FEATURES_81,1037,0.07192893481651462,estudios_m_hash,cred_mat4
ALL_FEATURES_81,1038,0.07188570572287922,curso_mas_alto,pract1
ALL_FEATURES_81,1039,0.07188306304930236,campus_hash,n_resource_days_m10
ALL_FEATURES_81,1040,0.07170827830914384,tipo_ingreso,n_resource_days_m10
ALL_FEATURES_81,1041,0.07115037875815844,tipo_ingreso,n_resource_days_m11
ALL_FEATURES_81,1042,0.07094617163869721,nota10_hash,dedicacion
ALL_FEATURES_81,1043,0.07084027514288538,cred_mat5,rend_total_penultimo
ALL_FEATURES_81,1044,0.07078484573665468,anyo_ingreso,pft_total_minutes_m11
ALL_FEATURES_81,1045,0.07076986811353514,campus_hash,pft_total_minutes_m12
ALL_FEATURES_81,1046,0.07070289103918448,curso_mas_alto,n_wifi_days_m09
ALL_FEATURES_81,1047,0.07057128365586474,tipo_ingreso,n_wifi_days_m11
ALL_FEATURES_81,1048,0.07035802838264749,preferencia_seleccion,anyo_inicio_estudios
ALL_FEATURES_81,1049,0.07014151916755207,pft_assignment_submissions_m10,resource_events_m09
ALL_FEATURES_81,1050,0.07006593063614286,campus_hash,pft_events_m12
ALL_FEATURES_81,1051,0.07003275799776176,anyo_inicio_estudios,pract1
ALL_FEATURES_81,1052,0.06998168975925623,caca,cred_mat_total
ALL_FEATURES_81,1053,0.06991706908322204,pft_days_logged_m12,n_wifi_days_m09
ALL_FEATURES_81,1054,0.06965226195576335,nota14_hash,dedicacion
ALL_FEATURES_81,1055,0.06959861124450817,cred_mat5,anyo_inicio_estudios
ALL_FEATURES_81,1056,0.06955916439828158,campus_hash,pft_total_minutes_m11
ALL_FEATURES_81,1057,0.06923622638378824,pft_visits_m10,pft_assignment_submissions_m10
ALL_FEATURES_81,1058,0.06917787870489356,caca,cred_sup_3o
ALL_FEATURES_81,1059,0.06898599465701771,cred_mat_sem_a,ajuste
ALL_FEATURES_81,1060,0.06890607540752125,pft_assignment_submissions_m10,resource_events_m10
ALL_FEATURES_81,1061,0.06877306266257044,cred_mat_practicas,actividades
ALL_FEATURES_81,1062,0.06873289435270014,pft_assignment_submissions_m10,pft_total_minutes_m11
ALL_FEATURES_81,1063,0.0687053222755214,anyo_inicio_estudios,pft_visits_m09
ALL_FEATURES_81,1064,0.0685842668855372,estudios_m_hash,cred_mat_anu
ALL_FEATURES_81,1065,0.06848983714205215,pft_days_logged_m10,pft_assignment_submissions_m10
ALL_FEATURES_81,1066,0.06846829706049372,pft_days_logged_m12,n_wifi_days_m12
ALL_FEATURES_81,1067,0.06836805076192576,pft_events_m11,pft_assignment_submissions_m11
ALL_FEATURES_81,1068,0.06823665559818083,pft_assignment_submissions_m11,pft_total_minutes_m11
ALL_FEATURES_81,1069,0.0682334638551243,tipo_ingreso,pft_days_logged_m09
ALL_FEATURES_81,1070,0.06771280915578437,anyo_ingreso,pft_events_m09
ALL_FEATURES_81,1071,0.06747800264127779,cred_mat_movilidad,n_wifi_days_m09
ALL_FEATURES_81,1072,0.06745473513621736,cred_mat2,cred_mat_movilidad
ALL_FEATURES_81,1073,0.06732808387083722,cred_mat4,ajuste
ALL_FEATURES_81,1074,0.06725062738550491,campus_hash,ajuste
ALL_FEATURES_81,1075,0.06712603135084283,pft_visits_m12,n_wifi_days_m12
ALL_FEATURES_81,1076,0.0670649365284044,anyo_ingreso,pft_total_minutes_m10
ALL_FEATURES_81,1077,0.06686242335737802,anyo_ingreso,pract1
ALL_FEATURES_81,1078,0.06684648627122147,campus_hash,pft_events_m09
ALL_FEATURES_81,1079,0.06677437935537478,cred_sup_5o,rend_total_antepenultimo
ALL_FEATURES_81,1080,0.06659527722710834,preferencia_seleccion,cred_mat4
ALL_FEATURES_81,1081,0.06638203209116611,tipo_ingreso,actividades
ALL_FEATURES_81,1082,0.06630735243906116,nota14_hash,resource_events_m11
ALL_FEATURES_81,1083,0.06593976227531595,cred_mat_normal,cred_sup_5o
ALL_FEATURES_81,1084,0.06593843518429843,campus_hash,resource_events_m10
ALL_FEATURES_81,1085,0.06560109960703997,pft_events_m10,pft_test_submissions_m10
ALL_FEATURES_81,1086,0.06558934102412017,cred_mat_anu,pract1
ALL_FEATURES_81,1087,0.06499914260821349,anyo_ingreso,pft_events_m10
ALL_FEATURES_81,1088,0.06492020214370342,cred_mat_sem_a,activ1
ALL_FEATURES_81,1089,0.0647109997451869,tipo_ingreso,n_resource_days_m12
ALL_FEATURES_81,1090,0.064415583327885,curso_mas_bajo,n_wifi_days_m09
ALL_FEATURES_81,1091,0.06432272869749367,pft_assignment_submissions_m10,pft_total_minutes_m09
ALL_FEATURES_81,1092,0.06417431712803978,tipo_ingreso,pft_days_logged_m11
ALL_FEATURES_81,1093,0.06402489427192037,cred_sup_3o,activ1
ALL_FEATURES_81,1094,0.06398664668095577,anyo_ingreso,cred_mat5
ALL_FEATURES_81,1095,0.06365669017517828,tipo_ingreso,estudios_m_hash
ALL_FEATURES_81,1096,0.06358769821594913,pft_assignment_submissions_m11,resource_events_m09
ALL_FEATURES_81,1097,0.06347981577840756,anyo_ingreso,pft_total_minutes_m09
ALL_FEATURES_81,1098,0.0634752453316838,dedicacion,cred_mat_total
ALL_FEATURES_81,1099,0.06327783847237711,anyo_ingreso,pft_events_m11
ALL_FEATURES_81,1100,0.06321687429134837,pft_visits_m10,pft_test_submissions_m10
ALL_FEATURES_81,1101,0.06311588913816024,cred_sup_4o,activ1
ALL_FEATURES_81,1102,0.06279762567981262,pft_visits_m09,pft_assignment_submissions_m10
ALL_FEATURES_81,1103,0.06268714875084402,preferencia_seleccion,n_wifi_days_m12
ALL_FEATURES_81,1104,0.06258985305687315,cred_sup_1o,pract1
ALL_FEATURES_81,1105,0.06258609730941256,anyo_inicio_estudios,pft_days_logged_m09
ALL_FEATURES_81,1106,0.06247295519555252,estudios_m_hash,cred_sup_2o
ALL_FEATURES_81,1107,0.06215139504803345,curso_mas_bajo,pract1
ALL_FEATURES_81,1108,0.06196729800322931,pft_assignment_submissions_m10,n_resource_days_m10
ALL_FEATURES_81,1109,0.061695682173481536,estudios_p_hash,actividades
ALL_FEATURES_81,1110,0.06168461351892951,pft_days_logged_m10,pft_assignment_submissions_m11
ALL_FEATURES_81,1111,0.061608693795548675,curso_mas_alto,n_wifi_days_m10
ALL_FEATURES_81,1112,0.06150759853690601,pft_assignment_submissions_m11,resource_events_m11
ALL_FEATURES_81,1113,0.06117207999573715,dedicacion,asig1
ALL_FEATURES_81,1114,0.06088889546205056,pft_days_logged_m10,pft_test_submissions_m10
ALL_FEATURES_81,1115,0.060563851803920876,tipo_ingreso,n_wifi_days_m12
ALL_FEATURES_81,1116,0.06044722735375085,cred_mat_movilidad,practicas
ALL_FEATURES_81,1117,0.060267509335699465,pft_assignment_submissions_m10,pft_total_minutes_m12
ALL_FEATURES_81,1118,0.06020809444729691,cred_mat5,n_wifi_days_m09
ALL_FEATURES_81,1119,0.0601464593061749,ajuste,rend_total_penultimo
ALL_FEATURES_81,1120,0.0601429404534688,cred_mat_sem_a,pft_total_minutes_m10
ALL_FEATURES_81,1121,0.06000008297104833,pft_days_logged_m11,pft_assignment_submissions_m10
ALL_FEATURES_81,1122,0.0598123486480846,curso_mas_alto,actividades
ALL_FEATURES_81,1123,0.059754042020649926,anyo_inicio_estudios,pft_days_logged_m12
ALL_FEATURES_81,1124,0.0597093265535138,cred_mat_sem_b,ajuste
ALL_FEATURES_81,1125,0.0595088864994846,anyo_ingreso,pft_total_minutes_m12
ALL_FEATURES_81,1126,0.059377588040734786,pft_visits_m12,pft_assignment_submissions_m10
ALL_FEATURES_81,1127,0.05918991654460904,cred_mat5,cred_sup_3o
ALL_FEATURES_81,1128,0.05898747831289253,ajuste,rend_total_ultimo
ALL_FEATURES_81,1129,0.058928366384831676,cred_mat_total,activ1
ALL_FEATURES_81,1130,0.058791600121980814,cred_mat_movilidad,n_wifi_days_m12
ALL_FEATURES_81,1131,0.0587679492109694,estudios_p_hash,n_wifi_days_m10
ALL_FEATURES_81,1132,0.05871985523673118,pft_events_m11,pft_assignment_submissions_m10
ALL_FEATURES_81,1133,0.058531304605228485,pft_days_logged_m11,pft_assignment_submissions_m11
ALL_FEATURES_81,1134,0.05843129221759291,campus_hash,pft_visits_m10
ALL_FEATURES_81,1135,0.0582631882935738,caca,cred_mat2
ALL_FEATURES_81,1136,0.058227115717010676,pft_visits_m11,pft_assignment_submissions_m11
ALL_FEATURES_81,1137,0.05810264898637385,anyo_inicio_estudios,activ1
ALL_FEATURES_81,1138,0.058039294850627865,cred_sup_5o,rend_total_penultimo
ALL_FEATURES_81,1139,0.057887535963533125,tipo_ingreso,pft_visits_m10
ALL_FEATURES_81,1140,0.057853628163647024,anyo_inicio_estudios,cred_sup_5o
ALL_FEATURES_81,1141,0.057443178534499324,campus_hash,pft_days_logged_m10
ALL_FEATURES_81,1142,0.057284892566704215,pft_assignment_submissions_m11,pft_total_minutes_m10
ALL_FEATURES_81,1143,0.0572580974759771,cred_mat5,n_wifi_days_m10
ALL_FEATURES_81,1144,0.05721837434366961,pft_visits_m09,pft_test_submissions_m10
ALL_FEATURES_81,1145,0.057049479776039476,caca,cred_sup_1o
ALL_FEATURES_81,1146,0.05704403798069624,pft_assignment_submissions_m11,pft_total_minutes_m12
ALL_FEATURES_81,1147,0.056641502159977535,curso_mas_bajo,actividades
ALL_FEATURES_81,1148,0.05654703463840161,campus_hash,pft_events_m11
ALL_FEATURES_81,1149,0.056545817404558114,anyo_inicio_estudios,pft_visits_m11
ALL_FEATURES_81,1150,0.05641958283629477,cred_mat_sem_b,pft_total_minutes_m10
ALL_FEATURES_81,1151,0.05638437990615941,pft_visits_m11,pft_assignment_submissions_m10
ALL_FEATURES_81,1152,0.05637823596733772,tipo_ingreso,pft_visits_m12
ALL_FEATURES_81,1153,0.056213265144658735,cred_sup_1o,rend_total_antepenultimo
ALL_FEATURES_81,1154,0.056141731672772366,campus_hash,n_resource_days_m09
ALL_FEATURES_81,1155,0.056127486438646734,cred_mat2,ajuste
ALL_FEATURES_81,1156,0.0560750138092474,cred_mat_movilidad,rend_total_antepenultimo
ALL_FEATURES_81,1157,0.055993018415422036,cred_mat_anu,pft_total_minutes_m10
ALL_FEATURES_81,1158,0.05559411860653096,cred_mat1,actividades
ALL_FEATURES_81,1159,0.05550465406797489,tipo_ingreso,pft_visits_m11
ALL_FEATURES_81,1160,0.05550236087489502,anyo_ingreso,activ1
ALL_FEATURES_81,1161,0.055488660086880685,tipo_ingreso,pft_days_logged_m10
ALL_FEATURES_81,1162,0.05527819449043747,caca,rend_total_antepenultimo
ALL_FEATURES_81,1163,0.05521609402614658,campus_hash,pft_days_logged_m09
ALL_FEATURES_81,1164,0.055160013186990035,pft_days_logged_m11,pft_test_submissions_m11
ALL_FEATURES_81,1165,0.05503273440438239,cred_mat5,n_wifi_days_m11
ALL_FEATURES_81,1166,0.05502134830096938,pft_days_logged_m09,pft_test_submissions_m10
ALL_FEATURES_81,1167,0.05485763369909336,pft_days_logged_m12,pft_assignment_submissions_m10
ALL_FEATURES_81,1168,0.05483432332851645,campus_hash,resource_events_m11
ALL_FEATURES_81,1169,0.054707338312086407,cred_mat_anu,pft_events_m09
ALL_FEATURES_81,1170,0.05469009387753854,anyo_inicio_estudios,pft_visits_m10
ALL_FEATURES_81,1171,0.054669419581617085,pft_days_logged_m11,pft_test_submissions_m10
ALL_FEATURES_81,1172,0.05463474566355053,pft_visits_m10,pft_assignment_submissions_m11
ALL_FEATURES_81,1173,0.054609800328337066,curso_mas_bajo,n_wifi_days_m10
ALL_FEATURES_81,1174,0.05458923450371955,pft_days_logged_m09,pft_assignment_submissions_m10
ALL_FEATURES_81,1175,0.05445086072089289,curso_mas_bajo,practicas
ALL_FEATURES_81,1176,0.05419254415143193,anyo_ingreso,cred_sup_5o
ALL_FEATURES_81,1177,0.054060055791336666,estudios_p_hash,n_wifi_days_m11
ALL_FEATURES_81,1178,0.05402023626373165,caca,cred_mat1
ALL_FEATURES_81,1179,0.05399944318721683,pft_assignment_submissions_m10,resource_events_m11
ALL_FEATURES_81,1180,0.05395011119606696,desplazado_hash,cred_mat_normal
ALL_FEATURES_81,1181,0.053834452290328016,anyo_inicio_estudios,pft_visits_m12
ALL_FEATURES_81,1182,0.053780665353513335,pft_events_m12,pft_assignment_submissions_m10
ALL_FEATURES_81,1183,0.0536430344182044,cred_mat_sem_a,pft_events_m10
ALL_FEATURES_81,1184,0.05357006083880389,pft_visits_m09,pft_test_submissions_m11
ALL_FEATURES_81,1185,0.05352837636418162,cred_mat_anu,pft_events_m10
ALL_FEATURES_81,1186,0.0534503259780843,desplazado_hash,cred_sup_2o
ALL_FEATURES_81,1187,0.05338190977414259,pft_assignment_submissions_m11,pft_total_minutes_m09
ALL_FEATURES_81,1188,0.053351271228727626,anyo_ingreso,pft_events_m12
ALL_FEATURES_81,1189,0.05268658693015117,pft_events_m11,pft_test_submissions_m11
ALL_FEATURES_81,1190,0.052539358540019336,caca,cred_sup_2o
ALL_FEATURES_81,1191,0.052522555656763885,cred_sup_1o,actividades
ALL_FEATURES_81,1192,0.05245497524692056,pft_visits_m09,pft_assignment_submissions_m11
ALL_FEATURES_81,1193,0.05244557521332016,pft_assignment_submissions_m11,n_resource_days_m11
ALL_FEATURES_81,1194,0.05242383314013743,actividades,pract1
ALL_FEATURES_81,1195,0.05236995948749802,campus_hash,resource_events_m09
ALL_FEATURES_81,1196,0.05233375992697553,cred_mat1,cred_mat_movilidad
ALL_FEATURES_81,1197,0.052325490430180636,pft_test_submissions_m10,pft_total_minutes_m10
ALL_FEATURES_81,1198,0.05223526970853154,pft_visits_m10,pft_test_submissions_m11
ALL_FEATURES_81,1199,0.05210185851796467,pft_days_logged_m09,pft_test_submissions_m11
ALL_FEATURES_81,1200,0.051563719233549854,anyo_inicio_estudios,pft_days_logged_m10
ALL_FEATURES_81,1201,0.051530912245213216,anyo_ingreso,n_resource_days_m10
ALL_FEATURES_81,1202,0.05152101801126818,pft_events_m09,pft_assignment_submissions_m10
ALL_FEATURES_81,1203,0.051504370741215055,cred_mat_movilidad,actividades
ALL_FEATURES_81,1204,0.05138292486067009,desplazado_hash,cred_mat1
ALL_FEATURES_81,1205,0.0513804722168798,anyo_ingreso,resource_events_m09
ALL_FEATURES_81,1206,0.05137668048794364,cred_sup_3o,cred_sup_5o
ALL_FEATURES_81,1207,0.05135703609711495,pft_assignment_submissions_m09,resource_events_m09
ALL_FEATURES_81,1208,0.05134389847526322,campus_hash,pft_visits_m12
ALL_FEATURES_81,1209,0.05130938120501627,cred_mat5,n_wifi_days_m12
ALL_FEATURES_81,1210,0.051221179622110924,caca,cred_mat_sem_a
ALL_FEATURES_81,1211,0.051013248455475065,pft_days_logged_m12,pft_test_submissions_m10
ALL_FEATURES_81,1212,0.05097897065788448,pft_events_m12,pft_assignment_submissions_m11
ALL_FEATURES_81,1213,0.050937069748035135,pft_visits_m12,pft_test_submissions_m10
ALL_FEATURES_81,1214,0.050799539526923176,anyo_ingreso,resource_events_m11
ALL_FEATURES_81,1215,0.05078088385785584,tipo_ingreso,cred_mat5
ALL_FEATURES_81,1216,0.05074781020274166,caca,cred_mat3
ALL_FEATURES_81,1217,0.05068260114117429,tipo_ingreso,pft_days_logged_m12
ALL_FEATURES_81,1218,0.05053423313285421,asig1,pft_total_minutes_m11
ALL_FEATURES_81,1219,0.050502293998350815,asig1,pft_total_minutes_m12
ALL_FEATURES_81,1220,0.05049025828689668,cred_mat_sem_a,pft_total_minutes_m11
ALL_FEATURES_81,1221,0.050322584350535486,cred_mat3,cred_mat5
ALL_FEATURES_81,1222,0.05020593689746189,preferencia_seleccion,practicas
ALL_FEATURES_81,1223,0.05018236500659157,estudios_m_hash,actividades
ALL_FEATURES_81,1224,0.050167556099308896,tipo_ingreso,cred_mat_practicas
ALL_FEATURES_81,1225,0.04983234336385056,asig1,pft_events_m12
ALL_FEATURES_81,1226,0.04979260817023157,estudios_m_hash,n_wifi_days_m09
ALL_FEATURES_81,1227,0.04972311348205949,pft_test_submissions_m10,pft_test_submissions_m11
ALL_FEATURES_81,1228,0.04968749675154882,tipo_ingreso,estudios_p_hash
ALL_FEATURES_81,1229,0.049527343896997415,campus_hash,pft_visits_m09
ALL_FEATURES_81,1230,0.049502250885445236,estudios_p_hash,cred_mat5
ALL_FEATURES_81,1231,0.049484230863303225,anyo_inicio_estudios,pft_days_logged_m11
ALL_FEATURES_81,1232,0.04926953893189978,pft_days_logged_m10,pft_test_submissions_m11
ALL_FEATURES_81,1233,0.0492262005909847,pft_test_submissions_m11,resource_events_m09
ALL_FEATURES_81,1234,0.049139069257856605,pft_test_submissions_m09,resource_events_m09
ALL_FEATURES_81,1235,0.04907036436562784,pft_assignment_submissions_m11,resource_events_m10
ALL_FEATURES_81,1236,0.04903868065305783,anyo_ingreso,resource_events_m10
ALL_FEATURES_81,1237,0.04898015767132247,campus_hash,pft_days_logged_m11
ALL_FEATURES_81,1238,0.04890271499286225,cred_mat_sem_b,pft_events_m10
ALL_FEATURES_81,1239,0.04881199916076895,pft_days_logged_m12,pft_assignment_submissions_m11
ALL_FEATURES_81,1240,0.048805607310892896,campus_hash,resource_events_m12
ALL_FEATURES_81,1241,0.04875645112830362,pft_visits_m12,pft_assignment_submissions_m11
ALL_FEATURES_81,1242,0.048592155696014494,anyo_ingreso,n_resource_days_m11
ALL_FEATURES_81,1243,0.04856748979386971,pft_assignment_submissions_m11,n_resource_days_m10
ALL_FEATURES_81,1244,0.04835169905274528,pft_test_submissions_m11,pft_total_minutes_m11
ALL_FEATURES_81,1245,0.0481770121155094,pft_test_submissions_m12,pft_total_minutes_m12
ALL_FEATURES_81,1246,0.048082315620263216,pft_visits_m11,pft_test_submissions_m10
ALL_FEATURES_81,1247,0.04791956897886696,pft_events_m12,pft_test_submissions_m12
ALL_FEATURES_81,1248,0.047842129616672224,cred_mat5,cred_mat_movilidad
ALL_FEATURES_81,1249,0.04771153338628942,curso_mas_bajo,n_wifi_days_m11
ALL_FEATURES_81,1250,0.047704948710295625,tipo_ingreso,preferencia_seleccion
ALL_FEATURES_81,1251,0.04762668604265041,desplazado_hash,cred_sup_1o
ALL_FEATURES_81,1252,0.04762295798359695,cred_mat_normal,pft_events_m09
ALL_FEATURES_81,1253,0.04756844062177557,pft_events_m12,pft_assignment_submissions_m12
ALL_FEATURES_81,1254,0.047515766567216566,campus_hash,caca
ALL_FEATURES_81,1255,0.0474289806302286,cred_mat_sem_a,pft_total_minutes_m12
ALL_FEATURES_81,1256,0.04733249304226207,cred_mat_normal,pft_total_minutes_m11
ALL_FEATURES_81,1257,0.04727185632765174,pft_test_submissions_m10,resource_events_m10
ALL_FEATURES_81,1258,0.047181534698188976,estudios_m_hash,cred_mat5
ALL_FEATURES_81,1259,0.047172870417820256,cred_mat_normal,pft_total_minutes_m09
ALL_FEATURES_81,1260,0.0471630863580037,cred_mat_sem_a,resource_events_m10
ALL_FEATURES_81,1261,0.04711403366894462,estudios_p_hash,anyo_inicio_estudios
ALL_FEATURES_81,1262,0.04710035729744133,pft_test_submissions_m10,pft_total_minutes_m09
ALL_FEATURES_81,1263,0.04694398275354938,pft_events_m10,pft_assignment_submissions_m11
ALL_FEATURES_81,1264,0.046848926986431394,cred_mat_sem_b,pft_total_minutes_m12
ALL_FEATURES_81,1265,0.04682732552224955,cred_mat_anu,pft_visits_m09
ALL_FEATURES_81,1266,0.04681634354346098,pft_visits_m11,pft_test_submissions_m11
ALL_FEATURES_81,1267,0.04672171938059312,tipo_ingreso,practicas
ALL_FEATURES_81,1268,0.04668966570293076,pract1,rend_total_antepenultimo
ALL_FEATURES_81,1269,0.04652073244346422,campus_hash,n_resource_days_m11
ALL_FEATURES_81,1270,0.04646468114287838,activ1,rend_total_penultimo
ALL_FEATURES_81,1271,0.04633801465638676,cred_mat_normal,pft_total_minutes_m12
ALL_FEATURES_81,1272,0.046224623401838194,pft_test_submissions_m11,pft_total_minutes_m10
ALL_FEATURES_81,1273,0.04612882151948039,estudios_p_hash,n_wifi_days_m09
ALL_FEATURES_81,1274,0.045916369922267115,campus_hash,pft_visits_m11
ALL_FEATURES_81,1275,0.04588942165722898,campus_hash,pft_days_logged_m12
ALL_FEATURES_81,1276,0.04569271525634022,estudios_m_hash,cred_mat_movilidad
ALL_FEATURES_81,1277,0.04563244244036646,cred_mat_sem_b,pft_visits_m10
ALL_FEATURES_81,1278,0.04562170369156027,dedicacion,cred_mat_sem_a
ALL_FEATURES_81,1279,0.04545195084077047,cred_mat_sem_b,pft_events_m09
ALL_FEATURES_81,1280,0.04534820342335788,cred_mat2,activ1
ALL_FEATURES_81,1281,0.0451682247955123,caca,cred_mat_sem_b
ALL_FEATURES_81,1282,0.04513873695379367,asig1,pft_total_minutes_m10
ALL_FEATURES_81,1283,0.0449991880841738,cred_mat_anu,pft_total_minutes_m09
ALL_FEATURES_81,1284,0.04498026427313384,anyo_ingreso,resource_events_m12
ALL_FEATURES_81,1285,0.04496539107818531,asig1,pft_days_logged_m12
ALL_FEATURES_81,1286,0.044871863065378825,pft_test_submissions_m12,resource_events_m09
ALL_FEATURES_81,1287,0.04480580235979215,cred_mat_sem_b,pft_total_minutes_m11
ALL_FEATURES_81,1288,0.04480579468950552,pft_assignment_submissions_m10,pft_assignment_submissions_m11
ALL_FEATURES_81,1289,0.04476371420540914,cred_mat_sem_a,pft_events_m09
ALL_FEATURES_81,1290,0.044647290314418164,pft_assignment_submissions_m12,resource_events_m09
ALL_FEATURES_81,1291,0.044619088863371736,actividades,rend_total_antepenultimo
ALL_FEATURES_81,1292,0.04458936130957358,curso_mas_alto,n_wifi_days_m12
ALL_FEATURES_81,1293,0.044247830315801366,pft_days_logged_m09,pft_assignment_submissions_m11
ALL_FEATURES_81,1294,0.04418816673950055,cred_mat_anu,pft_events_m11
ALL_FEATURES_81,1295,0.043996112269993226,pft_test_submissions_m11,resource_events_m11
ALL_FEATURES_81,1296,0.04398925839811252,pft_assignment_submissions_m11,resource_events_m12
ALL_FEATURES_81,1297,0.04367299687648263,cred_mat_normal,n_resource_days_m12
ALL_FEATURES_81,1298,0.04365363779039466,pft_assignment_submissions_m10,n_resource_days_m09
ALL_FEATURES_81,1299,0.04355734220216867,pft_test_submissions_m11,pft_total_minutes_m09
ALL_FEATURES_81,1300,0.04347586439998796,cred_mat_sem_a,n_resource_days_m10
ALL_FEATURES_81,1301,0.04346582031131342,cred_mat_sem_a,n_resource_days_m11
ALL_FEATURES_81,1302,0.043395048317303335,cred_mat_anu,pft_total_minutes_m11
ALL_FEATURES_81,1303,0.04330536910030691,pft_visits_m12,pft_test_submissions_m12
ALL_FEATURES_81,1304,0.043216166210205735,asig1,pft_visits_m11
ALL_FEATURES_81,1305,0.04321567514961711,asig1,pft_visits_m12
ALL_FEATURES_81,1306,0.04315118984415457,pft_events_m11,pft_test_submissions_m10
ALL_FEATURES_81,1307,0.043021606906286536,pft_test_submissions_m10,resource_events_m09
ALL_FEATURES_81,1308,0.04302053627603808,caca,cred_mat4
ALL_FEATURES_81,1309,0.043006936724218285,cred_mat_normal,pft_total_minutes_m10
ALL_FEATURES_81,1310,0.04300331880648667,estudios_m_hash,n_wifi_days_m11
ALL_FEATURES_81,1311,0.042914248338624894,cred_mat_sem_a,pft_visits_m10
ALL_FEATURES_81,1312,0.04279586195513385,pft_days_logged_m10,pft_test_submissions_m12
ALL_FEATURES_81,1313,0.04269458933887682,cred_sup_5o,n_wifi_days_m09
ALL_FEATURES_81,1314,0.04267835289183797,pft_assignment_submissions_m10,n_resource_days_m12
ALL_FEATURES_81,1315,0.04262916214293888,pft_visits_m09,pft_test_submissions_m12
ALL_FEATURES_81,1316,0.04261962863468849,cred_mat5,cred_sup_2o
ALL_FEATURES_81,1317,0.042618550946607485,asig1,pft_total_minutes_m09
ALL_FEATURES_81,1318,0.04261709333103258,estudios_p_hash,cred_mat_movilidad
ALL_FEATURES_81,1319,0.042443278101810485,cred_mat_sem_a,pft_total_minutes_m09
ALL_FEATURES_81,1320,0.04243105116889634,pft_assignment_submissions_m10,resource_events_m12
ALL_FEATURES_81,1321,0.04233506624319183,pft_events_m09,pft_test_submissions_m10
ALL_FEATURES_81,1322,0.04231978220182686,pft_days_logged_m12,pft_assignment_submissions_m12
ALL_FEATURES_81,1323,0.04231193569585745,pft_visits_m10,pft_test_submissions_m12
ALL_FEATURES_81,1324,0.04219571454158277,pft_test_submissions_m09,pft_test_submissions_m10
ALL_FEATURES_81,1325,0.04219117358577496,pft_assignment_submissions_m11,n_resource_days_m09
ALL_FEATURES_81,1326,0.04217554703736148,pft_assignment_submissions_m12,pft_total_minutes_m12
ALL_FEATURES_81,1327,0.04207268287884336,cred_mat_sem_b,pft_total_minutes_m09
ALL_FEATURES_81,1328,0.04207193667097586,pft_test_submissions_m10,pft_total_minutes_m12
ALL_FEATURES_81,1329,0.0420524087298988,pft_assignment_submissions_m10,n_resource_days_m11
ALL_FEATURES_81,1330,0.041953848799228144,pft_test_submissions_m12,pft_total_minutes_m09
ALL_FEATURES_81,1331,0.04195164783733052,cred_sup_5o,n_wifi_days_m10
ALL_FEATURES_81,1332,0.041741060677440885,cred_mat3,cred_sup_5o
ALL_FEATURES_81,1333,0.041721432596326664,curso_mas_alto,n_wifi_days_m11
ALL_FEATURES_81,1334,0.04169150749040185,pft_days_logged_m09,pft_test_submissions_m12
ALL_FEATURES_81,1335,0.04163849666590469,pft_test_submissions_m10,pft_test_submissions_m12
ALL_FEATURES_81,1336,0.041519270446786834,pft_test_submissions_m09,pft_total_minutes_m09
ALL_FEATURES_81,1337,0.041431722854244235,cred_sup_2o,activ1
ALL_FEATURES_81,1338,0.04133753243461236,cred_mat_anu,pft_total_minutes_m12
ALL_FEATURES_81,1339,0.04129709950499817,pft_days_logged_m12,pft_test_submissions_m11
ALL_FEATURES_81,1340,0.0411414230287166,pft_visits_m12,pft_test_submissions_m11
ALL_FEATURES_81,1341,0.04108345096788657,preferencia_seleccion,pract1
ALL_FEATURES_81,1342,0.04105431129467885,cred_mat_normal,pft_visits_m10
ALL_FEATURES_81,1343,0.04093299414634366,estudios_p_hash,n_wifi_days_m12
ALL_FEATURES_81,1344,0.04089996223797243,asig1,resource_events_m12
ALL_FEATURES_81,1345,0.0407786890954096,cred_mat_total,pft_events_m10
ALL_FEATURES_81,1346,0.040676416441097984,cred_mat_sem_a,pft_events_m11
ALL_FEATURES_81,1347,0.040667933674143335,asig1,pft_events_m10
ALL_FEATURES_81,1348,0.04054329977581528,pft_visits_m09,pft_test_submissions_m09
ALL_FEATURES_81,1349,0.04051080296405018,pft_test_submissions_m12,pft_total_minutes_m10
ALL_FEATURES_81,1350,0.040424580849510505,cred_mat_normal,pft_events_m12
ALL_FEATURES_81,1351,0.04033905911218216,cred_mat_normal,n_resource_days_m09
ALL_FEATURES_81,1352,0.040328666535200064,caca,cred_sup_4o
ALL_FEATURES_81,1353,0.040308539672338384,cred_mat_sem_a,pft_days_logged_m10
ALL_FEATURES_81,1354,0.04004732936939169,pft_events_m10,pft_test_submissions_m11
ALL_FEATURES_81,1355,0.04001998128093653,cred_mat_anu,pft_days_logged_m09
ALL_FEATURES_81,1356,0.040014913926676776,pft_assignment_submissions_m10,pft_assignment_submissions_m12
ALL_FEATURES_81,1357,0.03998870333685112,pft_test_submissions_m12,resource_events_m11
ALL_FEATURES_81,1358,0.039976382179350615,pft_visits_m12,pft_assignment_submissions_m12
ALL_FEATURES_81,1359,0.03987644624725295,pft_assignment_submissions_m12,resource_events_m12
ALL_FEATURES_81,1360,0.03987123125932701,cred_mat_sem_b,pft_events_m11
ALL_FEATURES_81,1361,0.039813476576461504,pft_assignment_submissions_m12,n_resource_days_m12
ALL_FEATURES_81,1362,0.03974897718389503,campus_hash,n_resource_days_m12
ALL_FEATURES_81,1363,0.03974891167354766,cred_mat1,activ1
ALL_FEATURES_81,1364,0.0396923224369532,asig1,n_resource_days_m09
ALL_FEATURES_81,1365,0.03968723931228446,desplazado_hash,rend_total_antepenultimo
ALL_FEATURES_81,1366,0.0395987699427014,asig1,n_resource_days_m11
ALL_FEATURES_81,1367,0.03955738090809735,cred_mat_normal,pft_visits_m11
ALL_FEATURES_81,1368,0.03949287920618705,curso_mas_bajo,activ1
ALL_FEATURES_81,1369,0.03942845186459998,pft_events_m12,pft_test_submissions_m10
ALL_FEATURES_81,1370,0.03941183691643689,cred_mat_sem_b,pft_events_m12
ALL_FEATURES_81,1371,0.03938206008797397,cred_sup_5o,n_wifi_days_m11
ALL_FEATURES_81,1372,0.039374126221972006,cred_mat_normal,resource_events_m09
ALL_FEATURES_81,1373,0.039322875685637186,cred_mat_normal,pft_events_m10
ALL_FEATURES_81,1374,0.03931434543297208,pft_test_submissions_m11,pft_test_submissions_m12
ALL_FEATURES_81,1375,0.03910090069253247,desplazado_hash,cred_mat2
ALL_FEATURES_81,1376,0.039067157869038034,cred_mat_normal,pft_days_logged_m09
ALL_FEATURES_81,1377,0.03905099017432967,cred_mat_normal,n_resource_days_m10
ALL_FEATURES_81,1378,0.03902526636133618,cred_mat_sem_b,n_resource_days_m10
ALL_FEATURES_81,1379,0.03899430855359265,pft_test_submissions_m12,pft_total_minutes_m11
ALL_FEATURES_81,1380,0.0389524536825876,cred_sup_1o,pft_visits_m09
ALL_FEATURES_81,1381,0.03888930743615671,rend_total_penultimo,pft_visits_m09
ALL_FEATURES_81,1382,0.03880806643151402,pft_test_submissions_m11,resource_events_m10
ALL_FEATURES_81,1383,0.03863443178955439,pft_days_logged_m12,pft_test_submissions_m12
ALL_FEATURES_81,1384,0.03853867866536476,desplazado_hash,asig1
ALL_FEATURES_81,1385,0.038480568728364695,pft_events_m09,pft_test_submissions_m11
ALL_FEATURES_81,1386,0.03847502262504055,cred_mat_sem_b,resource_events_m10
ALL_FEATURES_81,1387,0.038414822960342036,pft_test_submissions_m09,resource_events_m11
ALL_FEATURES_81,1388,0.03840165755051128,pft_events_m10,pft_test_submissions_m12
ALL_FEATURES_81,1389,0.03806964940186218,cred_mat_normal,total1
ALL_FEATURES_81,1390,0.03805211039102119,desplazado_hash,cred_mat_total
ALL_FEATURES_81,1391,0.03791107620129885,pft_events_m09,pft_test_submissions_m09
ALL_FEATURES_81,1392,0.03771981920610301,pft_days_logged_m11,pft_test_submissions_m12
ALL_FEATURES_81,1393,0.037719478347969286,pft_days_logged_m10,pft_assignment_submissions_m12
ALL_FEATURES_81,1394,0.037700399280353285,estudios_m_hash,n_wifi_days_m10
ALL_FEATURES_81,1395,0.03769092215453362,cred_mat_anu,activ1
ALL_FEATURES_81,1396,0.03765675461617235,tipo_ingreso,pract1
ALL_FEATURES_81,1397,0.03756225257098755,cred_mat_anu,n_resource_days_m10
ALL_FEATURES_81,1398,0.03743753279443585,pft_assignment_submissions_m12,pft_total_minutes_m11
ALL_FEATURES_81,1399,0.03739438274396978,curso_mas_alto,activ1
ALL_FEATURES_81,1400,0.03738959950974685,pft_test_submissions_m12,n_resource_days_m12
ALL_FEATURES_81,1401,0.037373549136757056,anyo_ingreso,n_resource_days_m09
ALL_FEATURES_81,1402,0.03733238538336181,cred_mat_anu,pft_visits_m10
ALL_FEATURES_81,1403,0.03728464834684875,rend_total_ultimo,pft_visits_m09
ALL_FEATURES_81,1404,0.03718165916888516,pft_test_submissions_m10,pft_total_minutes_m11
ALL_FEATURES_81,1405,0.03705734307230113,cred_mat1,ajuste
ALL_FEATURES_81,1406,0.03699887480250297,cred_mat_normal,resource_events_m12
ALL_FEATURES_81,1407,0.036980767464459774,desplazado_hash,preferencia_seleccion
ALL_FEATURES_81,1408,0.0369536876438481,cred_mat_total,resource_events_m09
ALL_FEATURES_81,1409,0.03695179442465514,pft_days_logged_m11,pft_assignment_submissions_m12
ALL_FEATURES_81,1410,0.036924498203684486,cred_mat_sem_a,pft_events_m12
ALL_FEATURES_81,1411,0.036765297182435035,campus_hash,desplazado_hash
ALL_FEATURES_81,1412,0.036750374341530716,cred_mat_normal,pft_days_logged_m10
ALL_FEATURES_81,1413,0.036721054581435375,practicas,activ1
ALL_FEATURES_81,1414,0.03671809183650554,dedicacion,cred_sup_1o
ALL_FEATURES_81,1415,0.036680821268891606,asig1,pft_visits_m09
ALL_FEATURES_81,1416,0.03666808977456437,cred_mat_movilidad,pft_events_m09
ALL_FEATURES_81,1417,0.03666775208606722,desplazado_hash,rend_total_penultimo
ALL_FEATURES_81,1418,0.03655806810388285,preferencia_seleccion,activ1
ALL_FEATURES_81,1419,0.03651238586704686,asig1,resource_events_m09
ALL_FEATURES_81,1420,0.0364816829286152,cred_sup_1o,pft_days_logged_m09
ALL_FEATURES_81,1421,0.03645339579290319,cred_mat1,pft_events_m09
ALL_FEATURES_81,1422,0.03640069814649749,estudios_m_hash,anyo_inicio_estudios
ALL_FEATURES_81,1423,0.036396531246166035,cred_mat_movilidad,cred_sup_5o
ALL_FEATURES_81,1424,0.036360004096271485,pft_test_submissions_m11,pft_total_minutes_m12
ALL_FEATURES_81,1425,0.03623800361049767,tipo_ingreso,cred_sup_5o
ALL_FEATURES_81,1426,0.03621033659069184,cred_mat_sem_b,pft_days_logged_m10
ALL_FEATURES_81,1427,0.0361860484293608,anyo_ingreso,estudios_p_hash
ALL_FEATURES_81,1428,0.03612166602461818,cred_mat_total,pft_total_minutes_m10
ALL_FEATURES_81,1429,0.03605590189169483,cred_mat_normal,n_resource_days_m11
ALL_FEATURES_81,1430,0.036050429548238234,cred_mat_total,pft_events_m09
ALL_FEATURES_81,1431,0.035992578336408336,caca,cred_mat_movilidad
ALL_FEATURES_81,1432,0.0359369956376101,pft_total_minutes_m09,n_wifi_days_m09
ALL_FEATURES_81,1433,0.035928450321621064,cred_mat_sem_a,pft_days_logged_m11
ALL_FEATURES_81,1434,0.03590301607838242,desplazado_hash,cred_mat3
ALL_FEATURES_81,1435,0.035888624187227165,desplazado_hash,cred_sup_4o
ALL_FEATURES_81,1436,0.03588050258728126,pft_assignment_submissions_m09,pft_total_minutes_m09
ALL_FEATURES_81,1437,0.0356037455041589,cred_mat_sem_a,pft_days_logged_m09
ALL_FEATURES_81,1438,0.035507478616275456,pft_test_submissions_m12,resource_events_m10
ALL_FEATURES_81,1439,0.035360820725951925,pft_test_submissions_m10,resource_events_m12
ALL_FEATURES_81,1440,0.03525477933339172,dedicacion,cred_mat_sem_b
ALL_FEATURES_81,1441,0.0352527244538825,cred_mat_anu,pft_events_m12
ALL_FEATURES_81,1442,0.03516347408420195,cred_sup_1o,pft_total_minutes_m12
ALL_FEATURES_81,1443,0.03502897684565287,desplazado_hash,actividades
ALL_FEATURES_81,1444,0.03495265330186825,estudios_m_hash,cred_mat_practicas
ALL_FEATURES_81,1445,0.03494657769801801,cred_mat_sem_b,n_resource_days_m09
ALL_FEATURES_81,1446,0.03491812388456505,asig1,resource_events_m10
ALL_FEATURES_81,1447,0.03491667240426821,pft_events_m09,n_wifi_days_m11
ALL_FEATURES_81,1448,0.03489821225790468,cred_sup_1o,pft_total_minutes_m09
ALL_FEATURES_81,1449,0.03487986975121782,asig1,pft_events_m09
ALL_FEATURES_81,1450,0.034849265354171884,pft_test_submissions_m09,pft_total_minutes_m10
ALL_FEATURES_81,1451,0.0347756719899035,cred_mat_sem_a,n_resource_days_m09
ALL_FEATURES_81,1452,0.034730575178175016,dedicacion,cred_sup_3o
ALL_FEATURES_81,1453,0.034706025217747793,estudios_p_hash,ajuste
ALL_FEATURES_81,1454,0.034704580457169065,desplazado_hash,cred_sup_3o
ALL_FEATURES_81,1455,0.034674444921254384,pft_days_logged_m09,pft_assignment_submissions_m12
ALL_FEATURES_81,1456,0.03463104710085752,pft_assignment_submissions_m12,resource_events_m11
ALL_FEATURES_81,1457,0.03446384970004157,pft_test_submissions_m10,resource_events_m11
ALL_FEATURES_81,1458,0.0344611753626447,pft_test_submissions_m10,n_resource_days_m12
ALL_FEATURES_81,1459,0.034437418497530015,desplazado_hash,cred_mat_sem_a
ALL_FEATURES_81,1460,0.034359597162894495,tipo_ingreso,cred_mat_movilidad
ALL_FEATURES_81,1461,0.034357783390203345,cred_sup_1o,pft_events_m12
ALL_FEATURES_81,1462,0.03434718035200657,cred_mat_sem_b,n_resource_days_m11
ALL_FEATURES_81,1463,0.03434598922617926,pft_test_submissions_m12,n_resource_days_m10
ALL_FEATURES_81,1464,0.034290651152442564,anyo_inicio_estudios,ajuste
ALL_FEATURES_81,1465,0.03426961938520723,cred_sup_1o,resource_events_m09
ALL_FEATURES_81,1466,0.0341875764016395,actividades,total1
ALL_FEATURES_81,1467,0.034174084861921195,cred_mat_total,pft_total_minutes_m12
ALL_FEATURES_81,1468,0.0339651672758281,pft_events_m09,pft_assignment_submissions_m11
ALL_FEATURES_81,1469,0.033962312402533,anyo_ingreso,ajuste
ALL_FEATURES_81,1470,0.03396133813465951,cred_mat_normal,pft_events_m11
ALL_FEATURES_81,1471,0.03389506836502587,pft_assignment_submissions_m11,n_resource_days_m12
ALL_FEATURES_81,1472,0.03385908097286183,pft_test_submissions_m11,n_resource_days_m11
ALL_FEATURES_81,1473,0.033833413107474015,cred_sup_1o,pft_events_m11
ALL_FEATURES_81,1474,0.03381125222042592,caca,actividades
ALL_FEATURES_81,1475,0.03378881816241197,pft_visits_m09,pft_assignment_submissions_m12
ALL_FEATURES_81,1476,0.033762760042650435,n_wifi_days_m10,resource_events_m09
ALL_FEATURES_81,1477,0.03367700835134535,cred_mat_sem_a,n_resource_days_m12
ALL_FEATURES_81,1478,0.033649245339801404,activ1,total1
ALL_FEATURES_81,1479,0.03364458357903555,rend_total_penultimo,pft_days_logged_m09
ALL_FEATURES_81,1480,0.033621079500738116,cred_sup_5o,n_wifi_days_m12
ALL_FEATURES_81,1481,0.03360559172110822,cred_mat_normal,pft_days_logged_m12
ALL_FEATURES_81,1482,0.03356154167239733,pft_assignment_submissions_m12,pft_total_minutes_m09
ALL_FEATURES_81,1483,0.03354237794382886,rend_total_ultimo,pft_events_m12
ALL_FEATURES_81,1484,0.033447019323405325,pft_assignment_submissions_m12,pft_total_minutes_m10
ALL_FEATURES_81,1485,0.03343112176825347,asig1,pft_events_m11
ALL_FEATURES_81,1486,0.03341948264066818,pft_days_logged_m09,pft_test_submissions_m09
ALL_FEATURES_81,1487,0.03341446569019002,desplazado_hash,cred_mat4
ALL_FEATURES_81,1488,0.03317571890894033,pft_test_submissions_m12,resource_events_m12
ALL_FEATURES_81,1489,0.03313230422916025,pract1,activ1
ALL_FEATURES_81,1490,0.03310245816724766,cred_sup_1o,activ1
ALL_FEATURES_81,1491,0.033072831276724564,caca,cred_mat_anu
ALL_FEATURES_81,1492,0.03289992985646961,pft_test_submissions_m11,resource_events_m12
ALL_FEATURES_81,1493,0.032867759616210364,cred_mat_movilidad,activ1
ALL_FEATURES_81,1494,0.032845816303847634,cred_sup_1o,pft_events_m10
ALL_FEATURES_81,1495,0.03284555167697256,asig1,pft_days_logged_m11
ALL_FEATURES_81,1496,0.032815676866321475,rend_total_ultimo,pft_events_m10
ALL_FEATURES_81,1497,0.032809257431258836,pft_events_m12,pft_test_submissions_m11
ALL_FEATURES_81,1498,0.03279038317015015,pft_test_submissions_m09,pft_test_submissions_m11
ALL_FEATURES_81,1499,0.03277627871486821,cred_mat_normal,pft_days_logged_m11
ALL_FEATURES_81,1500,0.03266105580803469,pft_visits_m09,pft_assignment_submissions_m09
ALL_FEATURES_81,1501,0.032550036125496014,pft_visits_m10,pft_assignment_submissions_m12
ALL_FEATURES_81,1502,0.03253665434712527,pft_total_minutes_m09,n_wifi_days_m11
ALL_FEATURES_81,1503,0.032381562238056105,cred_sup_1o,pft_events_m09
ALL_FEATURES_81,1504,0.03233109466266182,pft_test_submissions_m10,n_resource_days_m10
ALL_FEATURES_81,1505,0.03227382437891446,preferencia_seleccion,cred_mat_practicas
ALL_FEATURES_81,1506,0.03225025804410553,pft_test_submissions_m11,n_resource_days_m10
ALL_FEATURES_81,1507,0.032229433057539225,anyo_ingreso,estudios_m_hash
ALL_FEATURES_81,1508,0.032158494883927524,rend_total_penultimo,pft_total_minutes_m09
ALL_FEATURES_81,1509,0.03212385302775456,pft_test_submissions_m11,n_resource_days_m12
ALL_FEATURES_81,1510,0.03212019888398299,asig1,n_resource_days_m10
ALL_FEATURES_81,1511,0.03205295139783537,anyo_ingreso,n_resource_days_m12
ALL_FEATURES_81,1512,0.03203804976433311,rend_total_ultimo,pft_total_minutes_m09
ALL_FEATURES_81,1513,0.03200502834416863,curso_mas_alto,ajuste
ALL_FEATURES_81,1514,0.03192861470190556,cred_mat_practicas,total1
ALL_FEATURES_81,1515,0.03192713955543613,cred_mat_sem_a,resource_events_m12
ALL_FEATURES_81,1516,0.03192698371758418,nota14_hash,total1
ALL_FEATURES_81,1517,0.03190958084035067,activ1,pft_visits_m09
ALL_FEATURES_81,1518,0.03183464594567553,cred_mat_sem_a,pft_visits_m09
ALL_FEATURES_81,1519,0.03183343772676928,cred_sup_2o,ajuste
ALL_FEATURES_81,1520,0.03175641621690595,estudios_m_hash,n_wifi_days_m12
ALL_FEATURES_81,1521,0.03175029079165004,pft_test_submissions_m10,n_resource_days_m11
ALL_FEATURES_81,1522,0.03172185504728908,pft_test_submissions_m11,n_resource_days_m09
ALL_FEATURES_81,1523,0.03171326908968641,estudios_p_hash,cred_mat_practicas
ALL_FEATURES_81,1524,0.03162220212181843,n_wifi_days_m11,n_resource_days_m10
ALL_FEATURES_81,1525,0.03153307656307902,cred_mat_normal,resource_events_m11
ALL_FEATURES_81,1526,0.031502619865591434,rend_total_antepenultimo,pft_visits_m09
ALL_FEATURES_81,1527,0.03148537963950826,pft_events_m09,pft_assignment_submissions_m09
ALL_FEATURES_81,1528,0.03137849772748513,dedicacion,cred_mat1
ALL_FEATURES_81,1529,0.031371538099745244,pft_assignment_submissions_m09,resource_events_m11
ALL_FEATURES_81,1530,0.03134758188114173,pft_events_m11,pft_assignment_submissions_m12
ALL_FEATURES_81,1531,0.031345436583237074,cred_mat_normal,resource_events_m10
ALL_FEATURES_81,1532,0.03130797357388637,cred_mat_normal,pft_visits_m12
ALL_FEATURES_81,1533,0.031239979877563325,desplazado_hash,cred_mat_movilidad
ALL_FEATURES_81,1534,0.031205366065892193,cred_mat_normal,pft_visits_m09
ALL_FEATURES_81,1535,0.03115691617864247,cred_mat_anu,resource_events_m10
ALL_FEATURES_81,1536,0.031102744346809708,asig1,n_resource_days_m12
ALL_FEATURES_81,1537,0.03103061963674758,cred_mat_practicas,activ1
ALL_FEATURES_81,1538,0.031014575026973468,cred_sup_2o,pft_visits_m12
ALL_FEATURES_81,1539,0.03098336801472712,cred_mat_movilidad,pft_visits_m09
ALL_FEATURES_81,1540,0.030974309220161974,ajuste,rend_total_antepenultimo
ALL_FEATURES_81,1541,0.030645079208012405,nota10_hash,total1
ALL_FEATURES_81,1542,0.030481332043147624,cred_mat_total,pft_total_minutes_m11
ALL_FEATURES_81,1543,0.03045043594927677,cred_mat_total,pft_events_m12
ALL_FEATURES_81,1544,0.030347133877755894,dedicacion,cred_sup_4o
ALL_FEATURES_81,1545,0.030250476141988614,estudios_m_hash,dedicacion
ALL_FEATURES_81,1546,0.030139569856836523,pft_total_minutes_m09,n_wifi_days_m10
ALL_FEATURES_81,1547,0.03013513502039622,cred_sup_2o,cred_sup_5o
ALL_FEATURES_81,1548,0.029981601710723282,rend_total_ultimo,pft_total_minutes_m12
ALL_FEATURES_81,1549,0.029967942216083895,estudios_m_hash,practicas
ALL_FEATURES_81,1550,0.029944728731931214,dedicacion,cred_sup_2o
ALL_FEATURES_81,1551,0.029931215907398112,cred_mat_anu,resource_events_m11
ALL_FEATURES_81,1552,0.029925325253612026,cred_sup_1o,pft_total_minutes_m11
ALL_FEATURES_81,1553,0.029916210233297488,cred_mat_total,pft_events_m11
ALL_FEATURES_81,1554,0.02985833388087133,asig1,pft_days_logged_m09
ALL_FEATURES_81,1555,0.029846653626891317,cred_mat_total,n_resource_days_m12
ALL_FEATURES_81,1556,0.02969614354404282,cred_sup_2o,pft_events_m09
ALL_FEATURES_81,1557,0.02969196384340567,pft_events_m11,pft_test_submissions_m12
ALL_FEATURES_81,1558,0.029666323055303583,dedicacion,rend_total_ultimo
ALL_FEATURES_81,1559,0.029610604845499818,ajuste,n_wifi_days_m11
ALL_FEATURES_81,1560,0.02953913644910067,estudios_p_hash,cred_sup_5o
ALL_FEATURES_81,1561,0.02953139490258305,rend_total_ultimo,resource_events_m09
ALL_FEATURES_81,1562,0.029488033209474906,pft_days_logged_m09,pft_assignment_submissions_m09
ALL_FEATURES_81,1563,0.02946625900280164,cred_mat_sem_a,pft_days_logged_m12
ALL_FEATURES_81,1564,0.029455824434131195,pft_events_m09,pft_test_submissions_m12
ALL_FEATURES_81,1565,0.029430319349209814,ajuste,n_wifi_days_m10
ALL_FEATURES_81,1566,0.029390567209190088,pft_test_submissions_m09,resource_events_m10
ALL_FEATURES_81,1567,0.029384153899837177,pft_assignment_submissions_m12,n_resource_days_m10
ALL_FEATURES_81,1568,0.029363898145244424,asig1,resource_events_m11
ALL_FEATURES_81,1569,0.02935417383999628,caca,cred_mat_practicas
ALL_FEATURES_81,1570,0.029332745704521383,pft_days_logged_m11,pft_test_submissions_m09
ALL_FEATURES_81,1571,0.0293297180782206,estudios_m_hash,ajuste
ALL_FEATURES_81,1572,0.029270940816089382,rend_total_penultimo,pft_events_m10
ALL_FEATURES_81,1573,0.02910795399759003,cred_mat3,resource_events_m12
ALL_FEATURES_81,1574,0.02910054694654018,pft_events_m11,n_wifi_days_m11
ALL_FEATURES_81,1575,0.02904958241251432,preferencia_seleccion,curso_mas_alto
ALL_FEATURES_81,1576,0.02904404363539115,cred_mat_total,pft_total_minutes_m09
ALL_FEATURES_81,1577,0.028969365878846364,pft_test_submissions_m09,pft_total_minutes_m11
ALL_FEATURES_81,1578,0.028967507010023038,tipo_ingreso,dedicacion
ALL_FEATURES_81,1579,0.02893928815380065,pft_days_logged_m10,pft_test_submissions_m09
ALL_FEATURES_81,1580,0.028904536360822238,pract1,total1
ALL_FEATURES_81,1581,0.028867557264330657,cred_sup_2o,pft_events_m12
ALL_FEATURES_81,1582,0.028857222413344093,asig1,pft_days_logged_m10
ALL_FEATURES_81,1583,0.028849542655385637,pft_total_minutes_m11,n_wifi_days_m11
ALL_FEATURES_81,1584,0.028830441862177206,cred_mat_sem_b,pft_days_logged_m09
ALL_FEATURES_81,1585,0.02880895180470588,cred_mat_movilidad,pft_total_minutes_m09
ALL_FEATURES_81,1586,0.028808908654716525,cred_mat_total,resource_events_m10
ALL_FEATURES_81,1587,0.02880749786339365,cred_mat_sem_b,resource_events_m11
ALL_FEATURES_81,1588,0.028747901522879538,pft_events_m10,n_wifi_days_m10
ALL_FEATURES_81,1589,0.02868350504370065,desplazado_hash,n_wifi_days_m10
ALL_FEATURES_81,1590,0.028655525209310362,pft_events_m10,pft_assignment_submissions_m12
ALL_FEATURES_81,1591,0.028650504363952226,cred_sup_1o,resource_events_m12
ALL_FEATURES_81,1592,0.028532598921600094,pft_assignment_submissions_m09,pft_total_minutes_m10
ALL_FEATURES_81,1593,0.028520793637276217,pft_assignment_submissions_m12,resource_events_m10
ALL_FEATURES_81,1594,0.028509555451639912,rend_total_ultimo,n_resource_days_m10
ALL_FEATURES_81,1595,0.028452384524259244,pft_test_submissions_m09,n_resource_days_m09
ALL_FEATURES_81,1596,0.02844639475059907,caca,activ1
ALL_FEATURES_81,1597,0.02839282687816258,estudios_p_hash,activ1
ALL_FEATURES_81,1598,0.02838550237287852,pft_test_submissions_m12,n_resource_days_m09
ALL_FEATURES_81,1599,0.02837313708134825,cred_mat1,pft_events_m12
ALL_FEATURES_81,1600,0.02812719342527536,rend_total_ultimo,pft_events_m09
ALL_FEATURES_81,1601,0.028095613898883258,cred_mat_total,pft_visits_m11
ALL_FEATURES_81,1602,0.02800122642371594,rend_total_ultimo,pft_days_logged_m09
ALL_FEATURES_81,1603,0.027998433169784682,cred_mat3,resource_events_m09
ALL_FEATURES_81,1604,0.02799094167863725,pft_events_m10,pft_test_submissions_m09
ALL_FEATURES_81,1605,0.02797498556853295,n_wifi_days_m10,resource_events_m10
ALL_FEATURES_81,1606,0.027953073004287177,cred_sup_1o,pft_visits_m11
ALL_FEATURES_81,1607,0.027862866099539474,estudios_p_hash,preferencia_seleccion
ALL_FEATURES_81,1608,0.027804292825227783,pft_assignment_submissions_m11,pft_assignment_submissions_m12
ALL_FEATURES_81,1609,0.02780340788311264,ajuste,n_wifi_days_m09
ALL_FEATURES_81,1610,0.027801718993917927,rend_total_ultimo,resource_events_m10
ALL_FEATURES_81,1611,0.02776995615595545,cred_sup_1o,pft_visits_m12
ALL_FEATURES_81,1612,0.02775928051052113,cred_mat_movilidad,cred_sup_1o
ALL_FEATURES_81,1613,0.027710717785061508,cred_mat_sem_a,resource_events_m11
ALL_FEATURES_81,1614,0.027690956557406388,cred_sup_3o,resource_events_m09
ALL_FEATURES_81,1615,0.027662751043290527,pft_test_submissions_m09,pft_total_minutes_m12
ALL_FEATURES_81,1616,0.027533001232436405,ajuste,n_wifi_days_m12
ALL_FEATURES_81,1617,0.027529190999557862,rend_total_ultimo,pft_total_minutes_m11
ALL_FEATURES_81,1618,0.027479448594891487,cred_mat_total,resource_events_m11
ALL_FEATURES_81,1619,0.027426489248425945,cred_mat_sem_b,pft_days_logged_m12
ALL_FEATURES_81,1620,0.02735477499404126,cred_mat_anu,resource_events_m09
ALL_FEATURES_81,1621,0.02735379587036757,pft_visits_m11,pft_test_submissions_m12
ALL_FEATURES_81,1622,0.02728438498504193,cred_mat1,pft_total_minutes_m09
ALL_FEATURES_81,1623,0.02722505182844248,cred_sup_2o,pft_events_m11
ALL_FEATURES_81,1624,0.027203928213751283,cred_mat_sem_b,pft_days_logged_m11
ALL_FEATURES_81,1625,0.02699940060455308,preferencia_seleccion,cred_mat_movilidad
ALL_FEATURES_81,1626,0.026993781894225855,pft_assignment_submissions_m11,n_wifi_days_m11
ALL_FEATURES_81,1627,0.02690775445791793,pft_visits_m11,pft_assignment_submissions_m12
ALL_FEATURES_81,1628,0.026898892047721112,cred_sup_1o,pft_visits_m10
ALL_FEATURES_81,1629,0.026896354465757888,desplazado_hash,n_wifi_days_m12
ALL_FEATURES_81,1630,0.026884578445516283,curso_mas_alto,pft_total_minutes_m11
ALL_FEATURES_81,1631,0.02680090457782125,estudios_m_hash,preferencia_seleccion
ALL_FEATURES_81,1632,0.02676153177183593,cred_sup_3o,pft_events_m09
ALL_FEATURES_81,1633,0.02670456667260624,pft_total_minutes_m11,n_wifi_days_m10
ALL_FEATURES_81,1634,0.02665712407611753,estudios_m_hash,activ1
ALL_FEATURES_81,1635,0.026639065515636773,n_wifi_days_m12,n_resource_days_m10
ALL_FEATURES_81,1636,0.026611757499438227,campus_hash,dedicacion
ALL_FEATURES_81,1637,0.02647971756607248,desplazado_hash,cred_mat5
ALL_FEATURES_81,1638,0.026473200532237232,pft_test_submissions_m10,n_resource_days_m09
ALL_FEATURES_81,1639,0.02642275180328646,cred_mat_total,n_resource_days_m09
ALL_FEATURES_81,1640,0.02638403462701256,rend_total_penultimo,pft_events_m09
ALL_FEATURES_81,1641,0.026381575017041747,rend_total_ultimo,pft_visits_m11
ALL_FEATURES_81,1642,0.026359259825348147,cred_mat3,n_resource_days_m12
ALL_FEATURES_81,1643,0.02632621696051629,pft_test_submissions_m12,n_resource_days_m11
ALL_FEATURES_81,1644,0.026284835185673927,curso_mas_alto,pft_events_m09
ALL_FEATURES_81,1645,0.026254887380196656,activ1,pft_days_logged_m09
ALL_FEATURES_81,1646,0.026250861900582127,cred_mat1,pft_events_m10
ALL_FEATURES_81,1647,0.026214040883791867,cred_mat_anu,pft_visits_m12
ALL_FEATURES_81,1648,0.026203024335340608,tipo_ingreso,activ1
ALL_FEATURES_81,1649,0.0261991925206031,cred_sup_1o,pft_days_logged_m12
ALL_FEATURES_81,1650,0.02618676707646106,n_wifi_days_m12,resource_events_m10
ALL_FEATURES_81,1651,0.02615294211389063,actividades,resource_events_m09
ALL_FEATURES_81,1652,0.02614548490225577,pft_total_minutes_m09,n_wifi_days_m12
ALL_FEATURES_81,1653,0.02608933028594773,cred_mat_anu,resource_events_m12
ALL_FEATURES_81,1654,0.026081958170189882,cred_mat4,n_resource_days_m11
ALL_FEATURES_81,1655,0.02597069307757049,asig1,pft_visits_m10
ALL_FEATURES_81,1656,0.025952322555071745,cred_sup_1o,ajuste
ALL_FEATURES_81,1657,0.02590573230712057,cred_mat_sem_b,pft_visits_m09
ALL_FEATURES_81,1658,0.025804257842395373,cred_mat_sem_b,pft_visits_m12
ALL_FEATURES_81,1659,0.025787985440320682,cred_sup_1o,pft_total_minutes_m10
ALL_FEATURES_81,1660,0.025771495047122173,curso_mas_alto,pft_events_m10
ALL_FEATURES_81,1661,0.025751941923556558,pft_total_minutes_m12,n_wifi_days_m10
ALL_FEATURES_81,1662,0.02574274277034938,estudios_m_hash,cred_sup_5o
ALL_FEATURES_81,1663,0.02568341572419186,cred_mat_total,n_resource_days_m10
ALL_FEATURES_81,1664,0.025638276822838257,cred_mat1,resource_events_m10
ALL_FEATURES_81,1665,0.02562766747874079,pft_events_m09,n_wifi_days_m09
ALL_FEATURES_81,1666,0.025562145036998274,cred_sup_1o,n_resource_days_m09
ALL_FEATURES_81,1667,0.0255313189139148,caca,cred_mat5
ALL_FEATURES_81,1668,0.02549888303401904,pft_events_m12,n_wifi_days_m11
ALL_FEATURES_81,1669,0.025465942900590118,caca,practicas
ALL_FEATURES_81,1670,0.02544689952249524,rend_total_penultimo,pft_events_m12
ALL_FEATURES_81,1671,0.025421719370974042,estudios_p_hash,practicas
ALL_FEATURES_81,1672,0.02526911166814028,pft_test_submissions_m09,n_resource_days_m11
ALL_FEATURES_81,1673,0.025246278319541737,cred_mat_anu,pft_days_logged_m10
ALL_FEATURES_81,1674,0.025189508143974138,rend_total_penultimo,pft_events_m11
ALL_FEATURES_81,1675,0.02512419074680672,cred_mat3,resource_events_m10
ALL_FEATURES_81,1676,0.025098030236608608,practicas,total1
ALL_FEATURES_81,1677,0.02506373197555956,activ1,resource_events_m09
ALL_FEATURES_81,1678,0.0250601571589888,preferencia_seleccion,curso_mas_bajo
ALL_FEATURES_81,1679,0.02501947527289872,curso_mas_bajo,pft_total_minutes_m12
ALL_FEATURES_81,1680,0.024998169944684186,pft_assignment_submissions_m09,pft_assignment_submissions_m10
ALL_FEATURES_81,1681,0.024884325700582192,estudios_p_hash,pract1
ALL_FEATURES_81,1682,0.02488325172236383,cred_mat_anu,pft_days_logged_m11
ALL_FEATURES_81,1683,0.024752127476631358,cred_sup_3o,pft_visits_m09
ALL_FEATURES_81,1684,0.02474849368997933,cred_sup_1o,pft_days_logged_m11
ALL_FEATURES_81,1685,0.02474423201657494,curso_mas_alto,resource_events_m09
ALL_FEATURES_81,1686,0.024723212717823632,rend_total_ultimo,pft_total_minutes_m10
ALL_FEATURES_81,1687,0.02467353019440744,tipo_ingreso,ajuste
ALL_FEATURES_81,1688,0.02467290235705111,cred_mat_anu,ajuste
ALL_FEATURES_81,1689,0.02466200000601848,preferencia_seleccion,ajuste
ALL_FEATURES_81,1690,0.024595585177777046,cred_mat1,pft_total_minutes_m11
ALL_FEATURES_81,1691,0.024485764933484862,pft_events_m11,n_wifi_days_m10
ALL_FEATURES_81,1692,0.024466005017384163,rend_total_penultimo,pft_days_logged_m12
ALL_FEATURES_81,1693,0.02445518018748772,rend_total_penultimo,resource_events_m09
ALL_FEATURES_81,1694,0.024441381688312447,pft_events_m09,pft_assignment_submissions_m12
ALL_FEATURES_81,1695,0.024298413758385703,cred_mat1,n_resource_days_m10
ALL_FEATURES_81,1696,0.024270364366167918,cred_mat1,resource_events_m11
ALL_FEATURES_81,1697,0.024248425202713968,cred_mat1,pft_events_m11
ALL_FEATURES_81,1698,0.0242374208827636,n_wifi_days_m10,n_resource_days_m12
ALL_FEATURES_81,1699,0.024236202040776256,cred_mat1,resource_events_m09
ALL_FEATURES_81,1700,0.02423445144577574,cred_mat_sem_b,pft_visits_m11
ALL_FEATURES_81,1701,0.024227380169858925,cred_mat3,pft_total_minutes_m11
ALL_FEATURES_81,1702,0.02422441478187931,cred_sup_3o,pft_total_minutes_m10
ALL_FEATURES_81,1703,0.02422307784845401,rend_total_penultimo,pft_visits_m11
ALL_FEATURES_81,1704,0.024199817194022977,cred_sup_3o,pft_events_m10
ALL_FEATURES_81,1705,0.024179418726371082,pft_test_submissions_m09,n_resource_days_m10
ALL_FEATURES_81,1706,0.024173012318906117,desplazado_hash,activ1
ALL_FEATURES_81,1707,0.024137407935230115,rend_total_penultimo,n_resource_days_m10
ALL_FEATURES_81,1708,0.02409422426294761,n_wifi_days_m11,resource_events_m10
ALL_FEATURES_81,1709,0.024086968401850758,cred_mat3,n_resource_days_m09
ALL_FEATURES_81,1710,0.024008629153866142,cred_mat_total,resource_events_m12
ALL_FEATURES_81,1711,0.023926339081183023,cred_mat_sem_b,resource_events_m12
ALL_FEATURES_81,1712,0.02392093129214956,pft_assignment_submissions_m12,n_resource_days_m11
ALL_FEATURES_81,1713,0.02387135736344792,curso_mas_alto,n_resource_days_m10
ALL_FEATURES_81,1714,0.023863368243582702,cred_sup_1o,resource_events_m11
ALL_FEATURES_81,1715,0.023810697967936,cred_mat_movilidad,resource_events_m09
ALL_FEATURES_81,1716,0.023768002892533783,rend_total_penultimo,resource_events_m10
ALL_FEATURES_81,1717,0.02376642211334889,cred_sup_3o,pft_visits_m12
ALL_FEATURES_81,1718,0.023651688764933176,desplazado_hash,pft_visits_m09
ALL_FEATURES_81,1719,0.023649790461881537,n_wifi_days_m10,n_resource_days_m11
ALL_FEATURES_81,1720,0.0236210198854776,cred_mat1,cred_mat5
ALL_FEATURES_81,1721,0.02358682276241275,cred_mat1,pft_visits_m09
ALL_FEATURES_81,1722,0.0235673187002563,cred_mat_movilidad,pft_total_minutes_m10
ALL_FEATURES_81,1723,0.02355281670785381,pft_assignment_submissions_m10,n_wifi_days_m11
ALL_FEATURES_81,1724,0.023540927088709473,activ1,rend_total_antepenultimo
ALL_FEATURES_81,1725,0.023513375755453758,curso_mas_alto,pft_total_minutes_m10
ALL_FEATURES_81,1726,0.023499170508938683,pft_test_submissions_m09,resource_events_m12
ALL_FEATURES_81,1727,0.0234741958473288,curso_mas_alto,pft_events_m12
ALL_FEATURES_81,1728,0.02346757726376936,ajuste,pft_events_m11
ALL_FEATURES_81,1729,0.02342537752587326,n_wifi_days_m11,n_resource_days_m12
ALL_FEATURES_81,1730,0.023418341834158696,cred_sup_3o,pft_total_minutes_m12
ALL_FEATURES_81,1731,0.02341540114223584,cred_mat_sem_a,pft_visits_m12
ALL_FEATURES_81,1732,0.023375581867911777,cred_sup_2o,pft_events_m10
ALL_FEATURES_81,1733,0.023364155000270337,rend_total_penultimo,resource_events_m11
ALL_FEATURES_81,1734,0.02333825157906056,cred_mat_anu,n_resource_days_m11
ALL_FEATURES_81,1735,0.02331159661884908,cred_mat_sem_a,resource_events_m09
ALL_FEATURES_81,1736,0.023269074868421225,pft_assignment_submissions_m09,pft_total_minutes_m11
ALL_FEATURES_81,1737,0.0232453292076773,estudios_m_hash,pract1
ALL_FEATURES_81,1738,0.023241599565960943,cred_sup_3o,total1
ALL_FEATURES_81,1739,0.023222981548229882,cred_mat_sem_b,n_resource_days_m12
ALL_FEATURES_81,1740,0.023143273392719262,n_wifi_days_m12,resource_events_m11
ALL_FEATURES_81,1741,0.02310357370588356,desplazado_hash,cred_sup_5o
ALL_FEATURES_81,1742,0.023102070225137442,actividades,pft_visits_m09
ALL_FEATURES_81,1743,0.02307883889285911,cred_mat1,pft_total_minutes_m10
ALL_FEATURES_81,1744,0.023030460082251736,rend_total_antepenultimo,pft_visits_m10
ALL_FEATURES_81,1745,0.02302543103025468,pft_test_submissions_m09,pft_test_submissions_m12
ALL_FEATURES_81,1746,0.02298936606235724,pft_events_m10,pft_assignment_submissions_m09
ALL_FEATURES_81,1747,0.022980115030433627,cred_mat4,pft_total_minutes_m10
ALL_FEATURES_81,1748,0.02292867745602933,cred_mat1,n_resource_days_m11
ALL_FEATURES_81,1749,0.02291410518965975,n_wifi_days_m10,n_resource_days_m10
ALL_FEATURES_81,1750,0.02281442904495989,cred_mat_movilidad,cred_mat_practicas
ALL_FEATURES_81,1751,0.022806079702852426,pft_events_m10,n_wifi_days_m09
ALL_FEATURES_81,1752,0.02279950786399976,tipo_ingreso,desplazado_hash
ALL_FEATURES_81,1753,0.02279300893616476,n_wifi_days_m10,n_resource_days_m09
ALL_FEATURES_81,1754,0.022740839341981456,cred_sup_3o,resource_events_m11
ALL_FEATURES_81,1755,0.022738400391429714,rend_total_antepenultimo,pft_visits_m11
ALL_FEATURES_81,1756,0.022705953091468167,rend_total_ultimo,pft_events_m11
ALL_FEATURES_81,1757,0.02265012335244254,curso_mas_alto,pft_events_m11
ALL_FEATURES_81,1758,0.022649458050690185,curso_mas_alto,n_resource_days_m11
ALL_FEATURES_81,1759,0.0226346347532127,desplazado_hash,cred_mat_practicas
ALL_FEATURES_81,1760,0.022623254729007947,pft_events_m12,pft_test_submissions_m09
ALL_FEATURES_81,1761,0.02260375220509481,cred_sup_2o,pft_total_minutes_m10
ALL_FEATURES_81,1762,0.02258276286029659,curso_mas_bajo,n_wifi_days_m12
ALL_FEATURES_81,1763,0.022537748775163458,desplazado_hash,cred_mat_anu
ALL_FEATURES_81,1764,0.022529737754558358,preferencia_seleccion,resource_events_m09
ALL_FEATURES_81,1765,0.022486744908698952,cred_sup_1o,n_resource_days_m10
ALL_FEATURES_81,1766,0.022474873266782325,pft_total_minutes_m10,n_wifi_days_m11
ALL_FEATURES_81,1767,0.022449529535401247,cred_mat_anu,n_resource_days_m12
ALL_FEATURES_81,1768,0.022392847473039268,cred_mat_total,pft_days_logged_m09
ALL_FEATURES_81,1769,0.02238944084097305,pft_events_m12,n_wifi_days_m10
ALL_FEATURES_81,1770,0.022343814952764163,cred_mat1,pft_days_logged_m11
ALL_FEATURES_81,1771,0.02232350690619533,desplazado_hash,practicas
ALL_FEATURES_81,1772,0.022206421144492342,pft_events_m12,n_wifi_days_m09
ALL_FEATURES_81,1773,0.022171463977917586,pft_test_submissions_m12,n_wifi_days_m11
ALL_FEATURES_81,1774,0.02214048796881674,curso_mas_alto,resource_events_m11
ALL_FEATURES_81,1775,0.022107174006831255,pract1,pft_visits_m11
ALL_FEATURES_81,1776,0.02208744786364747,cred_sup_3o,resource_events_m10
ALL_FEATURES_81,1777,0.02202229059431815,cred_mat3,pft_visits_m09
ALL_FEATURES_81,1778,0.02192247787792123,cred_sup_1o,pft_days_logged_m10
ALL_FEATURES_81,1779,0.021857796705559984,curso_mas_bajo,resource_events_m11
ALL_FEATURES_81,1780,0.021754346564742733,n_wifi_days_m12,n_resource_days_m11
ALL_FEATURES_81,1781,0.02170092724206718,dedicacion,rend_total_antepenultimo
ALL_FEATURES_81,1782,0.021529566747894968,cred_mat_sem_a,pft_visits_m11
ALL_FEATURES_81,1783,0.02152007226060526,pract1,pft_events_m11
ALL_FEATURES_81,1784,0.02151682100310204,rend_total_antepenultimo,pft_total_minutes_m10
ALL_FEATURES_81,1785,0.021496661643627846,rend_total_antepenultimo,pft_days_logged_m09
ALL_FEATURES_81,1786,0.02143586580933476,cred_mat_total,n_resource_days_m11
ALL_FEATURES_81,1787,0.021369110530179647,cred_mat4,resource_events_m09
ALL_FEATURES_81,1788,0.021309662000227547,caca,pft_assignment_submissions_m11
ALL_FEATURES_81,1789,0.02127106477169693,curso_mas_alto,pft_visits_m12
ALL_FEATURES_81,1790,0.021263472426031004,pft_assignment_submissions_m10,n_wifi_days_m10
ALL_FEATURES_81,1791,0.021195555296975144,cred_mat3,total1
ALL_FEATURES_81,1792,0.02117698811098024,pft_test_submissions_m09,n_resource_days_m12
ALL_FEATURES_81,1793,0.021157009365468937,pract1,n_resource_days_m10
ALL_FEATURES_81,1794,0.02114382629807832,curso_mas_alto,resource_events_m10
ALL_FEATURES_81,1795,0.021102176284737872,cred_mat1,pft_total_minutes_m12
ALL_FEATURES_81,1796,0.021058522139968616,n_wifi_days_m09,resource_events_m09
ALL_FEATURES_81,1797,0.02102321021022924,practicas,pft_visits_m09
ALL_FEATURES_81,1798,0.0210067590990386,pft_events_m09,n_wifi_days_m10
ALL_FEATURES_81,1799,0.02099370072198248,activ1,pft_events_m09
ALL_FEATURES_81,1800,0.020992102443132758,n_wifi_days_m11,resource_events_m09
ALL_FEATURES_81,1801,0.020985769186042447,pft_total_minutes_m12,n_wifi_days_m11
ALL_FEATURES_81,1802,0.02094790859353424,cred_sup_1o,resource_events_m10
ALL_FEATURES_81,1803,0.02090710253201955,pft_assignment_submissions_m09,n_resource_days_m09
ALL_FEATURES_81,1804,0.020900406683951545,cred_mat_total,pft_visits_m10
ALL_FEATURES_81,1805,0.020884975043005127,cred_mat5,ajuste
ALL_FEATURES_81,1806,0.0208704358347136,cred_mat1,pft_visits_m12
ALL_FEATURES_81,1807,0.020862644150949627,dedicacion,cred_mat3
ALL_FEATURES_81,1808,0.02084577232645657,ajuste,n_resource_days_m10
ALL_FEATURES_81,1809,0.02083875892517728,pft_events_m10,n_wifi_days_m11
ALL_FEATURES_81,1810,0.020825695069342842,cred_sup_1o,n_resource_days_m11
ALL_FEATURES_81,1811,0.02075027236843852,desplazado_hash,pft_events_m09
ALL_FEATURES_81,1812,0.020653752461324608,pft_total_minutes_m10,n_wifi_days_m10
ALL_FEATURES_81,1813,0.02063878164348321,rend_total_penultimo,pft_total_minutes_m12
ALL_FEATURES_81,1814,0.02063370967695644,n_wifi_days_m10,resource_events_m12
ALL_FEATURES_81,1815,0.020590970636933825,pft_days_logged_m10,pft_assignment_submissions_m09
ALL_FEATURES_81,1816,0.02051549821641263,activ1,pft_total_minutes_m09
ALL_FEATURES_81,1817,0.0205033574011404,pft_days_logged_m12,pft_test_submissions_m09
ALL_FEATURES_81,1818,0.020503319578036642,rend_total_penultimo,pft_total_minutes_m10
ALL_FEATURES_81,1819,0.02042190528462573,cred_mat_total,pft_visits_m09
ALL_FEATURES_81,1820,0.020418289911344967,pft_assignment_submissions_m09,n_resource_days_m10
ALL_FEATURES_81,1821,0.02041130976152417,cred_mat1,cred_sup_5o
ALL_FEATURES_81,1822,0.020353235179242368,cred_sup_4o,total1
ALL_FEATURES_81,1823,0.020326988817767955,n_wifi_days_m12,resource_events_m09
ALL_FEATURES_81,1824,0.020303858973601763,cred_sup_2o,pft_visits_m09
ALL_FEATURES_81,1825,0.0202930229833358,n_wifi_days_m09,resource_events_m10
ALL_FEATURES_81,1826,0.02028307432703169,curso_mas_bajo,ajuste
ALL_FEATURES_81,1827,0.0202756116687981,pft_assignment_submissions_m11,n_wifi_days_m12
ALL_FEATURES_81,1828,0.02013055384764506,rend_total_antepenultimo,pft_events_m10
ALL_FEATURES_81,1829,0.020060283629604214,pft_assignment_submissions_m12,n_resource_days_m09
ALL_FEATURES_81,1830,0.02004891892230188,rend_total_antepenultimo,resource_events_m09
ALL_FEATURES_81,1831,0.02002711766481457,rend_total_ultimo,pft_visits_m12
ALL_FEATURES_81,1832,0.019971775821448826,pft_days_logged_m11,pft_assignment_submissions_m09
ALL_FEATURES_81,1833,0.01992493475129997,caca,pft_assignment_submissions_m10
ALL_FEATURES_81,1834,0.019908694114587167,pract1,pft_events_m10
ALL_FEATURES_81,1835,0.019873609815773463,anyo_inicio_estudios,n_resource_days_m10
ALL_FEATURES_81,1836,0.019861879690016068,pft_assignment_submissions_m09,pft_total_minutes_m12
ALL_FEATURES_81,1837,0.01983054106617299,actividades,ajuste
ALL_FEATURES_81,1838,0.01982987918468826,n_wifi_days_m12,n_resource_days_m12
ALL_FEATURES_81,1839,0.019817125260869872,actividades,pft_events_m09
ALL_FEATURES_81,1840,0.019811926924046645,pft_visits_m10,pft_test_submissions_m09
ALL_FEATURES_81,1841,0.019790896170202462,cred_mat1,n_resource_days_m09
ALL_FEATURES_81,1842,0.019722046190683958,pft_assignment_submissions_m11,n_wifi_days_m10
ALL_FEATURES_81,1843,0.01968287440940664,cred_mat2,cred_mat5
ALL_FEATURES_81,1844,0.01964796888915377,pract1,pft_days_logged_m12
ALL_FEATURES_81,1845,0.019590131456376447,ajuste,pft_visits_m09
ALL_FEATURES_81,1846,0.019493360522346848,cred_mat_total,pft_days_logged_m12
ALL_FEATURES_81,1847,0.019476097060318942,cred_sup_3o,pft_visits_m10
ALL_FEATURES_81,1848,0.019459566421937247,cred_mat_movilidad,pft_events_m11
ALL_FEATURES_81,1849,0.01943880334197257,rend_total_ultimo,pft_days_logged_m10
ALL_FEATURES_81,1850,0.019431234557360167,activ1,pft_events_m11
ALL_FEATURES_81,1851,0.019408262450567367,pract1,resource_events_m10
ALL_FEATURES_81,1852,0.019367481881090498,pract1,resource_events_m09
ALL_FEATURES_81,1853,0.019324151659698245,cred_mat3,pft_events_m09
ALL_FEATURES_81,1854,0.019321557474692767,nota10_hash,pft_assignment_submissions_m10
ALL_FEATURES_81,1855,0.019319494978049082,rend_total_ultimo,pft_visits_m10
ALL_FEATURES_81,1856,0.01931596740584229,cred_sup_3o,pft_events_m11
ALL_FEATURES_81,1857,0.019311747870633944,rend_total_antepenultimo,pft_total_minutes_m09
ALL_FEATURES_81,1858,0.019255662939873908,anyo_inicio_estudios,resource_events_m09
ALL_FEATURES_81,1859,0.019228290253884055,cred_mat3,pft_total_minutes_m12
ALL_FEATURES_81,1860,0.01921116967610104,pft_assignment_submissions_m09,resource_events_m10
ALL_FEATURES_81,1861,0.019179323353486488,dedicacion,cred_mat2
ALL_FEATURES_81,1862,0.019165435899625827,desplazado_hash,cred_mat_sem_b
ALL_FEATURES_81,1863,0.01913280762491709,cred_sup_3o,pft_events_m12
ALL_FEATURES_81,1864,0.01912961047509043,cred_sup_2o,pft_total_minutes_m12
ALL_FEATURES_81,1865,0.01911722733936649,curso_mas_bajo,pft_visits_m12
ALL_FEATURES_81,1866,0.019103934867279904,rend_total_ultimo,n_resource_days_m09
ALL_FEATURES_81,1867,0.019099143256607217,cred_sup_4o,n_resource_days_m09
ALL_FEATURES_81,1868,0.019043709200864185,cred_mat3,pft_days_logged_m10
ALL_FEATURES_81,1869,0.019002283587707502,cred_mat4,pft_days_logged_m10
ALL_FEATURES_81,1870,0.018921060819381275,pract1,resource_events_m11
ALL_FEATURES_81,1871,0.0189084907867354,rend_total_antepenultimo,pft_events_m11
ALL_FEATURES_81,1872,0.018882906827318642,rend_total_penultimo,n_resource_days_m09
ALL_FEATURES_81,1873,0.018851223455400586,cred_mat4,pft_events_m09
ALL_FEATURES_81,1874,0.01884177801566711,pft_visits_m12,pft_test_submissions_m09
ALL_FEATURES_81,1875,0.01878779864099922,cred_sup_2o,resource_events_m10
ALL_FEATURES_81,1876,0.018748897952386656,pft_assignment_submissions_m11,n_wifi_days_m09
ALL_FEATURES_81,1877,0.018707480430014467,cred_mat5,cred_sup_1o
ALL_FEATURES_81,1878,0.01862940396286783,dedicacion,n_wifi_days_m10
ALL_FEATURES_81,1879,0.018608659946753647,cred_mat3,pft_events_m12
ALL_FEATURES_81,1880,0.01859889668592185,cred_sup_2o,pft_total_minutes_m11
ALL_FEATURES_81,1881,0.018584945784041008,n_wifi_days_m12,n_resource_days_m09
ALL_FEATURES_81,1882,0.0185673158361519,ajuste,pft_events_m10
ALL_FEATURES_81,1883,0.01854267659132347,curso_mas_alto,pft_visits_m09
ALL_FEATURES_81,1884,0.018537337915152108,cred_sup_2o,pft_days_logged_m12
ALL_FEATURES_81,1885,0.018529715219816733,caca,pft_test_submissions_m10
ALL_FEATURES_81,1886,0.018513644240375268,anyo_ingreso,desplazado_hash
ALL_FEATURES_81,1887,0.01848999009191576,rend_total_antepenultimo,n_resource_days_m10
ALL_FEATURES_81,1888,0.01845223681138464,n_wifi_days_m10,resource_events_m11
ALL_FEATURES_81,1889,0.018449250243098625,cred_mat3,pft_visits_m10
ALL_FEATURES_81,1890,0.01844858329236488,dedicacion,cred_mat_anu
ALL_FEATURES_81,1891,0.01844450459583236,cred_mat2,pft_visits_m09
ALL_FEATURES_81,1892,0.018407927823274942,n_wifi_days_m09,resource_events_m12
ALL_FEATURES_81,1893,0.01838556591486107,pft_assignment_submissions_m09,n_resource_days_m11
ALL_FEATURES_81,1894,0.018378110999752728,pft_total_minutes_m12,n_wifi_days_m09
ALL_FEATURES_81,1895,0.018358752153150533,nota10_hash,pft_assignment_submissions_m11
ALL_FEATURES_81,1896,0.01832956967254696,pract1,pft_visits_m09
ALL_FEATURES_81,1897,0.01832675000099826,ajuste,pft_visits_m11
ALL_FEATURES_81,1898,0.018308375065110738,pract1,pft_visits_m12
ALL_FEATURES_81,1899,0.018307607224110185,dedicacion,cred_mat5
ALL_FEATURES_81,1900,0.01828260172956764,cred_sup_2o,n_resource_days_m11
ALL_FEATURES_81,1901,0.01822577558006344,total1,resource_events_m10
ALL_FEATURES_81,1902,0.01821666195552929,cred_mat_movilidad,pft_days_logged_m09
ALL_FEATURES_81,1903,0.01820209181282096,cred_mat2,cred_sup_5o
ALL_FEATURES_81,1904,0.018180833665870644,curso_mas_alto,pft_days_logged_m12
ALL_FEATURES_81,1905,0.01810798233898136,cred_sup_3o,pft_days_logged_m12
ALL_FEATURES_81,1906,0.018084943769125058,rend_total_penultimo,n_resource_days_m11
ALL_FEATURES_81,1907,0.0180623128102102,cred_mat1,pft_visits_m10
ALL_FEATURES_81,1908,0.018010958181561062,cred_mat_movilidad,n_resource_days_m09
ALL_FEATURES_81,1909,0.01797777003330836,cred_mat_movilidad,n_resource_days_m11
ALL_FEATURES_81,1910,0.01794906675255037,cred_mat_movilidad,pft_total_minutes_m11
ALL_FEATURES_81,1911,0.017946515681691366,anyo_inicio_estudios,pft_total_minutes_m11
ALL_FEATURES_81,1912,0.01794628840879131,cred_sup_3o,n_resource_days_m09
ALL_FEATURES_81,1913,0.017883099620443762,n_wifi_days_m11,resource_events_m12
ALL_FEATURES_81,1914,0.017872096030968617,cred_mat3,n_resource_days_m10
ALL_FEATURES_81,1915,0.017760813797015995,cred_mat_movilidad,pft_total_minutes_m12
ALL_FEATURES_81,1916,0.017752530351419438,practicas,pft_events_m09
ALL_FEATURES_81,1917,0.017703970671383296,anyo_inicio_estudios,pft_total_minutes_m10
ALL_FEATURES_81,1918,0.017679204391244596,rend_total_penultimo,pft_visits_m10
ALL_FEATURES_81,1919,0.017654479824948943,anyo_inicio_estudios,pft_events_m12
ALL_FEATURES_81,1920,0.017653573674013327,ajuste,resource_events_m11
ALL_FEATURES_81,1921,0.017652089809701454,desplazado_hash,n_wifi_days_m09
ALL_FEATURES_81,1922,0.017634366551249947,cred_sup_2o,pft_days_logged_m09
ALL_FEATURES_81,1923,0.017595694912503568,actividades,pft_days_logged_m09
ALL_FEATURES_81,1924,0.0175873009336529,cred_sup_5o,pft_visits_m09
ALL_FEATURES_81,1925,0.017546619165798027,pft_total_minutes_m12,n_wifi_days_m12
ALL_FEATURES_81,1926,0.017525409777617185,cred_mat_movilidad,resource_events_m10
ALL_FEATURES_81,1927,0.017522083926184706,cred_mat1,pft_days_logged_m09
ALL_FEATURES_81,1928,0.017497853483124715,ajuste,resource_events_m09
ALL_FEATURES_81,1929,0.017453713669512542,cred_sup_3o,resource_events_m12
ALL_FEATURES_81,1930,0.017429725016419262,cred_mat_movilidad,pft_days_logged_m11
ALL_FEATURES_81,1931,0.01742666466306897,pft_events_m11,pft_test_submissions_m09
ALL_FEATURES_81,1932,0.017415678565999567,total1,n_wifi_days_m11
ALL_FEATURES_81,1933,0.01737305129024236,n_wifi_days_m12,resource_events_m12
ALL_FEATURES_81,1934,0.01737063485494694,estudios_p_hash,pft_total_minutes_m10
ALL_FEATURES_81,1935,0.01735190570337508,pract1,pft_total_minutes_m10
ALL_FEATURES_81,1936,0.017303689551416927,rend_total_ultimo,pft_days_logged_m11
ALL_FEATURES_81,1937,0.017298628466586585,cred_mat1,pft_days_logged_m10
ALL_FEATURES_81,1938,0.017272078157757775,n_wifi_days_m09,resource_events_m11
ALL_FEATURES_81,1939,0.017265395003062345,cred_mat4,pft_visits_m09
ALL_FEATURES_81,1940,0.01726064477754452,cred_mat4,pft_total_minutes_m09
ALL_FEATURES_81,1941,0.01725637556592119,cred_mat4,pft_total_minutes_m11
ALL_FEATURES_81,1942,0.01724866145187054,cred_mat2,pft_events_m09
ALL_FEATURES_81,1943,0.017238850776521097,rend_total_antepenultimo,resource_events_m11
ALL_FEATURES_81,1944,0.01720247913946871,rend_total_antepenultimo,pft_visits_m12
ALL_FEATURES_81,1945,0.017200415911780453,cred_sup_2o,resource_events_m11
ALL_FEATURES_81,1946,0.017174464839783354,cred_mat4,pft_days_logged_m11
ALL_FEATURES_81,1947,0.01714382650980539,n_wifi_days_m11,resource_events_m11
ALL_FEATURES_81,1948,0.017141491824095745,activ1,pft_visits_m12
ALL_FEATURES_81,1949,0.017104256840446475,nota14_hash,pft_assignment_submissions_m11
ALL_FEATURES_81,1950,0.017059900359032376,cred_mat_anu,pft_visits_m11
ALL_FEATURES_81,1951,0.017041575932465136,curso_mas_alto,pft_total_minutes_m09
ALL_FEATURES_81,1952,0.016999507895635986,anyo_inicio_estudios,pft_total_minutes_m12
ALL_FEATURES_81,1953,0.01696304259726844,cred_sup_3o,pft_days_logged_m10
ALL_FEATURES_81,1954,0.01690975886900503,n_wifi_days_m11,n_resource_days_m11
ALL_FEATURES_81,1955,0.016904937612109094,pract1,pft_total_minutes_m11
ALL_FEATURES_81,1956,0.01690209628519934,cred_sup_3o,pft_days_logged_m11
ALL_FEATURES_81,1957,0.016896277869432375,rend_total_penultimo,pft_total_minutes_m11
ALL_FEATURES_81,1958,0.016874849986370673,cred_mat_total,pft_visits_m12
ALL_FEATURES_81,1959,0.016840454903324975,pft_assignment_submissions_m10,n_wifi_days_m12
ALL_FEATURES_81,1960,0.016833878882495767,rend_total_penultimo,pft_visits_m12
ALL_FEATURES_81,1961,0.016829924554149226,pft_total_minutes_m10,n_wifi_days_m09
ALL_FEATURES_81,1962,0.01682259219207438,cred_mat_movilidad,pft_events_m10
ALL_FEATURES_81,1963,0.01681730450363439,pft_test_submissions_m10,n_wifi_days_m12
ALL_FEATURES_81,1964,0.016812974086813703,actividades,pft_events_m11
ALL_FEATURES_81,1965,0.016800286095230987,cred_mat4,pft_events_m10
ALL_FEATURES_81,1966,0.01678182165105646,rend_total_ultimo,pft_days_logged_m12
ALL_FEATURES_81,1967,0.01676240560548781,curso_mas_bajo,pft_events_m12
ALL_FEATURES_81,1968,0.016762370774544344,desplazado_hash,pft_days_logged_m09
ALL_FEATURES_81,1969,0.01671337307591791,curso_mas_alto,pft_total_minutes_m12
ALL_FEATURES_81,1970,0.01667355799860104,preferencia_seleccion,pft_events_m09
ALL_FEATURES_81,1971,0.016670578125368433,rend_total_penultimo,pft_days_logged_m11
ALL_FEATURES_81,1972,0.016668128450161742,rend_total_antepenultimo,resource_events_m10
ALL_FEATURES_81,1973,0.016641539767481728,pft_test_submissions_m11,n_wifi_days_m11
ALL_FEATURES_81,1974,0.01663835618269793,curso_mas_alto,pft_days_logged_m09
ALL_FEATURES_81,1975,0.016618599947610058,cred_mat5,pft_visits_m09
ALL_FEATURES_81,1976,0.016616530292846043,cred_mat_anu,n_resource_days_m09
ALL_FEATURES_81,1977,0.01661436386550008,practicas,ajuste
ALL_FEATURES_81,1978,0.016499507277417003,cred_mat_practicas,pft_events_m09
ALL_FEATURES_81,1979,0.01649299770385504,desplazado_hash,pft_test_submissions_m11
ALL_FEATURES_81,1980,0.016484379852245826,cred_mat_total,pft_days_logged_m10
ALL_FEATURES_81,1981,0.016478346751549466,rend_total_penultimo,n_resource_days_m12
ALL_FEATURES_81,1982,0.01647816912802691,pract1,pft_total_minutes_m09
ALL_FEATURES_81,1983,0.016476318804291346,rend_total_ultimo,resource_events_m12
ALL_FEATURES_81,1984,0.016470064374080273,cred_mat4,pft_total_minutes_m12
ALL_FEATURES_81,1985,0.016468954706208017,estudios_p_hash,pft_visits_m09
ALL_FEATURES_81,1986,0.016433010341226684,rend_total_antepenultimo,pft_test_submissions_m10
ALL_FEATURES_81,1987,0.0164240384023504,rend_total_antepenultimo,pft_days_logged_m11
ALL_FEATURES_81,1988,0.016321418199040316,estudios_p_hash,curso_mas_alto
ALL_FEATURES_81,1989,0.0162815499791078,cred_mat2,pft_total_minutes_m10
ALL_FEATURES_81,1990,0.016228862081546502,ajuste,pft_total_minutes_m10
ALL_FEATURES_81,1991,0.016210116814679758,dedicacion,cred_mat4
ALL_FEATURES_81,1992,0.01619393651829082,rend_total_ultimo,resource_events_m11
ALL_FEATURES_81,1993,0.016162065289912597,cred_mat_total,pft_days_logged_m11
ALL_FEATURES_81,1994,0.016152934019058485,estudios_p_hash,dedicacion
ALL_FEATURES_81,1995,0.01612989698868006,desplazado_hash,resource_events_m09
ALL_FEATURES_81,1996,0.01605948608697938,actividades,pft_total_minutes_m09
ALL_FEATURES_81,1997,0.016046397652113242,caca,pft_test_submissions_m11
ALL_FEATURES_81,1998,0.016023531011681413,cred_sup_4o,n_resource_days_m10
ALL_FEATURES_81,1999,0.01599875857530719,cred_sup_1o,n_resource_days_m12
ALL_FEATURES_81,2000,0.015989251260908333,total1,rend_total_ultimo
ALL_FEATURES_81,2001,0.015963550513412802,cred_mat_movilidad,resource_events_m12
ALL_FEATURES_81,2002,0.015962500887062525,rend_total_ultimo,n_resource_days_m11
ALL_FEATURES_81,2003,0.015958973755276332,pft_assignment_submissions_m12,n_wifi_days_m11
ALL_FEATURES_81,2004,0.015930573495423594,cred_mat4,resource_events_m11
ALL_FEATURES_81,2005,0.015916260312715202,ajuste,pft_events_m09
ALL_FEATURES_81,2006,0.015841655330538273,cred_mat4,n_resource_days_m09
ALL_FEATURES_81,2007,0.015821510562308738,ajuste,resource_events_m10
ALL_FEATURES_81,2008,0.015813597064134655,pft_test_submissions_m12,n_wifi_days_m12
ALL_FEATURES_81,2009,0.015793793665832112,anyo_ingreso,pft_test_submissions_m12
ALL_FEATURES_81,2010,0.01575944051694833,cred_mat_movilidad,resource_events_m11
ALL_FEATURES_81,2011,0.01572643135928864,desplazado_hash,cred_ptes_acta
ALL_FEATURES_81,2012,0.0157102700139804,pft_events_m12,n_wifi_days_m12
ALL_FEATURES_81,2013,0.015701857652144824,cred_mat4,pft_days_logged_m09
ALL_FEATURES_81,2014,0.015698772618867984,pft_events_m10,n_wifi_days_m12
ALL_FEATURES_81,2015,0.015695620087446294,cred_mat_movilidad,pft_events_m12
ALL_FEATURES_81,2016,0.015694631829986427,n_wifi_days_m11,n_resource_days_m09
ALL_FEATURES_81,2017,0.01565900245015328,total1,pft_total_minutes_m09
ALL_FEATURES_81,2018,0.015615922833774219,cred_mat3,pft_total_minutes_m09
ALL_FEATURES_81,2019,0.015543069957639766,pract1,pft_total_minutes_m12
ALL_FEATURES_81,2020,0.015530815178699697,anyo_inicio_estudios,resource_events_m11
ALL_FEATURES_81,2021,0.01551005430607777,pract1,pft_events_m09
ALL_FEATURES_81,2022,0.0154980484439875,nota14_hash,pft_assignment_submissions_m10
ALL_FEATURES_81,2023,0.015482816809143431,estudios_p_hash,total1
ALL_FEATURES_81,2024,0.015446733223043909,total1,n_wifi_days_m09
ALL_FEATURES_81,2025,0.015426090049181163,cred_mat3,n_resource_days_m11
ALL_FEATURES_81,2026,0.015418248868243722,practicas,pft_visits_m10
ALL_FEATURES_81,2027,0.015404024718440825,curso_mas_bajo,pft_visits_m09
ALL_FEATURES_81,2028,0.015351301296643529,dedicacion,n_wifi_days_m11
ALL_FEATURES_81,2029,0.015348950182056063,cred_mat_practicas,pft_visits_m09
ALL_FEATURES_81,2030,0.015335363081706356,actividades,pft_events_m10
ALL_FEATURES_81,2031,0.0153262639910694,pft_test_submissions_m10,n_wifi_days_m10
ALL_FEATURES_81,2032,0.01530648365008336,dedicacion,ajuste
ALL_FEATURES_81,2033,0.01529068635355646,curso_mas_bajo,pft_events_m09
ALL_FEATURES_81,2034,0.015285605894539422,cred_mat3,pft_days_logged_m12
ALL_FEATURES_81,2035,0.015272620791394688,pft_assignment_submissions_m09,pft_assignment_submissions_m11
ALL_FEATURES_81,2036,0.015270418059134984,rend_total_penultimo,resource_events_m12
ALL_FEATURES_81,2037,0.015239445008662143,curso_mas_bajo,pft_visits_m10
ALL_FEATURES_81,2038,0.01517951332315981,curso_mas_bajo,pft_days_logged_m09
ALL_FEATURES_81,2039,0.015179220241257953,anyo_ingreso,pft_assignment_submissions_m12
ALL_FEATURES_81,2040,0.015164862865017168,anyo_inicio_estudios,n_resource_days_m11
ALL_FEATURES_81,2041,0.015150658182026875,tipo_ingreso,total1
ALL_FEATURES_81,2042,0.015130932797509544,desplazado_hash,pft_test_submissions_m10
ALL_FEATURES_81,2043,0.015129006711099182,desplazado_hash,ajuste1
ALL_FEATURES_81,2044,0.015119223905653456,actividades,pft_visits_m12
ALL_FEATURES_81,2045,0.015084484099907591,anyo_inicio_estudios,resource_events_m10
ALL_FEATURES_81,2046,0.01508089669317769,cred_mat_movilidad,n_resource_days_m12
ALL_FEATURES_81,2047,0.0150774998969192,rend_total_antepenultimo,pft_total_minutes_m12
ALL_FEATURES_81,2048,0.015077206875278469,desplazado_hash,cred_sup_6o
ALL_FEATURES_81,2049,0.015067167296169968,cred_mat4,n_resource_days_m10
ALL_FEATURES_81,2050,0.015041824834349347,rend_total_antepenultimo,n_resource_days_m09
ALL_FEATURES_81,2051,0.01504149441392588,desplazado_hash,cred_mat6
ALL_FEATURES_81,2052,0.014986065821266159,actividades,n_resource_days_m12
ALL_FEATURES_81,2053,0.014975346257996238,cred_mat4,pft_visits_m12
ALL_FEATURES_81,2054,0.01491567119480486,caca,cred_sup_5o
ALL_FEATURES_81,2055,0.0149110751479391,cred_sup_2o,n_resource_days_m10
ALL_FEATURES_81,2056,0.014908055971487144,rend_total_ultimo,n_resource_days_m12
ALL_FEATURES_81,2057,0.014893444799377598,cred_mat3,pft_test_submissions_m11
ALL_FEATURES_81,2058,0.014883767354871404,ajuste,n_resource_days_m09
ALL_FEATURES_81,2059,0.014864604142793782,rend_total_antepenultimo,pft_events_m09
ALL_FEATURES_81,2060,0.014859131065596998,cred_mat4,pft_visits_m10
ALL_FEATURES_81,2061,0.014849534354095972,cred_mat_movilidad,pft_days_logged_m10
ALL_FEATURES_81,2062,0.014844293185150903,cred_mat4,resource_events_m10
ALL_FEATURES_81,2063,0.01484335753210164,cred_sup_2o,pft_total_minutes_m09
ALL_FEATURES_81,2064,0.014835532229723112,estudios_p_hash,desplazado_hash
ALL_FEATURES_81,2065,0.014833920985414473,cred_mat_practicas,resource_events_m09
ALL_FEATURES_81,2066,0.014833632097995153,ajuste,pft_total_minutes_m09
ALL_FEATURES_81,2067,0.014805708504623816,pft_assignment_submissions_m09,n_resource_days_m12
ALL_FEATURES_81,2068,0.014794138122267597,pft_test_submissions_m11,n_wifi_days_m12
ALL_FEATURES_81,2069,0.014792209340323659,cred_mat4,total1
ALL_FEATURES_81,2070,0.014783809973380356,preferencia_seleccion,cred_mat5
ALL_FEATURES_81,2071,0.014760957580146616,cred_mat4,pft_days_logged_m12
ALL_FEATURES_81,2072,0.014716864760992543,total1,pft_events_m11
ALL_FEATURES_81,2073,0.014709521889664678,cred_mat4,resource_events_m12
ALL_FEATURES_81,2074,0.014650146653114147,anyo_ingreso,pft_assignment_submissions_m11
ALL_FEATURES_81,2075,0.014635053431306666,cred_mat_practicas,pft_days_logged_m10
ALL_FEATURES_81,2076,0.014624258972862238,cred_mat3,resource_events_m11
ALL_FEATURES_81,2077,0.01459251013977969,pft_events_m09,n_wifi_days_m12
ALL_FEATURES_81,2078,0.014589128669568296,cred_sup_3o,n_resource_days_m10
ALL_FEATURES_81,2079,0.014587252236674788,curso_mas_bajo,pft_days_logged_m11
ALL_FEATURES_81,2080,0.014579553577740878,dedicacion,rend_total_penultimo
ALL_FEATURES_81,2081,0.014512757482752825,activ1,pft_days_logged_m11
ALL_FEATURES_81,2082,0.014472816064149184,caca,pft_test_submissions_m12
ALL_FEATURES_81,2083,0.014446690643661775,estudios_p_hash,pft_days_logged_m09
ALL_FEATURES_81,2084,0.014370262008000624,rend_total_penultimo,pft_days_logged_m10
ALL_FEATURES_81,2085,0.014347607108598838,pft_test_submissions_m12,n_wifi_days_m10
ALL_FEATURES_81,2086,0.014345164018329191,curso_mas_bajo,n_resource_days_m12
ALL_FEATURES_81,2087,0.01422889897195301,pft_visits_m11,pft_test_submissions_m09
ALL_FEATURES_81,2088,0.014224411550836537,nota10_hash,pft_test_submissions_m10
ALL_FEATURES_81,2089,0.014193885455215494,caca,pract1
ALL_FEATURES_81,2090,0.01419281100769609,pft_total_minutes_m11,n_wifi_days_m09
ALL_FEATURES_81,2091,0.014182317448216075,curso_mas_alto,pft_visits_m10
ALL_FEATURES_81,2092,0.014176420049395231,activ1,pft_events_m12
ALL_FEATURES_81,2093,0.014174994662802474,anyo_inicio_estudios,pft_test_submissions_m11
ALL_FEATURES_81,2094,0.014171877021952994,rend_total_antepenultimo,pft_days_logged_m12
ALL_FEATURES_81,2095,0.014140077686108475,cred_sup_3o,pft_visits_m11
ALL_FEATURES_81,2096,0.014136528476216268,cred_ptes_acta,cred_sup_2o
ALL_FEATURES_81,2097,0.014131986570452781,pft_assignment_submissions_m09,resource_events_m12
ALL_FEATURES_81,2098,0.014099432544979253,cred_mat3,pft_total_minutes_m10
ALL_FEATURES_81,2099,0.01408861802110506,desplazado_hash,pft_total_minutes_m10
ALL_FEATURES_81,2100,0.014061158605678692,pract1,pft_days_logged_m10
ALL_FEATURES_81,2101,0.014021508292394458,pft_events_m11,n_wifi_days_m09
ALL_FEATURES_81,2102,0.01399057136105153,pract1,n_resource_days_m09
ALL_FEATURES_81,2103,0.013944833334715412,cred_sup_4o,n_resource_days_m11
ALL_FEATURES_81,2104,0.013940355606684385,anyo_inicio_estudios,pft_events_m09
ALL_FEATURES_81,2105,0.013929141112651422,practicas,pft_days_logged_m10
ALL_FEATURES_81,2106,0.013923662686333492,cred_mat3,pft_events_m10
ALL_FEATURES_81,2107,0.013921855763632252,anyo_inicio_estudios,pft_assignment_submissions_m11
ALL_FEATURES_81,2108,0.01388044263403554,rend_total_antepenultimo,pft_days_logged_m10
ALL_FEATURES_81,2109,0.01387598814605795,rend_total_antepenultimo,pft_events_m12
ALL_FEATURES_81,2110,0.01386400602241089,pft_visits_m10,pft_assignment_submissions_m09
ALL_FEATURES_81,2111,0.013853230911724523,ajuste,pft_days_logged_m12
ALL_FEATURES_81,2112,0.013843994111165436,activ1,n_resource_days_m09
ALL_FEATURES_81,2113,0.013840940502384493,total1,resource_events_m11
ALL_FEATURES_81,2114,0.013775411912377857,cred_mat5,practicas
ALL_FEATURES_81,2115,0.013756203635031385,activ1,pft_visits_m10
ALL_FEATURES_81,2116,0.013755374049535972,cred_mat_movilidad,pft_visits_m10
ALL_FEATURES_81,2117,0.013725934341957569,cred_sup_4o,pft_total_minutes_m10
ALL_FEATURES_81,2118,0.013719256907855916,pft_assignment_submissions_m11,pft_test_submissions_m11
ALL_FEATURES_81,2119,0.013685925703377677,ajuste,n_resource_days_m11
ALL_FEATURES_81,2120,0.013655564306016109,cred_mat5,pract1
ALL_FEATURES_81,2121,0.01363153408803619,cred_mat1,pft_visits_m11
ALL_FEATURES_81,2122,0.01362770754259124,estudios_p_hash,pft_total_minutes_m12
ALL_FEATURES_81,2123,0.01362164704537161,dedicacion,pft_visits_m09
ALL_FEATURES_81,2124,0.013577375871992814,desplazado_hash,pract1
ALL_FEATURES_81,2125,0.013576775181761036,ajuste,pft_visits_m10
ALL_FEATURES_81,2126,0.013539141101960084,cred_mat3,pft_events_m11
ALL_FEATURES_81,2127,0.013539100711592587,cred_mat1,pft_days_logged_m12
ALL_FEATURES_81,2128,0.013519645192052288,practicas,resource_events_m09
ALL_FEATURES_81,2129,0.013513313630827195,actividades,pft_total_minutes_m11
ALL_FEATURES_81,2130,0.013498697747058586,ajuste,pft_days_logged_m09
ALL_FEATURES_81,2131,0.01349805291802575,curso_mas_alto,resource_events_m12
ALL_FEATURES_81,2132,0.013481910809736595,cred_sup_2o,pft_days_logged_m11
ALL_FEATURES_81,2133,0.013455886490480571,practicas,resource_events_m10
ALL_FEATURES_81,2134,0.013417993374655879,desplazado_hash,pft_events_m12
ALL_FEATURES_81,2135,0.013412290091975088,estudios_p_hash,pft_total_minutes_m11
ALL_FEATURES_81,2136,0.013408454092028954,cred_mat_anu,pft_days_logged_m12
ALL_FEATURES_81,2137,0.01337079571714117,cred_mat4,pft_assignment_submissions_m11
ALL_FEATURES_81,2138,0.01335471027631474,cred_mat_practicas,ajuste
ALL_FEATURES_81,2139,0.013347228058168348,pract1,pft_days_logged_m09
ALL_FEATURES_81,2140,0.013342061328400769,rend_total_antepenultimo,pft_total_minutes_m11
ALL_FEATURES_81,2141,0.013307593287232857,pft_assignment_submissions_m09,n_wifi_days_m11
ALL_FEATURES_81,2142,0.013299408027746209,ajuste,pft_total_minutes_m11
ALL_FEATURES_81,2143,0.013285055616262477,cred_sup_2o,resource_events_m09
ALL_FEATURES_81,2144,0.013262586949085886,cred_mat3,pft_days_logged_m09
ALL_FEATURES_81,2145,0.013254381869450604,pft_assignment_submissions_m09,pft_assignment_submissions_m12
ALL_FEATURES_81,2146,0.01321026138699266,desplazado_hash,anyo_inicio_estudios
ALL_FEATURES_81,2147,0.013187295025271162,cred_sup_3o,n_resource_days_m11
ALL_FEATURES_81,2148,0.01315534312724953,curso_mas_alto,pft_days_logged_m11
ALL_FEATURES_81,2149,0.013140177132398456,pft_total_minutes_m11,n_wifi_days_m12
ALL_FEATURES_81,2150,0.013128045158287804,pft_events_m11,pft_assignment_submissions_m09
ALL_FEATURES_81,2151,0.013122635987538269,cred_mat5,pft_events_m09
ALL_FEATURES_81,2152,0.013098012788145041,pft_assignment_submissions_m10,n_wifi_days_m09
ALL_FEATURES_81,2153,0.013093749034100988,total1,pft_events_m09
ALL_FEATURES_81,2154,0.013087966019830866,cred_mat1,resource_events_m12
ALL_FEATURES_81,2155,0.013069609428951969,cred_ptes_acta,asig1
ALL_FEATURES_81,2156,0.013034118291405328,pft_assignment_submissions_m10,pft_test_submissions_m09
ALL_FEATURES_81,2157,0.013019611633174222,pract1,pft_visits_m10
ALL_FEATURES_81,2158,0.012999473861908584,actividades,pft_total_minutes_m12
ALL_FEATURES_81,2159,0.012994343137592068,anyo_ingreso,pft_test_submissions_m10
ALL_FEATURES_81,2160,0.012935384806918028,dedicacion,pft_events_m09
ALL_FEATURES_81,2161,0.012920355587032972,cred_sup_3o,pft_total_minutes_m11
ALL_FEATURES_81,2162,0.012894248748912318,anyo_inicio_estudios,pft_test_submissions_m12
ALL_FEATURES_81,2163,0.01281994672345377,cred_mat4,pft_events_m12
ALL_FEATURES_81,2164,0.012813432962355265,pft_assignment_submissions_m12,n_wifi_days_m10
ALL_FEATURES_81,2165,0.012792924524084093,anyo_inicio_estudios,pft_events_m10
ALL_FEATURES_81,2166,0.012786224656255564,n_wifi_days_m09,n_resource_days_m09
ALL_FEATURES_81,2167,0.01277438595150926,anyo_inicio_estudios,pft_test_submissions_m10
ALL_FEATURES_81,2168,0.01276386897959192,cred_mat_practicas,pft_total_minutes_m09
ALL_FEATURES_81,2169,0.012727807794724377,curso_mas_alto,n_resource_days_m12
ALL_FEATURES_81,2170,0.012713737484371102,cred_mat3,pft_test_submissions_m10
ALL_FEATURES_81,2171,0.0126224198037157,caca,pft_total_minutes_m11
ALL_FEATURES_81,2172,0.012616313107090882,cred_sup_5o,practicas
ALL_FEATURES_81,2173,0.012534205299511214,rend_total_antepenultimo,pft_test_submissions_m12
ALL_FEATURES_81,2174,0.01248872391575606,curso_mas_bajo,pft_total_minutes_m10
ALL_FEATURES_81,2175,0.012468225929362031,pft_test_submissions_m10,n_wifi_days_m11
ALL_FEATURES_81,2176,0.012466632658505006,cred_sup_4o,pft_days_logged_m12
ALL_FEATURES_81,2177,0.012415352911920865,cred_sup_4o,pft_events_m09
ALL_FEATURES_81,2178,0.012400565032002486,desplazado_hash,n_wifi_days_m11
ALL_FEATURES_81,2179,0.012336627013104895,pft_assignment_submissions_m12,n_wifi_days_m12
ALL_FEATURES_81,2180,0.01228457818728046,pft_events_m12,pft_assignment_submissions_m09
ALL_FEATURES_81,2181,0.012275701003441776,ajuste1,pft_visits_m09
ALL_FEATURES_81,2182,0.012247499023432695,cred_mat3,pft_test_submissions_m12
ALL_FEATURES_81,2183,0.012242911417271962,actividades,resource_events_m11
ALL_FEATURES_81,2184,0.012214362206584006,cred_ptes_acta,pft_visits_m09
ALL_FEATURES_81,2185,0.012195289751129934,cred_mat_practicas,resource_events_m10
ALL_FEATURES_81,2186,0.012190079830501688,cred_sup_6o,pft_visits_m09
ALL_FEATURES_81,2187,0.012181729756486348,anyo_ingreso,pft_test_submissions_m09
ALL_FEATURES_81,2188,0.012167978776753685,estudios_p_hash,pft_test_submissions_m10
ALL_FEATURES_81,2189,0.012123195086320315,ajuste,activ1
ALL_FEATURES_81,2190,0.012118443255459964,pft_assignment_submissions_m10,pft_test_submissions_m10
ALL_FEATURES_81,2191,0.012117992594058435,activ1,pft_visits_m11
ALL_FEATURES_81,2192,0.012095459435759182,cred_mat6,pft_visits_m09
ALL_FEATURES_81,2193,0.012077174325180629,pft_test_submissions_m09,n_wifi_days_m11
ALL_FEATURES_81,2194,0.01206383936876776,cred_sup_3o,pft_total_minutes_m09
ALL_FEATURES_81,2195,0.012052211225617173,cred_sup_5o,pft_events_m09
ALL_FEATURES_81,2196,0.01204561033347762,preferencia_seleccion,pft_visits_m09
ALL_FEATURES_81,2197,0.012034344435017276,cred_mat2,n_resource_days_m11
ALL_FEATURES_81,2198,0.012028979686318664,cred_mat5,activ1
ALL_FEATURES_81,2199,0.011992993634708071,curso_mas_bajo,pft_events_m10
ALL_FEATURES_81,2200,0.011953637246730152,cred_mat_sem_b,resource_events_m09
ALL_FEATURES_81,2201,0.011900531840954187,estudios_m_hash,curso_mas_alto
ALL_FEATURES_81,2202,0.011890186831189808,pft_test_submissions_m09,n_wifi_days_m10
ALL_FEATURES_81,2203,0.0118881759234144,activ1,pft_total_minutes_m11
ALL_FEATURES_81,2204,0.0118533593599377,cred_mat_movilidad,pract1
ALL_FEATURES_81,2205,0.011847212613866457,cred_mat_movilidad,n_resource_days_m10
ALL_FEATURES_81,2206,0.011838022492512756,cred_mat3,pft_days_logged_m11
ALL_FEATURES_81,2207,0.011827220024730243,pract1,pft_events_m12
ALL_FEATURES_81,2208,0.011800530185952951,curso_mas_bajo,n_resource_days_m10
ALL_FEATURES_81,2209,0.011779061710381455,cred_mat2,pft_days_logged_m09
ALL_FEATURES_81,2210,0.011750482544545804,asig1,pft_assignment_submissions_m11
ALL_FEATURES_81,2211,0.011747964360965923,anyo_ingreso,pft_test_submissions_m11
ALL_FEATURES_81,2212,0.01173364292883683,anyo_inicio_estudios,pft_assignment_submissions_m12
ALL_FEATURES_81,2213,0.011722949866358693,actividades,n_resource_days_m09
ALL_FEATURES_81,2214,0.011721373746910402,pft_assignment_submissions_m10,pft_test_submissions_m11
ALL_FEATURES_81,2215,0.011706584865550871,total1,resource_events_m09
ALL_FEATURES_81,2216,0.011700562151497174,rend_total_antepenultimo,n_resource_days_m11
ALL_FEATURES_81,2217,0.011696646288032577,cred_ptes_acta,cred_mat_anu
ALL_FEATURES_81,2218,0.011658248382850456,actividades,pft_total_minutes_m10
ALL_FEATURES_81,2219,0.011657888406769956,pft_assignment_submissions_m11,pft_test_submissions_m09
ALL_FEATURES_81,2220,0.011653595938014405,anyo_inicio_estudios,pft_events_m11
ALL_FEATURES_81,2221,0.011623084783762394,desplazado_hash,resource_events_m11
ALL_FEATURES_81,2222,0.011597795810931007,activ1,resource_events_m11
ALL_FEATURES_81,2223,0.011596052667958823,dedicacion,n_wifi_days_m09
ALL_FEATURES_81,2224,0.011591237719160041,cred_sup_2o,pft_visits_m10
ALL_FEATURES_81,2225,0.011546975922112956,pract1,n_resource_days_m11
ALL_FEATURES_81,2226,0.011542024678271812,pft_test_submissions_m11,n_wifi_days_m09
ALL_FEATURES_81,2227,0.011461553262919644,actividades,n_resource_days_m10
ALL_FEATURES_81,2228,0.011438483415556977,preferencia_seleccion,pft_total_minutes_m09
ALL_FEATURES_81,2229,0.01141439412804912,cred_ptes_acta,cred_mat_sem_a
ALL_FEATURES_81,2230,0.011403591460569906,actividades,pft_events_m12
ALL_FEATURES_81,2231,0.011381933737887984,cred_sup_2o,resource_events_m12
ALL_FEATURES_81,2232,0.01134344776427998,total1,rend_total_antepenultimo
ALL_FEATURES_81,2233,0.011340859900009548,cred_sup_2o,n_resource_days_m09
ALL_FEATURES_81,2234,0.011339224013017457,cred_mat6,cred_sup_2o
ALL_FEATURES_81,2235,0.011312402468372621,cred_sup_5o,ajuste
ALL_FEATURES_81,2236,0.011261576085867198,desplazado_hash,pft_test_submissions_m12
ALL_FEATURES_81,2237,0.011250783427985134,cred_sup_4o,pft_days_logged_m10
ALL_FEATURES_81,2238,0.011230960700774341,ajuste,pft_visits_m12
ALL_FEATURES_81,2239,0.011230856640295885,curso_mas_alto,pft_days_logged_m10
ALL_FEATURES_81,2240,0.011186052483588504,nota14_hash,pft_test_submissions_m12
ALL_FEATURES_81,2241,0.01118376778210628,curso_mas_bajo,pft_days_logged_m12
ALL_FEATURES_81,2242,0.01116956046893236,caca,pft_events_m10
ALL_FEATURES_81,2243,0.011163897862062731,cred_mat3,cred_ptes_acta
ALL_FEATURES_81,2244,0.011163516740185564,cred_mat4,pft_assignment_submissions_m09
ALL_FEATURES_81,2245,0.011161334633569277,preferencia_seleccion,pft_days_logged_m09
ALL_FEATURES_81,2246,0.011159045281847746,practicas,n_resource_days_m12
ALL_FEATURES_81,2247,0.011152941559680052,preferencia_seleccion,pft_days_logged_m11
ALL_FEATURES_81,2248,0.011116650589288568,total1,pft_assignment_submissions_m10
ALL_FEATURES_81,2249,0.011114026723589632,nota14_hash,pft_test_submissions_m10
ALL_FEATURES_81,2250,0.011097223519409559,cred_mat_movilidad,ajuste
ALL_FEATURES_81,2251,0.011085184528727863,anyo_ingreso,pft_assignment_submissions_m10
ALL_FEATURES_81,2252,0.011083716812056109,anyo_inicio_estudios,pft_test_submissions_m09
ALL_FEATURES_81,2253,0.011083708188973418,pft_days_logged_m12,pft_assignment_submissions_m09
ALL_FEATURES_81,2254,0.011062026957837643,actividades,resource_events_m10
ALL_FEATURES_81,2255,0.011058456236778369,cred_mat5,resource_events_m09
ALL_FEATURES_81,2256,0.011041251772166305,ajuste,pft_days_logged_m10
ALL_FEATURES_81,2257,0.011016343254343752,cred_sup_2o,pft_test_submissions_m11
ALL_FEATURES_81,2258,0.011014224385569094,activ1,pft_events_m10
ALL_FEATURES_81,2259,0.010983680663266604,campus_hash,pft_test_submissions_m10
ALL_FEATURES_81,2260,0.01097082454136089,pft_assignment_submissions_m12,pft_test_submissions_m10
ALL_FEATURES_81,2261,0.01096075685774256,pft_test_submissions_m11,n_wifi_days_m10
ALL_FEATURES_81,2262,0.010959913905652208,nota14_hash,pft_test_submissions_m09
ALL_FEATURES_81,2263,0.010955425493491155,cred_sup_4o,pft_visits_m09
ALL_FEATURES_81,2264,0.010954553241241172,caca,pft_test_submissions_m09
ALL_FEATURES_81,2265,0.010930798201205684,cred_mat2,resource_events_m11
ALL_FEATURES_81,2266,0.010903652096360794,dedicacion,preferencia_seleccion
ALL_FEATURES_81,2267,0.010900424260923636,cred_mat_practicas,n_resource_days_m09
ALL_FEATURES_81,2268,0.010873909244061508,desplazado_hash,pft_total_minutes_m09
ALL_FEATURES_81,2269,0.010870943135365074,cred_sup_6o,pft_events_m09
ALL_FEATURES_81,2270,0.010859478449434246,cred_mat6,pft_events_m09
ALL_FEATURES_81,2271,0.010846247718085069,ajuste1,pft_events_m09
ALL_FEATURES_81,2272,0.0108429084137196,estudios_p_hash,n_resource_days_m10
ALL_FEATURES_81,2273,0.010831767107946531,cred_sup_4o,pft_events_m12
ALL_FEATURES_81,2274,0.01083076994797949,asig1,total1
ALL_FEATURES_81,2275,0.010829813512474471,cred_mat3,ajuste1
ALL_FEATURES_81,2276,0.010824665380280152,cred_sup_4o,pft_days_logged_m09
ALL_FEATURES_81,2277,0.010795869656905488,practicas,pft_visits_m12
ALL_FEATURES_81,2278,0.010795848181265557,cred_mat4,pft_visits_m11
ALL_FEATURES_81,2279,0.01079364445246167,cred_mat3,cred_mat6
ALL_FEATURES_81,2280,0.010788013858880063,estudios_p_hash,pft_days_logged_m11
ALL_FEATURES_81,2281,0.010765491393716964,cred_sup_4o,resource_events_m09
ALL_FEATURES_81,2282,0.010764203932845716,total1,pft_total_minutes_m11
ALL_FEATURES_81,2283,0.010746131893317743,estudios_m_hash,pft_events_m09
ALL_FEATURES_81,2284,0.010743865093429505,cred_mat2,resource_events_m10
ALL_FEATURES_81,2285,0.01073112034150725,cred_sup_3o,n_resource_days_m12
ALL_FEATURES_81,2286,0.010727919672192776,rend_total_antepenultimo,pft_test_submissions_m09
ALL_FEATURES_81,2287,0.010709217165409513,cred_mat1,pft_test_submissions_m10
ALL_FEATURES_81,2288,0.01070731379694312,total1,pft_assignment_submissions_m11
ALL_FEATURES_81,2289,0.010696222271482814,cred_ptes_acta,pft_events_m09
ALL_FEATURES_81,2290,0.01068510815371404,dedicacion,activ1
ALL_FEATURES_81,2291,0.010678427656340084,cred_mat3,cred_sup_6o
ALL_FEATURES_81,2292,0.010632934960470129,practicas,pft_days_logged_m12
ALL_FEATURES_81,2293,0.01063166603304122,nota10_hash,pft_test_submissions_m12
ALL_FEATURES_81,2294,0.010628583234443493,curso_mas_bajo,resource_events_m09
ALL_FEATURES_81,2295,0.010604203087912543,activ1,n_resource_days_m12
ALL_FEATURES_81,2296,0.010549812508141798,cred_mat_movilidad,cred_ptes_acta
ALL_FEATURES_81,2297,0.010545298223748393,ajuste,pft_events_m12
ALL_FEATURES_81,2298,0.010540964455032942,cred_sup_4o,pft_total_minutes_m12
ALL_FEATURES_81,2299,0.01052224298849147,preferencia_seleccion,pft_assignment_submissions_m10
ALL_FEATURES_81,2300,0.010471803107405364,curso_mas_bajo,pft_events_m11
ALL_FEATURES_81,2301,0.010441504259204315,cred_mat3,pft_test_submissions_m09
ALL_FEATURES_81,2302,0.010421369827097848,anyo_inicio_estudios,n_resource_days_m09
ALL_FEATURES_81,2303,0.010396847937264477,preferencia_seleccion,total1
ALL_FEATURES_81,2304,0.010381521936640329,rend_total_antepenultimo,pft_assignment_submissions_m12
ALL_FEATURES_81,2305,0.010350777279234613,cred_mat4,pft_test_submissions_m09
ALL_FEATURES_81,2306,0.010334340394416941,cred_mat2,n_resource_days_m10
ALL_FEATURES_81,2307,0.010326636826174962,n_wifi_days_m09,n_resource_days_m11
ALL_FEATURES_81,2308,0.010314419642720727,preferencia_seleccion,cred_sup_5o
ALL_FEATURES_81,2309,0.01027683507204813,pract1,pft_test_submissions_m09
ALL_FEATURES_81,2310,0.010234531045292705,pft_test_submissions_m12,n_wifi_days_m09
ALL_FEATURES_81,2311,0.010215710670823164,rend_total_antepenultimo,pft_test_submissions_m11
ALL_FEATURES_81,2312,0.010208383143517352,caca,pft_assignment_submissions_m12
ALL_FEATURES_81,2313,0.010207557749525977,practicas,pft_days_logged_m11
ALL_FEATURES_81,2314,0.010206651027320213,cred_mat3,pft_visits_m12
ALL_FEATURES_81,2315,0.0101801779882722,desplazado_hash,pft_test_submissions_m09
ALL_FEATURES_81,2316,0.010179894833308278,cred_mat5,total1
ALL_FEATURES_81,2317,0.010176311553180994,cred_mat_movilidad,pft_days_logged_m12
ALL_FEATURES_81,2318,0.010158529243153858,cred_mat4,n_resource_days_m12
ALL_FEATURES_81,2319,0.010125414319231751,estudios_p_hash,pft_test_submissions_m11
ALL_FEATURES_81,2320,0.010120817927070648,ajuste,pft_days_logged_m11
ALL_FEATURES_81,2321,0.010080928012739855,desplazado_hash,resource_events_m12
ALL_FEATURES_81,2322,0.010053421437701715,curso_mas_bajo,pft_visits_m11
ALL_FEATURES_81,2323,0.010043436206645051,cred_mat_practicas,pft_total_minutes_m10
ALL_FEATURES_81,2324,0.0100032209125267,dedicacion,n_wifi_days_m12
ALL_FEATURES_81,2325,0.009944479184649243,tipo_ingreso,pft_assignment_submissions_m10
ALL_FEATURES_81,2326,0.009939058002786716,cred_mat_sem_b,pft_assignment_submissions_m09
ALL_FEATURES_81,2327,0.00993783100760659,cred_mat_movilidad,pft_visits_m12
ALL_FEATURES_81,2328,0.0099264920477653,asig1,pft_assignment_submissions_m10
ALL_FEATURES_81,2329,0.009888231707782856,total1,n_wifi_days_m12
ALL_FEATURES_81,2330,0.009867452406726152,cred_sup_5o,actividades
ALL_FEATURES_81,2331,0.009863864167157566,curso_mas_bajo,resource_events_m12
ALL_FEATURES_81,2332,0.009862450959844615,preferencia_seleccion,pft_days_logged_m10
ALL_FEATURES_81,2333,0.009845719636804695,caca,pft_events_m09
ALL_FEATURES_81,2334,0.009836995008233096,cred_mat5,actividades
ALL_FEATURES_81,2335,0.009820200402835157,estudios_p_hash,pft_events_m09
ALL_FEATURES_81,2336,0.009817707825477306,campus_hash,total1
ALL_FEATURES_81,2337,0.009811064852744078,practicas,pft_total_minutes_m09
ALL_FEATURES_81,2338,0.009792223969375513,pract1,pft_days_logged_m11
ALL_FEATURES_81,2339,0.009769286825709322,curso_mas_bajo,n_resource_days_m11
ALL_FEATURES_81,2340,0.009746800936132338,estudios_m_hash,pft_days_logged_m10
ALL_FEATURES_81,2341,0.009738747463441827,actividades,pft_days_logged_m11
ALL_FEATURES_81,2342,0.009728906877340291,activ1,pft_test_submissions_m12
ALL_FEATURES_81,2343,0.009722074094296929,ajuste,pft_total_minutes_m12
ALL_FEATURES_81,2344,0.009707678649022,pft_visits_m12,pft_assignment_submissions_m09
ALL_FEATURES_81,2345,0.009707194710588674,pft_assignment_submissions_m09,n_wifi_days_m10
ALL_FEATURES_81,2346,0.009693363838622735,estudios_p_hash,pft_test_submissions_m12
ALL_FEATURES_81,2347,0.009691932414850337,caca,n_resource_days_m09
ALL_FEATURES_81,2348,0.009676365334934543,estudios_p_hash,pft_visits_m12
ALL_FEATURES_81,2349,0.009671068518211534,dedicacion,desplazado_hash
ALL_FEATURES_81,2350,0.009648080675068726,cred_mat_anu,total1
ALL_FEATURES_81,2351,0.009603110505263857,total1,pft_days_logged_m12
ALL_FEATURES_81,2352,0.009598535218161341,preferencia_seleccion,caca
ALL_FEATURES_81,2353,0.009597728147454632,cred_mat6,cred_mat_anu
ALL_FEATURES_81,2354,0.009593544907207095,tipo_ingreso,pft_test_submissions_m10
ALL_FEATURES_81,2355,0.00957563625792357,cred_mat2,pft_total_minutes_m09
ALL_FEATURES_81,2356,0.0095446173672884,cred_sup_6o,asig1
ALL_FEATURES_81,2357,0.00953116907337126,rend_total_penultimo,pft_test_submissions_m12
ALL_FEATURES_81,2358,0.009516956308108336,estudios_m_hash,caca
ALL_FEATURES_81,2359,0.009510557317678804,activ1,pft_test_submissions_m10
ALL_FEATURES_81,2360,0.009467932033808244,practicas,pft_total_minutes_m12
ALL_FEATURES_81,2361,0.009456140122219736,cred_mat6,asig1
ALL_FEATURES_81,2362,0.00938635109021213,anyo_ingreso,dedicacion
ALL_FEATURES_81,2363,0.009384386231797492,preferencia_seleccion,pft_assignment_submissions_m09
ALL_FEATURES_81,2364,0.009367811188363271,tipo_ingreso,caca
ALL_FEATURES_81,2365,0.009296826022807458,practicas,pft_days_logged_m09
ALL_FEATURES_81,2366,0.009291584368736672,cred_mat4,pft_assignment_submissions_m10
ALL_FEATURES_81,2367,0.00927319799332782,cred_mat3,pft_assignment_submissions_m11
ALL_FEATURES_81,2368,0.009267517088701991,total1,rend_total_penultimo
ALL_FEATURES_81,2369,0.009224712371366905,cred_sup_2o,pft_visits_m11
ALL_FEATURES_81,2370,0.009206360575832129,pract1,pft_test_submissions_m12
ALL_FEATURES_81,2371,0.009192719171893238,cred_mat2,pft_days_logged_m10
ALL_FEATURES_81,2372,0.009184051421111228,cred_mat_sem_b,pft_test_submissions_m09
ALL_FEATURES_81,2373,0.009181005979051804,pft_total_minutes_m10,n_wifi_days_m12
ALL_FEATURES_81,2374,0.009159705113264138,cred_sup_4o,pft_visits_m10
ALL_FEATURES_81,2375,0.00913923049776777,rend_total_antepenultimo,pft_assignment_submissions_m09
ALL_FEATURES_81,2376,0.009099774819245177,nota14_hash,pft_test_submissions_m11
ALL_FEATURES_81,2377,0.00907211974906641,tipo_ingreso,pft_test_submissions_m11
ALL_FEATURES_81,2378,0.009068943272279029,cred_sup_5o,resource_events_m09
ALL_FEATURES_81,2379,0.009014596930909669,caca,pft_total_minutes_m09
ALL_FEATURES_81,2380,0.00899646891150585,cred_sup_2o,pft_test_submissions_m10
ALL_FEATURES_81,2381,0.008988710556326218,cred_sup_4o,pft_days_logged_m11
ALL_FEATURES_81,2382,0.00897963538298141,cred_mat_practicas,pft_total_minutes_m12
ALL_FEATURES_81,2383,0.008899990625656606,cred_mat4,pft_events_m11
ALL_FEATURES_81,2384,0.00885857471764151,cred_mat_anu,ajuste1
ALL_FEATURES_81,2385,0.008851989504278457,estudios_p_hash,pft_total_minutes_m09
ALL_FEATURES_81,2386,0.008835163763428078,estudios_p_hash,pft_days_logged_m12
ALL_FEATURES_81,2387,0.008828886462174168,activ1,pft_days_logged_m12
ALL_FEATURES_81,2388,0.008819181395360864,desplazado_hash,ajuste
ALL_FEATURES_81,2389,0.008816952178184234,pft_test_submissions_m10,n_wifi_days_m09
ALL_FEATURES_81,2390,0.008787694244448474,cred_mat_practicas,pft_assignment_submissions_m10
ALL_FEATURES_81,2391,0.008783311331803212,cred_mat_anu,cred_sup_6o
ALL_FEATURES_81,2392,0.008753432817260709,cred_mat_practicas,pft_days_logged_m12
ALL_FEATURES_81,2393,0.008713655664706721,cred_mat1,pft_test_submissions_m11
ALL_FEATURES_81,2394,0.00870902767963333,dedicacion,actividades
ALL_FEATURES_81,2395,0.00870495678590899,cred_sup_4o,pft_visits_m12
ALL_FEATURES_81,2396,0.00868155185501962,cred_mat5,pft_days_logged_m10
ALL_FEATURES_81,2397,0.008679041593464555,cred_mat3,pft_visits_m11
ALL_FEATURES_81,2398,0.008673123046770037,cred_mat2,total1
ALL_FEATURES_81,2399,0.008664201686229944,dedicacion,practicas
ALL_FEATURES_81,2400,0.008642935383195827,desplazado_hash,pft_visits_m10
ALL_FEATURES_81,2401,0.008640338246008739,curso_mas_alto,total1
ALL_FEATURES_81,2402,0.008637125644577637,curso_mas_bajo,resource_events_m10
ALL_FEATURES_81,2403,0.008596616531988843,estudios_m_hash,pft_total_minutes_m10
ALL_FEATURES_81,2404,0.008588596524478298,activ1,pft_days_logged_m10
ALL_FEATURES_81,2405,0.008571709321151033,cred_mat_anu,pft_test_submissions_m11
ALL_FEATURES_81,2406,0.008553828312558132,cred_sup_3o,pft_assignment_submissions_m09
ALL_FEATURES_81,2407,0.008547165860946393,activ1,pft_test_submissions_m11
ALL_FEATURES_81,2408,0.008515655266327471,caca,ajuste
ALL_FEATURES_81,2409,0.008505003330459894,actividades,pft_visits_m10
ALL_FEATURES_81,2410,0.008498107924895137,total1,pft_total_minutes_m10
ALL_FEATURES_81,2411,0.008489724053621472,cred_mat3,pft_assignment_submissions_m12
ALL_FEATURES_81,2412,0.008484835767494925,activ1,pft_total_minutes_m12
ALL_FEATURES_81,2413,0.008440398126976056,curso_mas_bajo,pft_total_minutes_m09
ALL_FEATURES_81,2414,0.008412845293130466,pft_assignment_submissions_m10,pft_test_submissions_m12
ALL_FEATURES_81,2415,0.008381371517338644,cred_mat_movilidad,total1
ALL_FEATURES_81,2416,0.008361593136510416,desplazado_hash,n_resource_days_m09
ALL_FEATURES_81,2417,0.008345598864498704,estudios_m_hash,pft_days_logged_m11
ALL_FEATURES_81,2418,0.008338920646374426,cred_mat1,n_resource_days_m12
ALL_FEATURES_81,2419,0.008305137064966495,preferencia_seleccion,pft_events_m12
ALL_FEATURES_81,2420,0.008300497528456852,estudios_p_hash,cred_ptes_acta
ALL_FEATURES_81,2421,0.00829881547844913,estudios_p_hash,resource_events_m11
ALL_FEATURES_81,2422,0.008238092851594379,cred_mat5,pft_test_submissions_m09
ALL_FEATURES_81,2423,0.008220884194518163,nota10_hash,pft_test_submissions_m11
ALL_FEATURES_81,2424,0.008211550085104768,pract1,pft_test_submissions_m11
ALL_FEATURES_81,2425,0.008205052196609053,asig1,pft_assignment_submissions_m09
ALL_FEATURES_81,2426,0.008202973293823135,cred_mat5,pft_total_minutes_m09
ALL_FEATURES_81,2427,0.00819279779174753,cred_mat6,resource_events_m09
ALL_FEATURES_81,2428,0.008190165058374001,cred_sup_5o,pft_total_minutes_m12
ALL_FEATURES_81,2429,0.008180989745166567,cred_mat6,rend_total_antepenultimo
ALL_FEATURES_81,2430,0.008144537420557095,cred_sup_6o,rend_total_antepenultimo
ALL_FEATURES_81,2431,0.008132391794115179,caca,resource_events_m09
ALL_FEATURES_81,2432,0.00813186096346552,dedicacion,resource_events_m09
ALL_FEATURES_81,2433,0.008120945984243289,preferencia_seleccion,pft_total_minutes_m10
ALL_FEATURES_81,2434,0.008109973465383112,activ1,ajuste1
ALL_FEATURES_81,2435,0.008103251786488741,total1,pft_total_minutes_m12
ALL_FEATURES_81,2436,0.00806142267024601,cred_sup_6o,resource_events_m09
ALL_FEATURES_81,2437,0.008060962251080994,anyo_ingreso,pft_assignment_submissions_m09
ALL_FEATURES_81,2438,0.008004704858234568,cred_mat_sem_b,total1
ALL_FEATURES_81,2439,0.007986998175669946,ajuste1,resource_events_m09
ALL_FEATURES_81,2440,0.007941371730795233,cred_mat_sem_a,pft_assignment_submissions_m10
ALL_FEATURES_81,2441,0.007937053994496956,cred_ptes_acta,n_wifi_days_m10
ALL_FEATURES_81,2442,0.007933939339196616,ajuste1,rend_total_antepenultimo
ALL_FEATURES_81,2443,0.007894447437528207,anyo_inicio_estudios,resource_events_m12
ALL_FEATURES_81,2444,0.007881846352264077,tipo_ingreso,pft_assignment_submissions_m11
ALL_FEATURES_81,2445,0.007876948684415908,cred_mat2,pft_assignment_submissions_m11
ALL_FEATURES_81,2446,0.007874461312350256,cred_ptes_acta,resource_events_m09
ALL_FEATURES_81,2447,0.007857465622122195,activ1,pft_total_minutes_m10
ALL_FEATURES_81,2448,0.007829637983378213,cred_mat6,cred_mat_normal
ALL_FEATURES_81,2449,0.007827729562183805,activ1,resource_events_m10
ALL_FEATURES_81,2450,0.007820299517553586,desplazado_hash,pft_assignment_submissions_m09
ALL_FEATURES_81,2451,0.007819392025798066,desplazado_hash,pft_events_m10
ALL_FEATURES_81,2452,0.007796874249685005,caca,pft_assignment_submissions_m09
ALL_FEATURES_81,2453,0.007795706823395144,activ1,pft_assignment_submissions_m10
ALL_FEATURES_81,2454,0.007772653677647234,pft_assignment_submissions_m11,pft_test_submissions_m10
ALL_FEATURES_81,2455,0.007738782366501162,cred_mat2,n_resource_days_m09
ALL_FEATURES_81,2456,0.0077381278695973785,desplazado_hash,pft_events_m11
ALL_FEATURES_81,2457,0.0077302078301961785,cred_ptes_acta,rend_total_antepenultimo
ALL_FEATURES_81,2458,0.007727927630597709,cred_mat6,cred_mat_sem_a
ALL_FEATURES_81,2459,0.007719888538643359,desplazado_hash,total1
ALL_FEATURES_81,2460,0.007709881180768541,estudios_m_hash,pft_events_m12
ALL_FEATURES_81,2461,0.0077076828544715426,cred_sup_5o,activ1
ALL_FEATURES_81,2462,0.007704800366903797,preferencia_seleccion,pft_visits_m10
ALL_FEATURES_81,2463,0.007677059979732449,total1,pft_visits_m09
ALL_FEATURES_81,2464,0.0076449388141988095,cred_sup_3o,pft_days_logged_m09
ALL_FEATURES_81,2465,0.0076436160148070096,pft_assignment_submissions_m11,pft_test_submissions_m12
ALL_FEATURES_81,2466,0.007643157012018342,cred_sup_4o,pft_total_minutes_m09
ALL_FEATURES_81,2467,0.007637090726651419,cred_mat1,total1
ALL_FEATURES_81,2468,0.007600167890866594,pft_test_submissions_m09,n_wifi_days_m12
ALL_FEATURES_81,2469,0.007593144788929251,pft_test_submissions_m09,n_wifi_days_m09
ALL_FEATURES_81,2470,0.007568666731172512,cred_mat5,pft_total_minutes_m12
ALL_FEATURES_81,2471,0.007562015901162231,cred_mat_anu,pft_test_submissions_m10
ALL_FEATURES_81,2472,0.0075443511919637265,curso_mas_alto,cred_ptes_acta
ALL_FEATURES_81,2473,0.007536517291516277,cred_mat6,n_wifi_days_m10
ALL_FEATURES_81,2474,0.007515183142020376,cred_mat2,pft_visits_m10
ALL_FEATURES_81,2475,0.007467937212433995,cred_sup_6o,n_wifi_days_m10
ALL_FEATURES_81,2476,0.0074419432532231156,dedicacion,pract1
ALL_FEATURES_81,2477,0.007440901197898419,tipo_ingreso,pft_test_submissions_m12
ALL_FEATURES_81,2478,0.007427306203516616,cred_sup_5o,pft_days_logged_m10
ALL_FEATURES_81,2479,0.00742024585160994,total1,pft_events_m12
ALL_FEATURES_81,2480,0.007420135176650522,dedicacion,anyo_inicio_estudios
ALL_FEATURES_81,2481,0.007410887599838213,desplazado_hash,resource_events_m10
ALL_FEATURES_81,2482,0.007409335974338126,total1,n_resource_days_m11
ALL_FEATURES_81,2483,0.007397292330237448,cred_mat5,pft_total_minutes_m10
ALL_FEATURES_81,2484,0.007382119637774132,ajuste1,n_wifi_days_m10
ALL_FEATURES_81,2485,0.00737788758848268,rend_total_penultimo,pft_test_submissions_m11
ALL_FEATURES_81,2486,0.007377607287943455,estudios_m_hash,pft_total_minutes_m09
ALL_FEATURES_81,2487,0.007371914632151365,estudios_m_hash,cred_ptes_acta
ALL_FEATURES_81,2488,0.007354524378214933,rend_total_antepenultimo,n_resource_days_m12
ALL_FEATURES_81,2489,0.007335027561710561,caca,resource_events_m10
ALL_FEATURES_81,2490,0.007333709809786094,preferencia_seleccion,pft_total_minutes_m12
ALL_FEATURES_81,2491,0.007302892584231556,campus_hash,pft_test_submissions_m11
ALL_FEATURES_81,2492,0.0072944804830541434,cred_sup_4o,pft_events_m11
ALL_FEATURES_81,2493,0.0072933263651862035,cred_mat1,cred_ptes_acta
ALL_FEATURES_81,2494,0.007279573208449186,cred_mat_normal,pft_assignment_submissions_m11
ALL_FEATURES_81,2495,0.007234500625741269,practicas,ajuste1
ALL_FEATURES_81,2496,0.0072240381826294,cred_sup_4o,pft_total_minutes_m11
ALL_FEATURES_81,2497,0.007209678254045394,cred_mat_practicas,n_resource_days_m12
ALL_FEATURES_81,2498,0.007204737566880227,total1,pft_days_logged_m11
ALL_FEATURES_81,2499,0.007184094177991263,cred_mat_practicas,pft_days_logged_m11
ALL_FEATURES_81,2500,0.007182799165475373,cred_mat4,pft_assignment_submissions_m12
ALL_FEATURES_81,2501,0.007176682876082197,pft_events_m11,n_wifi_days_m12
ALL_FEATURES_81,2502,0.007167097567397641,actividades,pft_test_submissions_m12
ALL_FEATURES_81,2503,0.007160717755023248,preferencia_seleccion,resource_events_m12
ALL_FEATURES_81,2504,0.007157193063786594,total1,pft_assignment_submissions_m09
ALL_FEATURES_81,2505,0.007136500746080188,estudios_m_hash,pft_visits_m09
ALL_FEATURES_81,2506,0.007119541854895496,activ1,n_resource_days_m11
ALL_FEATURES_81,2507,0.007111215747761968,rend_total_antepenultimo,pft_assignment_submissions_m11
ALL_FEATURES_81,2508,0.007068368029858441,cred_mat_movilidad,ajuste1
ALL_FEATURES_81,2509,0.007064213307315549,dedicacion,curso_mas_alto
ALL_FEATURES_81,2510,0.00706359657118938,caca,pft_total_minutes_m10
ALL_FEATURES_81,2511,0.007044645928720783,caca,n_resource_days_m11
ALL_FEATURES_81,2512,0.007024074082998766,cred_sup_4o,resource_events_m10
ALL_FEATURES_81,2513,0.006997073882091698,cred_mat6,activ1
ALL_FEATURES_81,2514,0.0069752972036019045,cred_mat5,pft_assignment_submissions_m10
ALL_FEATURES_81,2515,0.006971072278327386,ajuste,n_resource_days_m12
ALL_FEATURES_81,2516,0.0069661164808225715,cred_mat_movilidad,pft_visits_m11
ALL_FEATURES_81,2517,0.006950860471321986,practicas,pft_total_minutes_m11
ALL_FEATURES_81,2518,0.006946781419070902,campus_hash,cred_ptes_acta
ALL_FEATURES_81,2519,0.006928773171735792,cred_sup_6o,activ1
ALL_FEATURES_81,2520,0.006914555880947582,cred_mat_practicas,pft_assignment_submissions_m11
ALL_FEATURES_81,2521,0.006912795563960295,cred_mat_sem_a,total1
ALL_FEATURES_81,2522,0.006902195628224028,cred_sup_2o,total1
ALL_FEATURES_81,2523,0.006888386380251354,ajuste,pract1
ALL_FEATURES_81,2524,0.006874814985533996,practicas,pft_events_m11
ALL_FEATURES_81,2525,0.006853938540983151,cred_mat_movilidad,cred_sup_6o
ALL_FEATURES_81,2526,0.006799622816140882,total1,pft_events_m10
ALL_FEATURES_81,2527,0.006784464777969568,preferencia_seleccion,pft_test_submissions_m11
ALL_FEATURES_81,2528,0.006784444466065409,cred_sup_5o,pract1
ALL_FEATURES_81,2529,0.006765587770930281,pft_assignment_submissions_m09,pft_test_submissions_m10
ALL_FEATURES_81,2530,0.006752853861324404,curso_mas_bajo,cred_ptes_acta
ALL_FEATURES_81,2531,0.006727544363968718,caca,resource_events_m11
ALL_FEATURES_81,2532,0.006715224042044278,asig1,pft_test_submissions_m09
ALL_FEATURES_81,2533,0.0066996888485313395,curso_mas_alto,cred_mat6
ALL_FEATURES_81,2534,0.006689974907032159,curso_mas_alto,cred_sup_6o
ALL_FEATURES_81,2535,0.006673235087128582,cred_mat5,resource_events_m10
ALL_FEATURES_81,2536,0.00667079890031097,anyo_inicio_estudios,pft_assignment_submissions_m09
ALL_FEATURES_81,2537,0.00666287024569545,cred_sup_3o,ajuste1
ALL_FEATURES_81,2538,0.006630175662643012,pft_assignment_submissions_m09,n_wifi_days_m12
ALL_FEATURES_81,2539,0.006620645835222483,estudios_p_hash,n_resource_days_m12
ALL_FEATURES_81,2540,0.006614988648211195,cred_mat2,pft_events_m12
ALL_FEATURES_81,2541,0.006609540763991006,preferencia_seleccion,n_resource_days_m09
ALL_FEATURES_81,2542,0.00660408744614216,pract1,pft_assignment_submissions_m12
ALL_FEATURES_81,2543,0.006582075924985276,cred_sup_3o,cred_sup_6o
ALL_FEATURES_81,2544,0.006563347315058365,cred_mat2,pft_assignment_submissions_m10
ALL_FEATURES_81,2545,0.006531202233701627,cred_ptes_acta,activ1
ALL_FEATURES_81,2546,0.006515691774372279,cred_sup_4o,pft_visits_m11
ALL_FEATURES_81,2547,0.006513710726518518,cred_sup_2o,pft_days_logged_m10
ALL_FEATURES_81,2548,0.006487533144738046,curso_mas_alto,ajuste1
ALL_FEATURES_81,2549,0.006474167064709491,activ1,n_resource_days_m10
ALL_FEATURES_81,2550,0.006473815279761652,caca,pft_total_minutes_m12
ALL_FEATURES_81,2551,0.006470570247459229,estudios_p_hash,pft_assignment_submissions_m12
ALL_FEATURES_81,2552,0.006455169108522618,cred_ptes_acta,total1
ALL_FEATURES_81,2553,0.006453486712908685,cred_mat_movilidad,pft_test_submissions_m10
ALL_FEATURES_81,2554,0.006433434041723807,estudios_m_hash,curso_mas_bajo
ALL_FEATURES_81,2555,0.0064188596773449005,preferencia_seleccion,pft_total_minutes_m11
ALL_FEATURES_81,2556,0.006409381685455351,cred_mat2,resource_events_m12
ALL_FEATURES_81,2557,0.006357491028071038,caca,pft_events_m12
ALL_FEATURES_81,2558,0.006348209902379054,cred_mat4,pft_test_submissions_m12
ALL_FEATURES_81,2559,0.006346064104309157,curso_mas_bajo,cred_mat6
ALL_FEATURES_81,2560,0.0063058129202921975,curso_mas_bajo,cred_sup_6o
ALL_FEATURES_81,2561,0.006294699250759983,cred_mat5,pft_assignment_submissions_m09
ALL_FEATURES_81,2562,0.006275730695456615,curso_mas_alto,pft_assignment_submissions_m10
ALL_FEATURES_81,2563,0.0062720108387281925,cred_mat2,pft_assignment_submissions_m12
ALL_FEATURES_81,2564,0.006258081845497365,cred_mat2,pft_visits_m12
ALL_FEATURES_81,2565,0.006253620163836793,cred_mat3,pft_assignment_submissions_m09
ALL_FEATURES_81,2566,0.006249296762050882,estudios_p_hash,cred_mat6
ALL_FEATURES_81,2567,0.006234617555795907,caca,curso_mas_alto
ALL_FEATURES_81,2568,0.006226912791746919,cred_mat_total,total1
ALL_FEATURES_81,2569,0.006209973238131994,cred_mat_movilidad,pft_assignment_submissions_m10
ALL_FEATURES_81,2570,0.006193754344250735,estudios_p_hash,ajuste1
ALL_FEATURES_81,2571,0.006192660816167539,estudios_p_hash,cred_sup_6o
ALL_FEATURES_81,2572,0.006187667363083626,cred_sup_5o,pft_total_minutes_m09
ALL_FEATURES_81,2573,0.006185920726593075,cred_mat_practicas,pft_days_logged_m09
ALL_FEATURES_81,2574,0.006164997061667954,cred_sup_6o,total1
ALL_FEATURES_81,2575,0.006157705822737114,curso_mas_alto,pft_assignment_submissions_m11
ALL_FEATURES_81,2576,0.006131186091894668,anyo_inicio_estudios,pft_total_minutes_m09
ALL_FEATURES_81,2577,0.006128150566004464,ajuste,pft_assignment_submissions_m11
ALL_FEATURES_81,2578,0.006124385666591793,total1,pft_days_logged_m09
ALL_FEATURES_81,2579,0.006109927693082717,actividades,pft_test_submissions_m10
ALL_FEATURES_81,2580,0.006100286755880369,curso_mas_bajo,ajuste1
ALL_FEATURES_81,2581,0.0060927778426354,desplazado_hash,n_resource_days_m10
ALL_FEATURES_81,2582,0.006083143673340175,cred_mat2,pft_days_logged_m12
ALL_FEATURES_81,2583,0.006082903970839659,cred_mat6,total1
ALL_FEATURES_81,2584,0.006079371753783924,cred_mat_practicas,n_resource_days_m10
ALL_FEATURES_81,2585,0.006063012226656285,nota14_hash,pft_assignment_submissions_m12
ALL_FEATURES_81,2586,0.006062326516288685,actividades,n_resource_days_m11
ALL_FEATURES_81,2587,0.006048854275995108,cred_sup_5o,total1
ALL_FEATURES_81,2588,0.006044976018441339,cred_mat6,practicas
ALL_FEATURES_81,2589,0.006043166537001987,estudios_m_hash,resource_events_m09
ALL_FEATURES_81,2590,0.006042624550719466,caca,pft_events_m11
ALL_FEATURES_81,2591,0.0060367935860794475,cred_ptes_acta,practicas
ALL_FEATURES_81,2592,0.006001427235857726,cred_sup_6o,practicas
ALL_FEATURES_81,2593,0.005988675200038429,estudios_m_hash,pft_visits_m10
ALL_FEATURES_81,2594,0.005987660839225306,dedicacion,pft_days_logged_m10
ALL_FEATURES_81,2595,0.005969018720306529,n_wifi_days_m09,n_resource_days_m10
ALL_FEATURES_81,2596,0.005966173054061219,cred_ptes_acta,cred_mat_sem_b
ALL_FEATURES_81,2597,0.005952609218411453,anyo_inicio_estudios,pft_assignment_submissions_m10
ALL_FEATURES_81,2598,0.0059477070929601075,activ1,pft_test_submissions_m09
ALL_FEATURES_81,2599,0.0059454682168462725,pft_assignment_submissions_m09,pft_test_submissions_m12
ALL_FEATURES_81,2600,0.0059396876653865505,estudios_p_hash,n_resource_days_m11
ALL_FEATURES_81,2601,0.005923749925963229,curso_mas_alto,pft_test_submissions_m11
ALL_FEATURES_81,2602,0.005921045473963993,cred_ptes_acta,cred_sup_3o
ALL_FEATURES_81,2603,0.005913077393572941,cred_mat5,n_resource_days_m11
ALL_FEATURES_81,2604,0.0058945083320196545,cred_mat2,n_resource_days_m12
ALL_FEATURES_81,2605,0.005882990465927661,total1,n_resource_days_m10
ALL_FEATURES_81,2606,0.0058694538563419645,estudios_p_hash,caca
ALL_FEATURES_81,2607,0.005842862135612137,rend_total_penultimo,pft_assignment_submissions_m12
ALL_FEATURES_81,2608,0.005823439457060431,rend_total_antepenultimo,resource_events_m12
ALL_FEATURES_81,2609,0.0058218758758386,cred_sup_5o,resource_events_m10
ALL_FEATURES_81,2610,0.005802908833621778,pract1,pft_assignment_submissions_m09
ALL_FEATURES_81,2611,0.005776399026268919,cred_mat_movilidad,pft_test_submissions_m11
ALL_FEATURES_81,2612,0.005766509215989757,pract1,n_resource_days_m12
ALL_FEATURES_81,2613,0.00575495321920716,cred_mat_practicas,pft_visits_m12
ALL_FEATURES_81,2614,0.005752452688106757,tipo_ingreso,cred_ptes_acta
ALL_FEATURES_81,2615,0.005750422249379382,curso_mas_alto,pft_test_submissions_m09
ALL_FEATURES_81,2616,0.005734787242512418,cred_mat_movilidad,pft_test_submissions_m09
ALL_FEATURES_81,2617,0.0056903480312362476,preferencia_seleccion,pft_test_submissions_m12
ALL_FEATURES_81,2618,0.005669540240385018,rend_total_penultimo,pft_test_submissions_m09
ALL_FEATURES_81,2619,0.00565059244362498,dedicacion,cred_mat_movilidad
ALL_FEATURES_81,2620,0.005633853775832698,cred_mat_sem_b,pft_assignment_submissions_m11
ALL_FEATURES_81,2621,0.00563174151485768,estudios_p_hash,resource_events_m09
ALL_FEATURES_81,2622,0.005629634633412373,cred_mat2,pft_days_logged_m11
ALL_FEATURES_81,2623,0.005569570463814344,nota14_hash,pft_assignment_submissions_m09
ALL_FEATURES_81,2624,0.0055454021126664105,curso_mas_alto,pft_assignment_submissions_m09
ALL_FEATURES_81,2625,0.005541022024617703,cred_ptes_acta,cred_mat_total
ALL_FEATURES_81,2626,0.005515054978685541,cred_mat_movilidad,pft_test_submissions_m12
ALL_FEATURES_81,2627,0.0055099008401908725,cred_mat_practicas,pft_test_submissions_m09
ALL_FEATURES_81,2628,0.005503172904088416,rend_total_penultimo,pft_test_submissions_m10
ALL_FEATURES_81,2629,0.005486057602755778,practicas,resource_events_m12
ALL_FEATURES_81,2630,0.005476704558020629,cred_mat5,n_resource_days_m12
ALL_FEATURES_81,2631,0.005473523114710943,cred_mat6,cred_sup_3o
ALL_FEATURES_81,2632,0.00547292580391634,cred_mat6,ajuste
ALL_FEATURES_81,2633,0.0054633125235596935,cred_mat2,pft_total_minutes_m12
ALL_FEATURES_81,2634,0.005386360990908835,estudios_m_hash,cred_mat6
ALL_FEATURES_81,2635,0.005374740617974716,cred_sup_4o,pft_assignment_submissions_m09
ALL_FEATURES_81,2636,0.005371861484421814,desplazado_hash,n_resource_days_m12
ALL_FEATURES_81,2637,0.005355173827485514,cred_mat_practicas,pft_total_minutes_m11
ALL_FEATURES_81,2638,0.005353615097920539,desplazado_hash,n_resource_days_m11
ALL_FEATURES_81,2639,0.005345972781204189,estudios_p_hash,resource_events_m10
ALL_FEATURES_81,2640,0.005328314046840532,pft_assignment_submissions_m09,n_wifi_days_m09
ALL_FEATURES_81,2641,0.005315918918616268,pft_assignment_submissions_m12,n_wifi_days_m09
ALL_FEATURES_81,2642,0.005314333718398956,cred_sup_6o,ajuste
ALL_FEATURES_81,2643,0.005300222736306814,practicas,pft_events_m12
ALL_FEATURES_81,2644,0.005298935553271988,estudios_p_hash,resource_events_m12
ALL_FEATURES_81,2645,0.005268285440542364,estudios_m_hash,cred_sup_6o
ALL_FEATURES_81,2646,0.0052307483666220725,estudios_m_hash,ajuste1
ALL_FEATURES_81,2647,0.005195188032308451,desplazado_hash,pft_visits_m12
ALL_FEATURES_81,2648,0.005181041176786304,cred_mat6,rend_total_ultimo
ALL_FEATURES_81,2649,0.005180431883130332,desplazado_hash,pft_days_logged_m10
ALL_FEATURES_81,2650,0.005151473435455856,cred_mat5,pft_days_logged_m11
ALL_FEATURES_81,2651,0.005148549130439051,cred_mat_practicas,resource_events_m11
ALL_FEATURES_81,2652,0.005136321099701746,pft_visits_m11,pft_assignment_submissions_m09
ALL_FEATURES_81,2653,0.005132118507156225,cred_sup_6o,rend_total_ultimo
ALL_FEATURES_81,2654,0.005130670158821182,cred_mat_movilidad,pft_assignment_submissions_m09
ALL_FEATURES_81,2655,0.005105634797271996,estudios_p_hash,pft_days_logged_m10
ALL_FEATURES_81,2656,0.005101610974731052,total1,pft_visits_m11
ALL_FEATURES_81,2657,0.005097784205159607,practicas,pft_events_m10
ALL_FEATURES_81,2658,0.005079820718449035,pft_assignment_submissions_m09,pft_test_submissions_m11
ALL_FEATURES_81,2659,0.005064489835240771,dedicacion,pft_assignment_submissions_m10
ALL_FEATURES_81,2660,0.005057238007861287,ajuste1,rend_total_ultimo
ALL_FEATURES_81,2661,0.005026693529576853,cred_sup_5o,resource_events_m12
ALL_FEATURES_81,2662,0.005025378742284481,practicas,n_resource_days_m11
ALL_FEATURES_81,2663,0.0050160142508968155,preferencia_seleccion,pft_assignment_submissions_m11
ALL_FEATURES_81,2664,0.0049797571525020965,rend_total_antepenultimo,pft_assignment_submissions_m10
ALL_FEATURES_81,2665,0.0049771905230109326,cred_sup_5o,n_resource_days_m11
ALL_FEATURES_81,2666,0.004951882168135136,cred_sup_3o,pft_test_submissions_m12
ALL_FEATURES_81,2667,0.004938898557628414,curso_mas_alto,pft_assignment_submissions_m12
ALL_FEATURES_81,2668,0.0049177854818145406,total1,pft_days_logged_m10
ALL_FEATURES_81,2669,0.004910590193868636,cred_mat_practicas,pft_visits_m10
ALL_FEATURES_81,2670,0.004892712551606948,rend_total_penultimo,pft_assignment_submissions_m09
ALL_FEATURES_81,2671,0.004891634083388663,cred_ptes_acta,rend_total_ultimo
ALL_FEATURES_81,2672,0.004877217992274474,ajuste,pft_assignment_submissions_m10
ALL_FEATURES_81,2673,0.004868540837299484,cred_mat_total,ajuste1
ALL_FEATURES_81,2674,0.004849290549836739,total1,n_resource_days_m09
ALL_FEATURES_81,2675,0.004818408411468411,asig1,pft_assignment_submissions_m12
ALL_FEATURES_81,2676,0.0048174749465133004,dedicacion,cred_sup_5o
ALL_FEATURES_81,2677,0.004815829229403157,cred_ptes_acta,ajuste
ALL_FEATURES_81,2678,0.004807310781282047,activ1,resource_events_m12
ALL_FEATURES_81,2679,0.004779338063852556,dedicacion,pft_test_submissions_m09
ALL_FEATURES_81,2680,0.004778116531230836,estudios_p_hash,pft_visits_m10
ALL_FEATURES_81,2681,0.0047710961851876715,cred_mat2,pft_events_m10
ALL_FEATURES_81,2682,0.004768021546071921,cred_mat2,resource_events_m09
ALL_FEATURES_81,2683,0.004730185661652619,cred_sup_2o,n_resource_days_m12
ALL_FEATURES_81,2684,0.00470876017251598,desplazado_hash,pft_total_minutes_m12
ALL_FEATURES_81,2685,0.004705867025225352,cred_mat5,resource_events_m12
ALL_FEATURES_81,2686,0.004702276959253736,campus_hash,pft_test_submissions_m12
ALL_FEATURES_81,2687,0.004696153146958261,tipo_ingreso,ajuste1
ALL_FEATURES_81,2688,0.004691413560992785,cred_mat_sem_b,pft_test_submissions_m11
ALL_FEATURES_81,2689,0.004686503144368359,ajuste,total1
ALL_FEATURES_81,2690,0.004682033784233043,cred_sup_2o,ajuste1
ALL_FEATURES_81,2691,0.004681104270591875,pft_assignment_submissions_m12,pft_test_submissions_m11
ALL_FEATURES_81,2692,0.004663230489517112,cred_mat4,pft_test_submissions_m11
ALL_FEATURES_81,2693,0.0046547438703639105,tipo_ingreso,cred_mat6
ALL_FEATURES_81,2694,0.004648407293986967,desplazado_hash,pft_total_minutes_m11
ALL_FEATURES_81,2695,0.004647633629327075,cred_mat5,pft_visits_m10
ALL_FEATURES_81,2696,0.004633812036780149,estudios_p_hash,pft_visits_m11
ALL_FEATURES_81,2697,0.00462749720920197,total1,n_wifi_days_m10
ALL_FEATURES_81,2698,0.004615339764808546,cred_sup_2o,cred_sup_6o
ALL_FEATURES_81,2699,0.004601614913863017,cred_mat_total,cred_sup_6o
ALL_FEATURES_81,2700,0.004594170735854775,practicas,pft_assignment_submissions_m10
ALL_FEATURES_81,2701,0.004589977169810132,pract1,pft_assignment_submissions_m10
ALL_FEATURES_81,2702,0.004573281068914525,cred_mat1,ajuste1
ALL_FEATURES_81,2703,0.004545933057781504,cred_mat5,n_resource_days_m10
ALL_FEATURES_81,2704,0.004525853807175295,dedicacion,resource_events_m12
ALL_FEATURES_81,2705,0.004516723355998842,actividades,pft_days_logged_m12
ALL_FEATURES_81,2706,0.004505751609551467,curso_mas_alto,pft_test_submissions_m10
ALL_FEATURES_81,2707,0.004491554452903834,tipo_ingreso,cred_sup_6o
ALL_FEATURES_81,2708,0.0044892466356838395,total1,pft_test_submissions_m09
ALL_FEATURES_81,2709,0.004477390006385029,cred_sup_4o,pft_test_submissions_m09
ALL_FEATURES_81,2710,0.00445443515684385,cred_sup_4o,resource_events_m11
ALL_FEATURES_81,2711,0.004450068605996282,cred_sup_6o,pract1
ALL_FEATURES_81,2712,0.004446334121253059,activ1,pft_assignment_submissions_m11
ALL_FEATURES_81,2713,0.004425289525459952,practicas,n_resource_days_m09
ALL_FEATURES_81,2714,0.004418635618005151,cred_mat6,pract1
ALL_FEATURES_81,2715,0.004402535948563546,actividades,ajuste1
ALL_FEATURES_81,2716,0.0044005719361281965,desplazado_hash,pft_assignment_submissions_m12
ALL_FEATURES_81,2717,0.004356919623759836,cred_mat1,cred_mat6
ALL_FEATURES_81,2718,0.0043276294887046865,campus_hash,pft_assignment_submissions_m10
ALL_FEATURES_81,2719,0.0043226607542603546,cred_mat1,pft_assignment_submissions_m09
ALL_FEATURES_81,2720,0.0043177681274535465,anyo_ingreso,total1
ALL_FEATURES_81,2721,0.004283638701850556,cred_mat1,cred_sup_6o
ALL_FEATURES_81,2722,0.004263006656919366,campus_hash,pft_assignment_submissions_m11
ALL_FEATURES_81,2723,0.004239606150738595,practicas,pft_visits_m11
ALL_FEATURES_81,2724,0.004230762600901272,activ1,pft_assignment_submissions_m09
ALL_FEATURES_81,2725,0.004230743786233226,cred_sup_1o,cred_sup_5o
ALL_FEATURES_81,2726,0.0042098237477938855,practicas,resource_events_m11
ALL_FEATURES_81,2727,0.004201933281843928,cred_mat_practicas,pft_assignment_submissions_m09
ALL_FEATURES_81,2728,0.004188686087594817,ajuste,pft_test_submissions_m12
ALL_FEATURES_81,2729,0.004188153599795186,cred_mat_normal,pft_test_submissions_m12
ALL_FEATURES_81,2730,0.004170548131364527,preferencia_seleccion,pft_events_m11
ALL_FEATURES_81,2731,0.004160713059174093,curso_mas_alto,n_resource_days_m09
ALL_FEATURES_81,2732,0.004128594124187757,cred_sup_4o,pft_assignment_submissions_m11
ALL_FEATURES_81,2733,0.004122875595010457,practicas,pft_total_minutes_m10
ALL_FEATURES_81,2734,0.004119934228060451,cred_mat5,pft_visits_m12
ALL_FEATURES_81,2735,0.0041170215549462,anyo_inicio_estudios,n_resource_days_m12
ALL_FEATURES_81,2736,0.004114905635264066,desplazado_hash,curso_mas_alto
ALL_FEATURES_81,2737,0.004085555965335885,nota10_hash,pft_assignment_submissions_m12
ALL_FEATURES_81,2738,0.004080079695357064,cred_mat_sem_a,pft_test_submissions_m10
ALL_FEATURES_81,2739,0.0040529465653920144,preferencia_seleccion,pft_test_submissions_m09
ALL_FEATURES_81,2740,0.004050923171518228,cred_mat_normal,pft_assignment_submissions_m10
ALL_FEATURES_81,2741,0.0040507727793590576,cred_sup_3o,pft_test_submissions_m11
ALL_FEATURES_81,2742,0.0040284682865063814,curso_mas_alto,pft_test_submissions_m12
ALL_FEATURES_81,2743,0.004016552804478657,n_wifi_days_m09,n_resource_days_m12
ALL_FEATURES_81,2744,0.004015508619859887,cred_mat_movilidad,pft_assignment_submissions_m12
ALL_FEATURES_81,2745,0.0040091362584879775,cred_mat5,pft_events_m12
ALL_FEATURES_81,2746,0.003925708147078044,dedicacion,total1
ALL_FEATURES_81,2747,0.003920019514844775,practicas,n_resource_days_m10
ALL_FEATURES_81,2748,0.003913950783750675,dedicacion,pft_total_minutes_m09
ALL_FEATURES_81,2749,0.00390605968225799,tipo_ingreso,pft_assignment_submissions_m09
ALL_FEATURES_81,2750,0.0038954621160458562,cred_sup_5o,pft_total_minutes_m10
ALL_FEATURES_81,2751,0.003878298574933936,cred_sup_4o,n_resource_days_m12
ALL_FEATURES_81,2752,0.003864353797260911,cred_mat6,cred_mat_movilidad
ALL_FEATURES_81,2753,0.003861305071372279,preferencia_seleccion,pft_days_logged_m12
ALL_FEATURES_81,2754,0.0038232443296797314,cred_ptes_acta,pract1
ALL_FEATURES_81,2755,0.0038176069488269353,cred_sup_5o,pft_days_logged_m11
ALL_FEATURES_81,2756,0.0038046292071909353,curso_mas_bajo,pft_assignment_submissions_m09
ALL_FEATURES_81,2757,0.003772687904424643,estudios_m_hash,pft_total_minutes_m11
ALL_FEATURES_81,2758,0.003763925442177296,cred_sup_5o,pft_test_submissions_m09
ALL_FEATURES_81,2759,0.0037628726576945937,pract1,pft_test_submissions_m10
ALL_FEATURES_81,2760,0.003757020037941317,curso_mas_bajo,n_resource_days_m09
ALL_FEATURES_81,2761,0.003753837704081775,estudios_m_hash,pft_events_m10
ALL_FEATURES_81,2762,0.0037482868860498897,preferencia_seleccion,n_resource_days_m10
ALL_FEATURES_81,2763,0.003711688387635803,cred_mat_practicas,resource_events_m12
ALL_FEATURES_81,2764,0.0037042046283026773,estudios_p_hash,pft_assignment_submissions_m09
ALL_FEATURES_81,2765,0.0036808538595174407,cred_ptes_acta,cred_sup_1o
ALL_FEATURES_81,2766,0.0036652426308236854,dedicacion,pft_days_logged_m11
ALL_FEATURES_81,2767,0.0036547696630870883,ajuste,pft_assignment_submissions_m09
ALL_FEATURES_81,2768,0.003642218683965304,estudios_m_hash,n_resource_days_m11
ALL_FEATURES_81,2769,0.003631868208386457,cred_mat2,cred_ptes_acta
ALL_FEATURES_81,2770,0.003615783819482132,cred_mat4,pft_test_submissions_m10
ALL_FEATURES_81,2771,0.0036069860913201524,cred_mat_sem_a,pft_test_submissions_m09
ALL_FEATURES_81,2772,0.003591530731120507,cred_sup_4o,pft_assignment_submissions_m10
ALL_FEATURES_81,2773,0.0035220826912150116,ajuste,pft_test_submissions_m09
ALL_FEATURES_81,2774,0.0035216917265836756,cred_mat_normal,pft_test_submissions_m09
ALL_FEATURES_81,2775,0.0035203383884852,caca,cred_ptes_acta
ALL_FEATURES_81,2776,0.0035074307837268393,estudios_p_hash,pft_test_submissions_m09
ALL_FEATURES_81,2777,0.003502856945196697,nota10_hash,pft_test_submissions_m09
ALL_FEATURES_81,2778,0.003478185407892909,cred_mat_sem_a,pft_test_submissions_m12
ALL_FEATURES_81,2779,0.00346926258353264,caca,curso_mas_bajo
ALL_FEATURES_81,2780,0.003387774963825585,curso_mas_alto,pft_visits_m11
ALL_FEATURES_81,2781,0.003381764069358084,cred_sup_2o,pft_test_submissions_m12
ALL_FEATURES_81,2782,0.0033817133417510803,ajuste,resource_events_m12
ALL_FEATURES_81,2783,0.0033813524705501585,cred_sup_6o,pft_total_minutes_m09
ALL_FEATURES_81,2784,0.0033755107438233627,desplazado_hash,curso_mas_bajo
ALL_FEATURES_81,2785,0.0033685497494091447,ajuste1,pft_total_minutes_m09
ALL_FEATURES_81,2786,0.0033570376954417114,cred_mat6,pft_total_minutes_m09
ALL_FEATURES_81,2787,0.0033301164600310074,rend_total_ultimo,pft_assignment_submissions_m09
ALL_FEATURES_81,2788,0.0033096520320112788,dedicacion,n_resource_days_m12
ALL_FEATURES_81,2789,0.0033034908157167924,cred_sup_4o,resource_events_m12
ALL_FEATURES_81,2790,0.003292691926746194,cred_mat_normal,pft_assignment_submissions_m09
ALL_FEATURES_81,2791,0.003265186237173978,curso_mas_bajo,pft_test_submissions_m10
ALL_FEATURES_81,2792,0.0032562256713628557,cred_sup_3o,pft_assignment_submissions_m12
ALL_FEATURES_81,2793,0.0032516193919382985,practicas,pft_test_submissions_m10
ALL_FEATURES_81,2794,0.0032449782326131604,cred_ptes_acta,pft_total_minutes_m09
ALL_FEATURES_81,2795,0.0032433133483023013,actividades,pft_visits_m11
ALL_FEATURES_81,2796,0.003238755118059266,pract1,pft_assignment_submissions_m11
ALL_FEATURES_81,2797,0.003222997956839891,cred_mat5,pft_test_submissions_m11
ALL_FEATURES_81,2798,0.0032007269834704037,estudios_m_hash,pft_total_minutes_m12
ALL_FEATURES_81,2799,0.003188528098171161,tipo_ingreso,pft_test_submissions_m09
ALL_FEATURES_81,2800,0.0031865476343080346,preferencia_seleccion,resource_events_m10
ALL_FEATURES_81,2801,0.0031814739641529144,cred_mat5,pft_assignment_submissions_m11
ALL_FEATURES_81,2802,0.0031199386130991162,preferencia_seleccion,n_resource_days_m12
ALL_FEATURES_81,2803,0.003103848159453193,cred_mat5,pft_test_submissions_m12
ALL_FEATURES_81,2804,0.003100112586265525,cred_mat5,cred_mat_practicas
ALL_FEATURES_81,2805,0.003084557583855841,cred_mat2,pft_events_m11
ALL_FEATURES_81,2806,0.003069512167089173,cred_mat6,pft_test_submissions_m09
ALL_FEATURES_81,2807,0.003057124074047568,estudios_m_hash,total1
ALL_FEATURES_81,2808,0.003029485806782084,asig1,pft_test_submissions_m10
ALL_FEATURES_81,2809,0.0029888737750489724,cred_sup_6o,pft_test_submissions_m09
ALL_FEATURES_81,2810,0.00295600847775912,ajuste,pft_test_submissions_m10
ALL_FEATURES_81,2811,0.0029441977193007678,actividades,pft_days_logged_m10
ALL_FEATURES_81,2812,0.0029322475005955084,cred_mat_practicas,pft_events_m10
ALL_FEATURES_81,2813,0.0029280962904518763,dedicacion,pft_assignment_submissions_m09
ALL_FEATURES_81,2814,0.002921907029141302,curso_mas_bajo,pft_days_logged_m10
ALL_FEATURES_81,2815,0.0029095464457959963,rend_total_ultimo,pft_assignment_submissions_m11
ALL_FEATURES_81,2816,0.002904665328317791,cred_sup_3o,pft_assignment_submissions_m10
ALL_FEATURES_81,2817,0.0028625562207151845,actividades,pft_assignment_submissions_m10
ALL_FEATURES_81,2818,0.0028399172464359523,total1,n_resource_days_m12
ALL_FEATURES_81,2819,0.002829612232496892,curso_mas_bajo,total1
ALL_FEATURES_81,2820,0.002829473994600207,nota14_hash,cred_ptes_acta
ALL_FEATURES_81,2821,0.002808150557615185,ajuste1,pft_test_submissions_m09
ALL_FEATURES_81,2822,0.002805627798966981,cred_sup_5o,pft_days_logged_m09
ALL_FEATURES_81,2823,0.0027994726876001685,cred_mat6,cred_sup_1o
ALL_FEATURES_81,2824,0.0027687676984253784,desplazado_hash,pft_assignment_submissions_m10
ALL_FEATURES_81,2825,0.002768283607497146,cred_mat_sem_b,pft_test_submissions_m12
ALL_FEATURES_81,2826,0.002721149995827511,cred_mat_normal,pft_assignment_submissions_m12
ALL_FEATURES_81,2827,0.0027163969567620683,estudios_m_hash,pft_days_logged_m09
ALL_FEATURES_81,2828,0.002710220074888525,pract1,ajuste1
ALL_FEATURES_81,2829,0.002705083935755859,caca,resource_events_m12
ALL_FEATURES_81,2830,0.002681869527545899,cred_mat_sem_b,pft_assignment_submissions_m10
ALL_FEATURES_81,2831,0.002662962791515789,cred_mat_practicas,n_resource_days_m11
ALL_FEATURES_81,2832,0.002660538082797537,practicas,pft_test_submissions_m12
ALL_FEATURES_81,2833,0.002650423662116985,cred_mat_sem_a,pft_assignment_submissions_m11
ALL_FEATURES_81,2834,0.0026461072600323376,caca,total1
ALL_FEATURES_81,2835,0.0026318344144851125,cred_mat5,pft_days_logged_m09
ALL_FEATURES_81,2836,0.002619881586741536,ajuste,ajuste1
ALL_FEATURES_81,2837,0.0026048262110718308,curso_mas_bajo,pft_test_submissions_m12
ALL_FEATURES_81,2838,0.0025907858630329628,estudios_p_hash,pft_events_m11
ALL_FEATURES_81,2839,0.00257538370569943,total1,pft_visits_m12
ALL_FEATURES_81,2840,0.002573493774226776,cred_mat1,pft_test_submissions_m09
ALL_FEATURES_81,2841,0.002568830079437312,practicas,pft_assignment_submissions_m09
ALL_FEATURES_81,2842,0.00255849817988274,cred_mat_practicas,cred_sup_5o
ALL_FEATURES_81,2843,0.002556846274241132,cred_sup_5o,pft_assignment_submissions_m10
ALL_FEATURES_81,2844,0.0025541285154995212,cred_mat6,actividades
ALL_FEATURES_81,2845,0.0025274836370992038,desplazado_hash,caca
ALL_FEATURES_81,2846,0.002515898478025136,preferencia_seleccion,pft_events_m10
ALL_FEATURES_81,2847,0.0025108756420211265,activ1,pft_assignment_submissions_m12
ALL_FEATURES_81,2848,0.002498281457379292,cred_mat_sem_a,pft_test_submissions_m11
ALL_FEATURES_81,2849,0.002482097398269545,cred_mat3,pft_assignment_submissions_m10
ALL_FEATURES_81,2850,0.002472053403249852,cred_sup_6o,actividades
ALL_FEATURES_81,2851,0.002462912796018735,cred_sup_5o,pft_visits_m10
ALL_FEATURES_81,2852,0.002456057164870629,cred_mat1,pft_test_submissions_m12
ALL_FEATURES_81,2853,0.002435229613569234,rend_total_penultimo,pft_assignment_submissions_m11
ALL_FEATURES_81,2854,0.002415791036580295,total1,pft_test_submissions_m12
ALL_FEATURES_81,2855,0.002404114644771305,estudios_p_hash,curso_mas_bajo
ALL_FEATURES_81,2856,0.002398854959114516,preferencia_seleccion,cred_ptes_acta
ALL_FEATURES_81,2857,0.002368837589048933,cred_ptes_acta,n_wifi_days_m12
ALL_FEATURES_81,2858,0.002366969059898416,cred_mat_practicas,pft_events_m12
ALL_FEATURES_81,2859,0.0023551952073272986,cred_ptes_acta,pft_test_submissions_m09
ALL_FEATURES_81,2860,0.0023469244579725768,dedicacion,n_resource_days_m11
ALL_FEATURES_81,2861,0.002339047760432145,curso_mas_bajo,pft_total_minutes_m11
ALL_FEATURES_81,2862,0.0023244079537336764,practicas,pft_test_submissions_m11
ALL_FEATURES_81,2863,0.002304458768533024,preferencia_seleccion,ajuste1
ALL_FEATURES_81,2864,0.002295726636122097,estudios_p_hash,pft_assignment_submissions_m10
ALL_FEATURES_81,2865,0.0022720170188197386,cred_ptes_acta,actividades
ALL_FEATURES_81,2866,0.0022619421459353357,cred_mat4,cred_ptes_acta
ALL_FEATURES_81,2867,0.002236361095826034,cred_mat6,n_wifi_days_m12
ALL_FEATURES_81,2868,0.002228043017771686,cred_mat5,pft_events_m10
ALL_FEATURES_81,2869,0.0022139529895826016,cred_sup_6o,n_wifi_days_m12
ALL_FEATURES_81,2870,0.0022015945390352343,preferencia_seleccion,pft_test_submissions_m10
ALL_FEATURES_81,2871,0.0021727191459213198,cred_ptes_acta,n_wifi_days_m11
ALL_FEATURES_81,2872,0.0021614943655929864,caca,cred_mat6
ALL_FEATURES_81,2873,0.00213408057214437,campus_hash,cred_mat6
ALL_FEATURES_81,2874,0.00213302192976883,caca,ajuste1
ALL_FEATURES_81,2875,0.002120545891319381,caca,cred_sup_6o
ALL_FEATURES_81,2876,0.002116534308865603,caca,n_resource_days_m10
ALL_FEATURES_81,2877,0.00211503102122812,campus_hash,cred_sup_6o
ALL_FEATURES_81,2878,0.0020717805854806315,dedicacion,pft_days_logged_m09
ALL_FEATURES_81,2879,0.0020715213845310387,campus_hash,ajuste1
ALL_FEATURES_81,2880,0.002069176765103542,cred_mat6,pft_assignment_submissions_m09
ALL_FEATURES_81,2881,0.002061762894020269,preferencia_seleccion,cred_sup_6o
ALL_FEATURES_81,2882,0.0020601126523303037,cred_mat2,pft_test_submissions_m09
ALL_FEATURES_81,2883,0.0020541434015020066,dedicacion,pft_total_minutes_m12
ALL_FEATURES_81,2884,0.002037883562965525,ajuste1,n_wifi_days_m12
ALL_FEATURES_81,2885,0.0020032615367140405,cred_ptes_acta,anyo_inicio_estudios
ALL_FEATURES_81,2886,0.001994709851728338,preferencia_seleccion,cred_mat6
ALL_FEATURES_81,2887,0.001994532794389769,cred_mat4,cred_mat6
ALL_FEATURES_81,2888,0.0019918062452992658,dedicacion,resource_events_m10
ALL_FEATURES_81,2889,0.0019844375322968233,cred_mat6,n_wifi_days_m11
ALL_FEATURES_81,2890,0.0019810375942270753,cred_sup_6o,pft_assignment_submissions_m09
ALL_FEATURES_81,2891,0.0019798808230104825,cred_mat6,cred_mat_sem_b
ALL_FEATURES_81,2892,0.001971286052905974,actividades,pft_test_submissions_m11
ALL_FEATURES_81,2893,0.0019618408957153832,actividades,pft_test_submissions_m09
ALL_FEATURES_81,2894,0.0019375918894022348,pft_assignment_submissions_m12,pft_test_submissions_m09
ALL_FEATURES_81,2895,0.0019164414613701555,cred_mat5,pft_assignment_submissions_m12
ALL_FEATURES_81,2896,0.0019114212190469715,cred_sup_6o,n_wifi_days_m11
ALL_FEATURES_81,2897,0.0019040415089737195,desplazado_hash,pft_days_logged_m11
ALL_FEATURES_81,2898,0.0018963816720445337,cred_mat4,ajuste1
ALL_FEATURES_81,2899,0.001895864214848331,cred_sup_5o,pft_assignment_submissions_m09
ALL_FEATURES_81,2900,0.0018938659495839614,cred_mat2,pft_assignment_submissions_m09
ALL_FEATURES_81,2901,0.001858784501769684,cred_mat2,ajuste1
ALL_FEATURES_81,2902,0.0018580019298397585,cred_sup_5o,n_resource_days_m10
ALL_FEATURES_81,2903,0.0018527496717224425,cred_mat4,cred_sup_6o
ALL_FEATURES_81,2904,0.0018265029939019684,cred_mat2,cred_sup_6o
ALL_FEATURES_81,2905,0.001807497715103245,cred_mat2,cred_mat6
ALL_FEATURES_81,2906,0.0018012532094324738,cred_mat6,pft_assignment_submissions_m10
ALL_FEATURES_81,2907,0.0017873673996859907,cred_sup_5o,pft_visits_m12
ALL_FEATURES_81,2908,0.0017866767478800227,cred_sup_3o,pft_test_submissions_m09
ALL_FEATURES_81,2909,0.0017739373931719984,cred_sup_5o,pft_events_m12
ALL_FEATURES_81,2910,0.0017587826729066336,estudios_m_hash,pft_events_m11
ALL_FEATURES_81,2911,0.0017566260395369682,ajuste1,pft_assignment_submissions_m09
ALL_FEATURES_81,2912,0.0017555143550955776,cred_mat_anu,pft_assignment_submissions_m10
ALL_FEATURES_81,2913,0.001753735699485226,tipo_ingreso,pft_assignment_submissions_m12
ALL_FEATURES_81,2914,0.0017470634386516082,estudios_p_hash,n_resource_days_m09
ALL_FEATURES_81,2915,0.0017283466339077511,ajuste1,n_wifi_days_m11
ALL_FEATURES_81,2916,0.001723738167723532,estudios_m_hash,pft_test_submissions_m10
ALL_FEATURES_81,2917,0.0017237330210564394,total1,pft_visits_m10
ALL_FEATURES_81,2918,0.0017001554537703356,cred_sup_6o,pft_assignment_submissions_m10
ALL_FEATURES_81,2919,0.0016961830136668075,dedicacion,pft_total_minutes_m10
ALL_FEATURES_81,2920,0.0016758410223740585,anyo_inicio_estudios,ajuste1
ALL_FEATURES_81,2921,0.0016724922326156744,cred_sup_5o,n_resource_days_m12
ALL_FEATURES_81,2922,0.0016377098388797866,anyo_inicio_estudios,cred_sup_6o
ALL_FEATURES_81,2923,0.0016330818827148266,cred_sup_5o,pft_events_m11
ALL_FEATURES_81,2924,0.0016327967908171814,ajuste1,resource_events_m12
ALL_FEATURES_81,2925,0.0016213997689069615,preferencia_seleccion,pft_assignment_submissions_m12
ALL_FEATURES_81,2926,0.001611878069809336,cred_ptes_acta,resource_events_m12
ALL_FEATURES_81,2927,0.0015865717193985773,cred_sup_3o,pft_test_submissions_m10
ALL_FEATURES_81,2928,0.0015835656085334544,ajuste,pft_test_submissions_m11
ALL_FEATURES_81,2929,0.0015313900176519009,estudios_p_hash,pft_events_m10
ALL_FEATURES_81,2930,0.0015173983810816696,curso_mas_bajo,pft_test_submissions_m09
ALL_FEATURES_81,2931,0.0014983129270316198,nota14_hash,cred_mat6
ALL_FEATURES_81,2932,0.0014892482229624804,curso_mas_bajo,pft_assignment_submissions_m11
ALL_FEATURES_81,2933,0.0014764163843894453,preferencia_seleccion,resource_events_m11
ALL_FEATURES_81,2934,0.0014641035968097071,ajuste1,pft_assignment_submissions_m10
ALL_FEATURES_81,2935,0.0014328042637643534,cred_mat6,resource_events_m12
ALL_FEATURES_81,2936,0.00142367907797869,desplazado_hash,pft_visits_m11
ALL_FEATURES_81,2937,0.0014225553108113687,cred_mat_total,pft_test_submissions_m10
ALL_FEATURES_81,2938,0.0014041911180768807,cred_mat_sem_a,pft_assignment_submissions_m09
ALL_FEATURES_81,2939,0.0013923373499924454,nota14_hash,cred_sup_6o
ALL_FEATURES_81,2940,0.0013599241508144284,cred_sup_6o,resource_events_m12
ALL_FEATURES_81,2941,0.0013332819829159348,rend_total_ultimo,pft_test_submissions_m12
ALL_FEATURES_81,2942,0.0012954948517398535,rend_total_penultimo,pft_assignment_submissions_m10
ALL_FEATURES_81,2943,0.0012586420335223276,actividades,resource_events_m12
ALL_FEATURES_81,2944,0.0012578864830503633,cred_ptes_acta,pft_assignment_submissions_m09
ALL_FEATURES_81,2945,0.0012555840609191904,cred_mat2,pft_test_submissions_m11
ALL_FEATURES_81,2946,0.0012301364992932662,nota14_hash,ajuste1
ALL_FEATURES_81,2947,0.001218737697856298,estudios_p_hash,pft_assignment_submissions_m11
ALL_FEATURES_81,2948,0.0011877079864563989,cred_sup_5o,pft_total_minutes_m11
ALL_FEATURES_81,2949,0.0011808552080267989,cred_ptes_acta,pft_assignment_submissions_m10
ALL_FEATURES_81,2950,0.0011497696226179244,cred_mat5,ajuste1
ALL_FEATURES_81,2951,0.0011470883560509293,cred_mat5,resource_events_m11
ALL_FEATURES_81,2952,0.0011283193775017966,cred_mat2,pft_test_submissions_m12
ALL_FEATURES_81,2953,0.0010977331723358574,cred_mat_normal,cred_ptes_acta
ALL_FEATURES_81,2954,0.0010801889468790016,cred_mat5,pft_total_minutes_m11
ALL_FEATURES_81,2955,0.0010646301757564203,anyo_ingreso,cred_ptes_acta
ALL_FEATURES_81,2956,0.0010628731228825572,dedicacion,cred_mat_practicas
ALL_FEATURES_81,2957,0.001046592719221806,cred_mat6,cred_sup_6o
ALL_FEATURES_81,2958,0.001043846097059209,curso_mas_bajo,pft_assignment_submissions_m12
ALL_FEATURES_81,2959,0.0010434314325085128,cred_sup_1o,pft_test_submissions_m09
ALL_FEATURES_81,2960,0.0010308910429115414,cred_sup_2o,pft_assignment_submissions_m09
ALL_FEATURES_81,2961,0.0010180171324885023,asig1,pft_test_submissions_m11
ALL_FEATURES_81,2962,0.0009559294401970676,cred_mat6,pft_days_logged_m11
ALL_FEATURES_81,2963,0.0009437556920710576,cred_mat5,cred_sup_6o
ALL_FEATURES_81,2964,0.0009255332952182727,cred_mat5,cred_mat6
ALL_FEATURES_81,2965,0.0009209162561543137,cred_sup_4o,pft_events_m10
ALL_FEATURES_81,2966,0.000908646436680982,nota10_hash,cred_ptes_acta
ALL_FEATURES_81,2967,0.0009077131218893086,estudios_p_hash,pft_events_m12
ALL_FEATURES_81,2968,0.0009075313410527033,dedicacion,ajuste1
ALL_FEATURES_81,2969,0.0009052477650124402,cred_mat6,ajuste1
ALL_FEATURES_81,2970,0.0008979335113670217,cred_mat_practicas,ajuste1
ALL_FEATURES_81,2971,0.0008952308610390426,cred_sup_6o,pft_days_logged_m11
ALL_FEATURES_81,2972,0.0008827011029755027,total1,pft_assignment_submissions_m12
ALL_FEATURES_81,2973,0.0008823095490653188,cred_mat_practicas,cred_sup_6o
ALL_FEATURES_81,2974,0.0008548531895087308,cred_sup_6o,ajuste1
ALL_FEATURES_81,2975,0.0008536772215350652,preferencia_seleccion,pft_visits_m11
ALL_FEATURES_81,2976,0.000851619772395118,ajuste1,pft_days_logged_m11
ALL_FEATURES_81,2977,0.0008515321030078128,cred_mat5,cred_ptes_acta
ALL_FEATURES_81,2978,0.0008422032361155019,cred_sup_1o,pft_assignment_submissions_m09
ALL_FEATURES_81,2979,0.0008305459909463411,cred_ptes_acta,ajuste1
ALL_FEATURES_81,2980,0.0008158098547994541,cred_ptes_acta,n_resource_days_m12
ALL_FEATURES_81,2981,0.0007782705912049438,dedicacion,cred_mat6
ALL_FEATURES_81,2982,0.0007652486025770955,actividades,pft_assignment_submissions_m12
ALL_FEATURES_81,2983,0.0007494371378742315,cred_mat6,cred_ptes_acta
ALL_FEATURES_81,2984,0.0007484539557065517,dedicacion,cred_ptes_acta
ALL_FEATURES_81,2985,0.0007241854563204697,cred_sup_2o,pft_test_submissions_m09
ALL_FEATURES_81,2986,0.000723212987473687,cred_mat6,cred_mat_total
ALL_FEATURES_81,2987,0.0007139926519270644,cred_sup_5o,pft_test_submissions_m11
ALL_FEATURES_81,2988,0.0006906938595552247,dedicacion,cred_sup_6o
ALL_FEATURES_81,2989,0.0006823540182034902,cred_mat5,pft_test_submissions_m10
ALL_FEATURES_81,2990,0.0006602094946916992,cred_mat2,pft_visits_m11
ALL_FEATURES_81,2991,0.0006273760188131303,cred_sup_3o,pft_assignment_submissions_m11
ALL_FEATURES_81,2992,0.0006232427775181293,cred_ptes_acta,cred_sup_6o
ALL_FEATURES_81,2993,0.000617447759178269,desplazado_hash,pft_assignment_submissions_m11
ALL_FEATURES_81,2994,0.000614662871425864,cred_mat_anu,pft_assignment_submissions_m09
ALL_FEATURES_81,2995,0.0005866177140028128,cred_sup_5o,resource_events_m11
ALL_FEATURES_81,2996,0.0005860085651905322,ajuste1,pft_days_logged_m09
ALL_FEATURES_81,2997,0.0005848729762503169,cred_mat6,n_resource_days_m12
ALL_FEATURES_81,2998,0.0005810709147020532,cred_ptes_acta,pft_days_logged_m11
ALL_FEATURES_81,2999,0.0005729004740104847,cred_mat6,pft_days_logged_m10
ALL_FEATURES_81,3000,0.0005679152536517407,cred_ptes_acta,n_wifi_days_m09
ALL_FEATURES_81,3001,0.0005621783620401999,ajuste1,n_resource_days_m12
ALL_FEATURES_81,3002,0.0005582285305714142,cred_mat6,anyo_inicio_estudios
ALL_FEATURES_81,3003,0.0005515543684975199,cred_mat6,n_wifi_days_m09
ALL_FEATURES_81,3004,0.0005464434568471788,cred_mat5,n_resource_days_m09
ALL_FEATURES_81,3005,0.0005413923988628613,preferencia_seleccion,pft_visits_m12
ALL_FEATURES_81,3006,0.0005412685955752393,dedicacion,pft_visits_m10
ALL_FEATURES_81,3007,0.0005392296059785195,dedicacion,pft_test_submissions_m12
ALL_FEATURES_81,3008,0.0005323491887931908,cred_sup_6o,pft_days_logged_m09
ALL_FEATURES_81,3009,0.00048538017916044407,cred_sup_6o,n_resource_days_m12
ALL_FEATURES_81,3010,0.0004760859472887624,cred_sup_6o,pft_days_logged_m10
ALL_FEATURES_81,3011,0.00046685700579551787,cred_sup_6o,n_wifi_days_m09
ALL_FEATURES_81,3012,0.00045023542163402647,practicas,pft_test_submissions_m09
ALL_FEATURES_81,3013,0.0004280403029204294,estudios_m_hash,n_resource_days_m10
ALL_FEATURES_81,3014,0.00042638699523811496,ajuste1,n_wifi_days_m09
ALL_FEATURES_81,3015,0.000420628039856652,dedicacion,curso_mas_bajo
ALL_FEATURES_81,3016,0.0004162473536020173,cred_ptes_acta,pft_days_logged_m09
ALL_FEATURES_81,3017,0.00039059099066385267,cred_mat6,pft_days_logged_m09
ALL_FEATURES_81,3018,0.00031653707987455704,campus_hash,pft_assignment_submissions_m12
ALL_FEATURES_81,3019,0.0003151856900558413,estudios_m_hash,pft_visits_m12
ALL_FEATURES_81,3020,0.00028007203298319183,cred_ptes_acta,pft_days_logged_m10
ALL_FEATURES_81,3021,0.00025599826182931546,ajuste1,pft_days_logged_m10
ALL_FEATURES_81,3022,0.0002292376024353171,dedicacion,caca
ALL_FEATURES_81,3023,0.00021067713599709487,cred_sup_1o,total1
ALL_FEATURES_81,3024,0.00016545932773492922,cred_sup_5o,cred_sup_6o
ALL_FEATURES_81,3025,0.00013274540148788816,cred_mat1,pft_assignment_submissions_m10
ALL_FEATURES_81,3026,0.00011483746390439363,cred_sup_5o,ajuste1
ALL_FEATURES_81,3027,7.13077743377255e-05,cred_mat2,pft_test_submissions_m10
ALL_FEATURES_81,3028,6.299773340145975e-05,rend_total_ultimo,pft_assignment_submissions_m10
ALL_FEATURES_81,3029,3.781234450794813e-05,campus_hash,pft_test_submissions_m09
ALL_FEATURES_81,3030,3.77129529383069e-07,cred_sup_4o,pft_test_submissions_m12
ALL_FEATURES_81,3031,0.0,actividades,pft_assignment_submissions_m09
ALL_FEATURES_81,3032,0.0,actividades,pft_assignment_submissions_m11
ALL_FEATURES_81,3033,0.0,ajuste,pft_assignment_submissions_m12
ALL_FEATURES_81,3034,0.0,ajuste1,n_resource_days_m09
ALL_FEATURES_81,3035,0.0,ajuste1,n_resource_days_m10
ALL_FEATURES_81,3036,0.0,ajuste1,n_resource_days_m11
ALL_FEATURES_81,3037,0.0,ajuste1,pft_assignment_submissions_m11
ALL_FEATURES_81,3038,0.0,ajuste1,pft_assignment_submissions_m12
ALL_FEATURES_81,3039,0.0,ajuste1,pft_days_logged_m12
ALL_FEATURES_81,3040,0.0,ajuste1,pft_events_m10
ALL_FEATURES_81,3041,0.0,ajuste1,pft_events_m11
ALL_FEATURES_81,3042,0.0,ajuste1,pft_events_m12
ALL_FEATURES_81,3043,0.0,ajuste1,pft_test_submissions_m10
ALL_FEATURES_81,3044,0.0,ajuste1,pft_test_submissions_m11
ALL_FEATURES_81,3045,0.0,ajuste1,pft_test_submissions_m12
ALL_FEATURES_81,3046,0.0,ajuste1,pft_total_minutes_m10
ALL_FEATURES_81,3047,0.0,ajuste1,pft_total_minutes_m11
ALL_FEATURES_81,3048,0.0,ajuste1,pft_total_minutes_m12
ALL_FEATURES_81,3049,0.0,ajuste1,pft_visits_m10
ALL_FEATURES_81,3050,0.0,ajuste1,pft_visits_m11
ALL_FEATURES_81,3051,0.0,ajuste1,pft_visits_m12
ALL_FEATURES_81,3052,0.0,ajuste1,rend_total_penultimo
ALL_FEATURES_81,3053,0.0,ajuste1,resource_events_m10
ALL_FEATURES_81,3054,0.0,ajuste1,resource_events_m11
ALL_FEATURES_81,3055,0.0,anyo_ingreso,ajuste1
ALL_FEATURES_81,3056,0.0,anyo_ingreso,cred_mat6
ALL_FEATURES_81,3057,0.0,anyo_ingreso,cred_sup_6o
ALL_FEATURES_81,3058,0.0,anyo_inicio_estudios,total1
ALL_FEATURES_81,3059,0.0,asig1,ajuste1
ALL_FEATURES_81,3060,0.0,asig1,pft_test_submissions_m12
ALL_FEATURES_81,3061,0.0,caca,n_resource_days_m12
ALL_FEATURES_81,3062,0.0,campus_hash,pft_assignment_submissions_m09
ALL_FEATURES_81,3063,0.0,cred_mat1,pft_assignment_submissions_m11
ALL_FEATURES_81,3064,0.0,cred_mat1,pft_assignment_submissions_m12
ALL_FEATURES_81,3065,0.0,cred_mat2,pft_total_minutes_m11
ALL_FEATURES_81,3066,0.0,cred_mat5,pft_days_logged_m12
ALL_FEATURES_81,3067,0.0,cred_mat5,pft_events_m11
ALL_FEATURES_81,3068,0.0,cred_mat5,pft_visits_m11
ALL_FEATURES_81,3069,0.0,cred_mat6,cred_mat_practicas
ALL_FEATURES_81,3070,0.0,cred_mat6,cred_sup_4o
ALL_FEATURES_81,3071,0.0,cred_mat6,cred_sup_5o
ALL_FEATURES_81,3072,0.0,cred_mat6,n_resource_days_m09
ALL_FEATURES_81,3073,0.0,cred_mat6,n_resource_days_m10
ALL_FEATURES_81,3074,0.0,cred_mat6,n_resource_days_m11
ALL_FEATURES_81,3075,0.0,cred_mat6,pft_assignment_submissions_m11
ALL_FEATURES_81,3076,0.0,cred_mat6,pft_assignment_submissions_m12
ALL_FEATURES_81,3077,0.0,cred_mat6,pft_days_logged_m12
ALL_FEATURES_81,3078,0.0,cred_mat6,pft_events_m10
ALL_FEATURES_81,3079,0.0,cred_mat6,pft_events_m11
ALL_FEATURES_81,3080,0.0,cred_mat6,pft_events_m12
ALL_FEATURES_81,3081,0.0,cred_mat6,pft_test_submissions_m10
ALL_FEATURES_81,3082,0.0,cred_mat6,pft_test_submissions_m11
ALL_FEATURES_81,3083,0.0,cred_mat6,pft_test_submissions_m12
ALL_FEATURES_81,3084,0.0,cred_mat6,pft_total_minutes_m10
ALL_FEATURES_81,3085,0.0,cred_mat6,pft_total_minutes_m11
ALL_FEATURES_81,3086,0.0,cred_mat6,pft_total_minutes_m12
ALL_FEATURES_81,3087,0.0,cred_mat6,pft_visits_m10
ALL_FEATURES_81,3088,0.0,cred_mat6,pft_visits_m11
ALL_FEATURES_81,3089,0.0,cred_mat6,pft_visits_m12
ALL_FEATURES_81,3090,0.0,cred_mat6,rend_total_penultimo
ALL_FEATURES_81,3091,0.0,cred_mat6,resource_events_m10
ALL_FEATURES_81,3092,0.0,cred_mat6,resource_events_m11
ALL_FEATURES_81,3093,0.0,cred_mat_anu,pft_assignment_submissions_m11
ALL_FEATURES_81,3094,0.0,cred_mat_anu,pft_assignment_submissions_m12
ALL_FEATURES_81,3095,0.0,cred_mat_anu,pft_test_submissions_m09
ALL_FEATURES_81,3096,0.0,cred_mat_anu,pft_test_submissions_m12
ALL_FEATURES_81,3097,0.0,cred_mat_movilidad,pft_assignment_submissions_m11
ALL_FEATURES_81,3098,0.0,cred_mat_normal,ajuste1
ALL_FEATURES_81,3099,0.0,cred_mat_normal,cred_sup_6o
ALL_FEATURES_81,3100,0.0,cred_mat_normal,pft_test_submissions_m10
ALL_FEATURES_81,3101,0.0,cred_mat_normal,pft_test_submissions_m11
ALL_FEATURES_81,3102,0.0,cred_mat_practicas,pft_assignment_submissions_m12
ALL_FEATURES_81,3103,0.0,cred_mat_practicas,pft_events_m11
ALL_FEATURES_81,3104,0.0,cred_mat_practicas,pft_test_submissions_m10
ALL_FEATURES_81,3105,0.0,cred_mat_practicas,pft_test_submissions_m11
ALL_FEATURES_81,3106,0.0,cred_mat_practicas,pft_test_submissions_m12
ALL_FEATURES_81,3107,0.0,cred_mat_practicas,pft_visits_m11
ALL_FEATURES_81,3108,0.0,cred_mat_sem_a,ajuste1
ALL_FEATURES_81,3109,0.0,cred_mat_sem_a,cred_sup_6o
ALL_FEATURES_81,3110,0.0,cred_mat_sem_a,pft_assignment_submissions_m12
ALL_FEATURES_81,3111,0.0,cred_mat_sem_b,ajuste1
ALL_FEATURES_81,3112,0.0,cred_mat_sem_b,cred_sup_6o
ALL_FEATURES_81,3113,0.0,cred_mat_sem_b,pft_assignment_submissions_m12
ALL_FEATURES_81,3114,0.0,cred_mat_sem_b,pft_test_submissions_m10
ALL_FEATURES_81,3115,0.0,cred_mat_total,pft_assignment_submissions_m09
ALL_FEATURES_81,3116,0.0,cred_mat_total,pft_assignment_submissions_m10
ALL_FEATURES_81,3117,0.0,cred_mat_total,pft_assignment_submissions_m11
ALL_FEATURES_81,3118,0.0,cred_mat_total,pft_assignment_submissions_m12
ALL_FEATURES_81,3119,0.0,cred_mat_total,pft_test_submissions_m09
ALL_FEATURES_81,3120,0.0,cred_mat_total,pft_test_submissions_m11
ALL_FEATURES_81,3121,0.0,cred_mat_total,pft_test_submissions_m12
ALL_FEATURES_81,3122,0.0,cred_ptes_acta,cred_mat_practicas
ALL_FEATURES_81,3123,0.0,cred_ptes_acta,cred_sup_4o
ALL_FEATURES_81,3124,0.0,cred_ptes_acta,cred_sup_5o
ALL_FEATURES_81,3125,0.0,cred_ptes_acta,n_resource_days_m09
ALL_FEATURES_81,3126,0.0,cred_ptes_acta,n_resource_days_m10
ALL_FEATURES_81,3127,0.0,cred_ptes_acta,n_resource_days_m11
ALL_FEATURES_81,3128,0.0,cred_ptes_acta,pft_assignment_submissions_m11
ALL_FEATURES_81,3129,0.0,cred_ptes_acta,pft_assignment_submissions_m12
ALL_FEATURES_81,3130,0.0,cred_ptes_acta,pft_days_logged_m12
ALL_FEATURES_81,3131,0.0,cred_ptes_acta,pft_events_m10
ALL_FEATURES_81,3132,0.0,cred_ptes_acta,pft_events_m11
ALL_FEATURES_81,3133,0.0,cred_ptes_acta,pft_events_m12
ALL_FEATURES_81,3134,0.0,cred_ptes_acta,pft_test_submissions_m10
ALL_FEATURES_81,3135,0.0,cred_ptes_acta,pft_test_submissions_m11
ALL_FEATURES_81,3136,0.0,cred_ptes_acta,pft_test_submissions_m12
ALL_FEATURES_81,3137,0.0,cred_ptes_acta,pft_total_minutes_m10
ALL_FEATURES_81,3138,0.0,cred_ptes_acta,pft_total_minutes_m11
ALL_FEATURES_81,3139,0.0,cred_ptes_acta,pft_total_minutes_m12
ALL_FEATURES_81,3140,0.0,cred_ptes_acta,pft_visits_m10
ALL_FEATURES_81,3141,0.0,cred_ptes_acta,pft_visits_m11
ALL_FEATURES_81,3142,0.0,cred_ptes_acta,pft_visits_m12
ALL_FEATURES_81,3143,0.0,cred_ptes_acta,rend_total_penultimo
ALL_FEATURES_81,3144,0.0,cred_ptes_acta,resource_events_m10
ALL_FEATURES_81,3145,0.0,cred_ptes_acta,resource_events_m11
ALL_FEATURES_81,3146,0.0,cred_sup_1o,ajuste1
ALL_FEATURES_81,3147,0.0,cred_sup_1o,cred_sup_6o
ALL_FEATURES_81,3148,0.0,cred_sup_1o,pft_assignment_submissions_m10
ALL_FEATURES_81,3149,0.0,cred_sup_1o,pft_assignment_submissions_m11
ALL_FEATURES_81,3150,0.0,cred_sup_1o,pft_assignment_submissions_m12
ALL_FEATURES_81,3151,0.0,cred_sup_1o,pft_test_submissions_m10
ALL_FEATURES_81,3152,0.0,cred_sup_1o,pft_test_submissions_m11
ALL_FEATURES_81,3153,0.0,cred_sup_1o,pft_test_submissions_m12
ALL_FEATURES_81,3154,0.0,cred_sup_2o,pft_assignment_submissions_m10
ALL_FEATURES_81,3155,0.0,cred_sup_2o,pft_assignment_submissions_m11
ALL_FEATURES_81,3156,0.0,cred_sup_2o,pft_assignment_submissions_m12
ALL_FEATURES_81,3157,0.0,cred_sup_4o,ajuste1
ALL_FEATURES_81,3158,0.0,cred_sup_4o,cred_sup_6o
ALL_FEATURES_81,3159,0.0,cred_sup_4o,pft_assignment_submissions_m12
ALL_FEATURES_81,3160,0.0,cred_sup_4o,pft_test_submissions_m10
ALL_FEATURES_81,3161,0.0,cred_sup_4o,pft_test_submissions_m11
ALL_FEATURES_81,3162,0.0,cred_sup_5o,n_resource_days_m09
ALL_FEATURES_81,3163,0.0,cred_sup_5o,pft_assignment_submissions_m11
ALL_FEATURES_81,3164,0.0,cred_sup_5o,pft_assignment_submissions_m12
ALL_FEATURES_81,3165,0.0,cred_sup_5o,pft_days_logged_m12
ALL_FEATURES_81,3166,0.0,cred_sup_5o,pft_events_m10
ALL_FEATURES_81,3167,0.0,cred_sup_5o,pft_test_submissions_m10
ALL_FEATURES_81,3168,0.0,cred_sup_5o,pft_test_submissions_m12
ALL_FEATURES_81,3169,0.0,cred_sup_5o,pft_visits_m11
ALL_FEATURES_81,3170,0.0,cred_sup_6o,n_resource_days_m09
ALL_FEATURES_81,3171,0.0,cred_sup_6o,n_resource_days_m10
ALL_FEATURES_81,3172,0.0,cred_sup_6o,n_resource_days_m11
ALL_FEATURES_81,3173,0.0,cred_sup_6o,pft_assignment_submissions_m11
ALL_FEATURES_81,3174,0.0,cred_sup_6o,pft_assignment_submissions_m12
ALL_FEATURES_81,3175,0.0,cred_sup_6o,pft_days_logged_m12
ALL_FEATURES_81,3176,0.0,cred_sup_6o,pft_events_m10
ALL_FEATURES_81,3177,0.0,cred_sup_6o,pft_events_m11
ALL_FEATURES_81,3178,0.0,cred_sup_6o,pft_events_m12
ALL_FEATURES_81,3179,0.0,cred_sup_6o,pft_test_submissions_m10
ALL_FEATURES_81,3180,0.0,cred_sup_6o,pft_test_submissions_m11
ALL_FEATURES_81,3181,0.0,cred_sup_6o,pft_test_submissions_m12
ALL_FEATURES_81,3182,0.0,cred_sup_6o,pft_total_minutes_m10
ALL_FEATURES_81,3183,0.0,cred_sup_6o,pft_total_minutes_m11
ALL_FEATURES_81,3184,0.0,cred_sup_6o,pft_total_minutes_m12
ALL_FEATURES_81,3185,0.0,cred_sup_6o,pft_visits_m10
ALL_FEATURES_81,3186,0.0,cred_sup_6o,pft_visits_m11
ALL_FEATURES_81,3187,0.0,cred_sup_6o,pft_visits_m12
ALL_FEATURES_81,3188,0.0,cred_sup_6o,rend_total_penultimo
ALL_FEATURES_81,3189,0.0,cred_sup_6o,resource_events_m10
ALL_FEATURES_81,3190,0.0,cred_sup_6o,resource_events_m11
ALL_FEATURES_81,3191,0.0,curso_mas_bajo,pft_assignment_submissions_m10
ALL_FEATURES_81,3192,0.0,curso_mas_bajo,pft_test_submissions_m11
ALL_FEATURES_81,3193,0.0,dedicacion,n_resource_days_m09
ALL_FEATURES_81,3194,0.0,dedicacion,n_resource_days_m10
ALL_FEATURES_81,3195,0.0,dedicacion,pft_assignment_submissions_m11
ALL_FEATURES_81,3196,0.0,dedicacion,pft_assignment_submissions_m12
ALL_FEATURES_81,3197,0.0,dedicacion,pft_days_logged_m12
ALL_FEATURES_81,3198,0.0,dedicacion,pft_events_m10
ALL_FEATURES_81,3199,0.0,dedicacion,pft_events_m11
ALL_FEATURES_81,3200,0.0,dedicacion,pft_events_m12
ALL_FEATURES_81,3201,0.0,dedicacion,pft_test_submissions_m10
ALL_FEATURES_81,3202,0.0,dedicacion,pft_test_submissions_m11
ALL_FEATURES_81,3203,0.0,dedicacion,pft_total_minutes_m11
ALL_FEATURES_81,3204,0.0,dedicacion,pft_visits_m11
ALL_FEATURES_81,3205,0.0,dedicacion,pft_visits_m12
ALL_FEATURES_81,3206,0.0,dedicacion,resource_events_m11
ALL_FEATURES_81,3207,0.0,desplazado_hash,pft_days_logged_m12
ALL_FEATURES_81,3208,0.0,estudios_m_hash,desplazado_hash
ALL_FEATURES_81,3209,0.0,estudios_m_hash,n_resource_days_m09
ALL_FEATURES_81,3210,0.0,estudios_m_hash,n_resource_days_m12
ALL_FEATURES_81,3211,0.0,estudios_m_hash,pft_assignment_submissions_m09
ALL_FEATURES_81,3212,0.0,estudios_m_hash,pft_assignment_submissions_m10
ALL_FEATURES_81,3213,0.0,estudios_m_hash,pft_assignment_submissions_m11
ALL_FEATURES_81,3214,0.0,estudios_m_hash,pft_assignment_submissions_m12
ALL_FEATURES_81,3215,0.0,estudios_m_hash,pft_days_logged_m12
ALL_FEATURES_81,3216,0.0,estudios_m_hash,pft_test_submissions_m09
ALL_FEATURES_81,3217,0.0,estudios_m_hash,pft_test_submissions_m11
ALL_FEATURES_81,3218,0.0,estudios_m_hash,pft_test_submissions_m12
ALL_FEATURES_81,3219,0.0,estudios_m_hash,pft_visits_m11
ALL_FEATURES_81,3220,0.0,estudios_m_hash,resource_events_m10
ALL_FEATURES_81,3221,0.0,estudios_m_hash,resource_events_m11
ALL_FEATURES_81,3222,0.0,estudios_m_hash,resource_events_m12
ALL_FEATURES_81,3223,0.0,nota10_hash,ajuste1
ALL_FEATURES_81,3224,0.0,nota10_hash,cred_mat6
ALL_FEATURES_81,3225,0.0,nota10_hash,cred_sup_6o
ALL_FEATURES_81,3226,0.0,nota10_hash,pft_assignment_submissions_m09
ALL_FEATURES_81,3227,0.0,pft_assignment_submissions_m09,pft_test_submissions_m09
ALL_FEATURES_81,3228,0.0,pft_assignment_submissions_m12,pft_test_submissions_m12
ALL_FEATURES_81,3229,0.0,pract1,resource_events_m12
ALL_FEATURES_81,3230,0.0,practicas,pft_assignment_submissions_m11
ALL_FEATURES_81,3231,0.0,practicas,pft_assignment_submissions_m12
ALL_FEATURES_81,3232,0.0,preferencia_seleccion,n_resource_days_m11
ALL_FEATURES_81,3233,0.0,rend_total_ultimo,pft_assignment_submissions_m12
ALL_FEATURES_81,3234,0.0,rend_total_ultimo,pft_test_submissions_m09
ALL_FEATURES_81,3235,0.0,rend_total_ultimo,pft_test_submissions_m10
ALL_FEATURES_81,3236,0.0,rend_total_ultimo,pft_test_submissions_m11
ALL_FEATURES_81,3237,0.0,total1,ajuste1
ALL_FEATURES_81,3238,0.0,total1,pft_test_submissions_m10
ALL_FEATURES_81,3239,0.0,total1,pft_test_submissions_m11
ALL_FEATURES_81,3240,0.0,total1,resource_events_m12
