{
  "benchmark_name": "ufce_bank_cf_parser_v1",
  "failure_counts": {
    "api_error_count": 0,
    "exact_match_fail_count": 27,
    "invalid_json_count": 1,
    "schema_invalid_count": 4
  },
  "groups": {
    "A": {
      "avg_hallucination_count": 0.041666666666666664,
      "avg_request_latency_ms": 6219.714526125851,
      "avg_tokens_per_second": 65.80149197150212,
      "case_count": 8,
      "conflict_accuracy": 0.9166666666666666,
      "exact_match_rate": 0.875,
      "field_accuracy_mean": 0.9166666666666666,
      "missing_fields_accuracy": 0.9166666666666666,
      "run_count": 24,
      "schema_valid_rate": 0.9166666666666666,
      "stability": 0.625,
      "status_accuracy": 0.9166666666666666,
      "valid_json_rate": 0.9583333333333334
    },
    "B": {
      "avg_hallucination_count": 0.0,
      "avg_request_latency_ms": 6711.583395375176,
      "avg_tokens_per_second": 65.98854077971453,
      "case_count": 8,
      "conflict_accuracy": 1.0,
      "exact_match_rate": 0.75,
      "field_accuracy_mean": 1.0,
      "missing_fields_accuracy": 0.875,
      "run_count": 24,
      "schema_valid_rate": 1.0,
      "stability": 0.75,
      "status_accuracy": 0.75,
      "valid_json_rate": 1.0
    },
    "C": {
      "avg_hallucination_count": 0.1111111111111111,
      "avg_request_latency_ms": 11011.97625700297,
      "avg_tokens_per_second": 65.5267657748555,
      "case_count": 6,
      "conflict_accuracy": 0.16666666666666666,
      "exact_match_rate": 0.0,
      "field_accuracy_mean": 0.9506172839506173,
      "missing_fields_accuracy": 0.2777777777777778,
      "run_count": 18,
      "schema_valid_rate": 0.8888888888888888,
      "stability": 0.0,
      "status_accuracy": 0.4444444444444444,
      "valid_json_rate": 1.0
    }
  },
  "model_alias": "unsloth/gpt-oss-20b",
  "overall": {
    "avg_hallucination_count": 0.045454545454545456,
    "avg_request_latency_ms": 7705.5564051830015,
    "avg_tokens_per_second": 65.79458439358483,
    "case_count": 22,
    "conflict_accuracy": 0.7424242424242424,
    "exact_match_rate": 0.5909090909090909,
    "field_accuracy_mean": 0.9562289562289562,
    "missing_fields_accuracy": 0.7272727272727273,
    "run_count": 66,
    "schema_valid_rate": 0.9393939393939394,
    "stability": 0.5,
    "status_accuracy": 0.7272727272727273,
    "valid_json_rate": 0.9848484848484849
  },
  "run_dir": "/mnt/d/Workspace/MasterAI/Thesis/UFCE_Agent/llm_eval/outputs/unsloth_gpt-oss-20b_20260308_101130",
  "run_id": "run_20260308_101130"
}
