pair_index,method,feasible_found,exposed,runtime_ms,status
1,DiCE,True,False,23629.486169999836,OK
1,DiCE-genetic,True,True,1972.3025879939087,OK
1,DiCE-kdtree,False,False,358.4542539974791,OK
1,UFCE-FF1,True,True,420.4688449999594,OK
1,UFCE-FF2,True,True,1250.1828810000006,OK
1,UFCE-FF3,True,True,1132.847596000829,OK
2,DiCE,False,False,1608.1238560000202,OK
2,DiCE-genetic,False,False,60001.76526599898,TIMEOUT
2,DiCE-kdtree,False,False,573.9736520008591,OK
2,UFCE-FF1,False,False,319.43344299997983,OK
2,UFCE-FF2,False,False,1103.0496339999445,OK
2,UFCE-FF3,False,False,736.0395679997964,OK
3,DiCE,False,False,2127.7484140000524,OK
3,DiCE-genetic,False,False,60111.406691999946,TIMEOUT
3,DiCE-kdtree,False,False,352.72714700113283,OK
3,UFCE-FF1,False,False,927.3080190000657,OK
3,UFCE-FF2,False,False,841.9156830000247,OK
3,UFCE-FF3,False,False,3051.233829000012,OK
4,DiCE,True,True,2929.613199999949,OK
4,DiCE-genetic,True,True,3154.2574140039505,OK
4,DiCE-kdtree,False,False,346.3928990022396,OK
4,UFCE-FF1,True,True,418.38634599935176,OK
4,UFCE-FF2,True,True,1051.524703000723,OK
4,UFCE-FF3,True,True,1646.1981599995852,OK
5,DiCE,False,False,3024.1649910003616,OK
5,DiCE-genetic,False,False,60002.22271000166,TIMEOUT
5,DiCE-kdtree,False,False,393.58329999959096,OK
5,UFCE-FF1,False,False,271.61569700001564,OK
5,UFCE-FF2,False,False,1344.419175999974,OK
5,UFCE-FF3,False,False,986.3963130001139,OK
6,DiCE,False,False,3741.538681999373,OK
6,DiCE-genetic,False,False,60001.74578599763,TIMEOUT
6,DiCE-kdtree,False,False,299.532241999259,OK
6,UFCE-FF1,False,False,319.8595929998192,OK
6,UFCE-FF2,False,False,1247.8436450001027,OK
6,UFCE-FF3,False,False,569.5300840002346,OK
7,DiCE,False,False,4226.230493000003,OK
7,DiCE-genetic,False,False,60001.635650001845,TIMEOUT
7,DiCE-kdtree,False,False,320.83365300059086,OK
7,UFCE-FF1,False,False,304.78816000004366,OK
7,UFCE-FF2,False,False,1522.731964000286,OK
7,UFCE-FF3,False,False,1509.6978990000025,OK
8,DiCE,False,False,1433.5408639999514,OK
8,DiCE-genetic,False,False,60001.53285700071,TIMEOUT
8,DiCE-kdtree,False,False,363.64739499549614,OK
8,UFCE-FF1,False,False,330.9803419997479,OK
8,UFCE-FF2,False,False,1136.9455240001116,OK
8,UFCE-FF3,False,False,1089.1427799997473,OK
9,DiCE,False,False,1453.775996999866,OK
9,DiCE-genetic,False,False,60001.74031400093,TIMEOUT
9,DiCE-kdtree,False,False,340.53631300048437,OK
9,UFCE-FF1,False,False,314.561453999886,OK
9,UFCE-FF2,False,False,1465.3128999998444,OK
9,UFCE-FF3,False,False,847.9485039997599,OK
10,DiCE,False,False,2194.9616149995563,OK
10,DiCE-genetic,True,False,1768.9775539984112,OK
10,DiCE-kdtree,False,False,369.17798499780474,OK
10,UFCE-FF1,False,False,364.8036750000756,OK
10,UFCE-FF2,False,False,1126.7213339997397,OK
10,UFCE-FF3,False,False,761.6827000001649,OK
11,DiCE,False,False,3047.9513069994937,OK
11,DiCE-genetic,False,False,60001.824373001,TIMEOUT
11,DiCE-kdtree,False,False,312.38454800040927,OK
11,UFCE-FF1,False,False,354.94378800012777,OK
11,UFCE-FF2,False,False,1508.6887140000727,OK
11,UFCE-FF3,False,False,1248.4051820001696,OK
12,DiCE,False,False,1431.0511130001944,OK
12,DiCE-genetic,False,False,60001.75016299909,TIMEOUT
12,DiCE-kdtree,False,False,456.3119239974185,OK
12,UFCE-FF1,False,False,1112.9771969999638,OK
12,UFCE-FF2,False,False,2434.4530930000024,OK
12,UFCE-FF3,False,False,2406.632961000014,OK
13,DiCE,False,False,2126.896081000268,OK
13,DiCE-genetic,False,False,60001.742715001456,TIMEOUT
13,DiCE-kdtree,False,False,287.1404360012093,OK
13,UFCE-FF1,False,False,336.31691099981254,OK
13,UFCE-FF2,False,False,1392.6628529998197,OK
13,UFCE-FF3,False,False,1074.4934960002865,OK
14,DiCE,False,False,2971.539560999645,OK
14,DiCE-genetic,False,False,60002.055118999124,TIMEOUT
14,DiCE-kdtree,False,False,461.37589499994647,OK
14,UFCE-FF1,False,False,806.681172000026,OK
14,UFCE-FF2,False,False,2145.7063039999866,OK
14,UFCE-FF3,False,False,2301.730544000065,OK
15,DiCE,False,False,2147.636229999989,OK
15,DiCE-genetic,False,False,60046.1666409974,TIMEOUT
15,DiCE-kdtree,False,False,379.0001739980653,OK
15,UFCE-FF1,False,False,679.8601509999571,OK
15,UFCE-FF2,False,False,2139.3251980000514,OK
15,UFCE-FF3,False,False,1785.6750650000774,OK
16,DiCE,False,False,2211.6474259998995,OK
16,DiCE-genetic,False,False,60021.60151600037,TIMEOUT
16,DiCE-kdtree,False,False,426.9825449991913,OK
16,UFCE-FF1,False,False,255.8117749999837,OK
16,UFCE-FF2,False,False,2536.284901000045,OK
16,UFCE-FF3,False,False,1323.9377280001465,OK
17,DiCE,False,False,1427.9016949994912,OK
17,DiCE-genetic,False,False,60001.60835399947,TIMEOUT
17,DiCE-kdtree,False,False,325.9459949986194,OK
17,UFCE-FF1,False,False,364.4871319997946,OK
17,UFCE-FF2,False,False,1389.239783999983,OK
17,UFCE-FF3,False,False,1586.9710270003452,OK
18,DiCE,True,False,4884.423545000573,OK
18,DiCE-genetic,True,True,1670.716735003225,OK
18,DiCE-kdtree,False,False,313.82433800172294,OK
18,UFCE-FF1,False,False,409.51748400038923,OK
18,UFCE-FF2,False,False,1095.3123089993824,OK
18,UFCE-FF3,True,True,1639.0966070002833,OK
19,DiCE,True,False,14109.498526999914,OK
19,DiCE-genetic,True,True,21071.821367000666,OK
19,DiCE-kdtree,False,False,385.57004500034964,OK
19,UFCE-FF1,True,True,1473.9848090000576,OK
19,UFCE-FF2,True,True,3529.013362000001,OK
19,UFCE-FF3,False,False,2459.2790050000986,OK
20,DiCE,False,False,3606.3877510000566,OK
20,DiCE-genetic,False,False,60001.661097998294,TIMEOUT
20,DiCE-kdtree,False,False,460.85006700013764,OK
20,UFCE-FF1,False,False,344.1159340000013,OK
20,UFCE-FF2,False,False,1338.9234010001019,OK
20,UFCE-FF3,False,False,1462.326239000049,OK
21,DiCE,False,False,3644.123693999973,OK
21,DiCE-genetic,False,False,60028.71737699934,TIMEOUT
21,DiCE-kdtree,False,False,334.81709099942236,OK
21,UFCE-FF1,False,False,736.3094019999608,OK
21,UFCE-FF2,False,False,2436.7280960000244,OK
21,UFCE-FF3,False,False,2739.49215000016,OK
22,DiCE,False,False,3034.936362000053,OK
22,DiCE-genetic,False,False,60002.032923001025,TIMEOUT
22,DiCE-kdtree,False,False,379.70164800208295,OK
22,UFCE-FF1,False,False,733.5963069999707,OK
22,UFCE-FF2,False,False,2270.358600999998,OK
22,UFCE-FF3,False,False,1765.0032270000793,OK
23,DiCE,False,False,1423.3283840003423,OK
23,DiCE-genetic,False,False,60002.09988300048,TIMEOUT
23,DiCE-kdtree,False,False,270.9975449979538,OK
23,UFCE-FF1,False,False,323.65349200063065,OK
23,UFCE-FF2,False,False,949.6716840003501,OK
23,UFCE-FF3,False,False,1164.244332000635,OK
24,DiCE,True,False,3325.878147000367,OK
24,DiCE-genetic,True,True,2584.362396002689,OK
24,DiCE-kdtree,False,False,357.6022489942261,OK
24,UFCE-FF1,True,True,465.238275000047,OK
24,UFCE-FF2,True,True,1335.7501619993855,OK
24,UFCE-FF3,True,True,1436.347647999355,OK
25,DiCE,True,False,7237.491902999865,OK
25,DiCE-genetic,True,True,2592.837457999849,OK
25,DiCE-kdtree,False,False,372.46976300230017,OK
25,UFCE-FF1,True,True,1851.6098420000158,OK
25,UFCE-FF2,True,True,3646.969045000105,OK
25,UFCE-FF3,True,True,2441.3953880000463,OK
26,DiCE,False,False,1427.5195639993399,OK
26,DiCE-genetic,False,False,60028.22140399803,TIMEOUT
26,DiCE-kdtree,False,False,441.86181300028693,OK
26,UFCE-FF1,False,False,318.2312990002174,OK
26,UFCE-FF2,False,False,1207.2877769996921,OK
26,UFCE-FF3,False,False,1424.1863550005291,OK
27,DiCE,False,False,1434.6566359999995,OK
27,DiCE-genetic,False,False,60002.26011700033,TIMEOUT
27,DiCE-kdtree,False,False,366.273136001837,OK
27,UFCE-FF1,False,False,555.0795289999543,OK
27,UFCE-FF2,False,False,2199.6922440000617,OK
27,UFCE-FF3,False,False,2618.472204,OK
28,DiCE,False,False,3452.7588809999093,OK
28,DiCE-genetic,False,False,60001.90123399989,TIMEOUT
28,DiCE-kdtree,False,False,390.6804040016141,OK
28,UFCE-FF1,False,False,243.79063500009582,OK
28,UFCE-FF2,False,False,1805.2341369999567,OK
28,UFCE-FF3,False,False,2092.0860530000027,OK
29,DiCE,True,True,11681.692461999774,OK
29,DiCE-genetic,True,True,2339.2431089996535,OK
29,DiCE-kdtree,False,False,420.7807349994255,OK
29,UFCE-FF1,True,True,1429.9829990000032,OK
29,UFCE-FF2,False,False,2281.274795000172,OK
29,UFCE-FF3,True,True,1251.230883000062,OK
30,DiCE,False,False,2207.8560330000983,OK
30,DiCE-genetic,True,True,2253.8724479964003,OK
30,DiCE-kdtree,False,False,372.2819890026585,OK
30,UFCE-FF1,False,False,377.92187000013655,OK
30,UFCE-FF2,False,False,976.7872550000902,OK
30,UFCE-FF3,False,False,989.6393600001829,OK
31,DiCE,False,False,1367.5211680001667,OK
31,DiCE-genetic,False,False,60001.68286800181,TIMEOUT
31,DiCE-kdtree,False,False,290.0200889998814,OK
31,UFCE-FF1,False,False,263.96560500052146,OK
31,UFCE-FF2,False,False,1164.6500329998162,OK
31,UFCE-FF3,False,False,1048.9711629998055,OK
32,DiCE,False,False,1431.4176170000794,OK
32,DiCE-genetic,False,False,60002.03982600033,TIMEOUT
32,DiCE-kdtree,False,False,367.5028100005875,OK
32,UFCE-FF1,False,False,690.0394840000673,OK
32,UFCE-FF2,False,False,2011.2220500000146,OK
32,UFCE-FF3,False,False,111.79421600013485,OK
33,DiCE,False,False,1375.842061000185,OK
33,DiCE-genetic,False,False,60004.70604499969,TIMEOUT
33,DiCE-kdtree,False,False,449.92125899807434,OK
33,UFCE-FF1,False,False,848.5362820000546,OK
33,UFCE-FF2,False,False,999.7958399999333,OK
33,UFCE-FF3,False,False,1430.5805950000376,OK
34,DiCE,False,False,3530.0654160000704,OK
34,DiCE-genetic,False,False,60001.713032001135,TIMEOUT
34,DiCE-kdtree,False,False,305.3763869975228,OK
34,UFCE-FF1,False,False,354.30021199999834,OK
34,UFCE-FF2,False,False,1507.4876440003209,OK
34,UFCE-FF3,False,False,1644.4543659999908,OK
35,DiCE,False,False,6369.0167120003025,OK
35,DiCE-genetic,False,False,20070.908822999627,OK
35,DiCE-kdtree,False,False,380.8872360023088,OK
35,UFCE-FF1,False,False,469.56068100007536,OK
35,UFCE-FF2,False,False,1186.5519269999822,OK
35,UFCE-FF3,False,False,1666.4287929997954,OK
36,DiCE,False,False,3135.5695340007514,OK
36,DiCE-genetic,False,False,5070.879765997233,OK
36,DiCE-kdtree,False,False,495.4962219999288,OK
36,UFCE-FF1,False,False,286.0383669994917,OK
36,UFCE-FF2,False,False,1202.8151630001958,OK
36,UFCE-FF3,False,False,845.1969480001935,OK
37,DiCE,False,False,1435.0352159999604,OK
37,DiCE-genetic,False,False,60129.12230499933,TIMEOUT
37,DiCE-kdtree,False,False,375.97477400049684,OK
37,UFCE-FF1,False,False,788.8389690000395,OK
37,UFCE-FF2,False,False,2141.487811999923,OK
37,UFCE-FF3,False,False,1783.4677749999628,OK
38,DiCE,False,False,4351.170056999763,OK
38,DiCE-genetic,False,False,60001.61643799947,TIMEOUT
38,DiCE-kdtree,False,False,292.45688099763356,OK
38,UFCE-FF1,False,False,369.20916700000816,OK
38,UFCE-FF2,False,False,1430.9985609997966,OK
38,UFCE-FF3,False,False,1304.7709549996398,OK
39,DiCE,False,False,1433.6116119998223,OK
39,DiCE-genetic,False,False,60003.17337699926,TIMEOUT
39,DiCE-kdtree,False,False,439.6399770012067,OK
39,UFCE-FF1,False,False,865.530648999993,OK
39,UFCE-FF2,False,False,2301.4892840001266,OK
39,UFCE-FF3,False,False,2569.460606999883,OK
40,DiCE,False,False,1959.856834999755,OK
40,DiCE-genetic,False,False,60051.33366899827,TIMEOUT
40,DiCE-kdtree,False,False,385.56274300208315,OK
40,UFCE-FF1,False,False,308.58160200023116,OK
40,UFCE-FF2,False,False,1527.3776110002473,OK
40,UFCE-FF3,False,False,844.2541180002081,OK
41,DiCE,False,False,1438.4610450001676,OK
41,DiCE-genetic,False,False,60002.18548800149,TIMEOUT
41,DiCE-kdtree,False,False,431.8343619997904,OK
41,UFCE-FF1,False,False,405.10660600000386,OK
41,UFCE-FF2,False,False,1364.2538820001844,OK
41,UFCE-FF3,False,False,2262.7001799999107,OK
42,DiCE,False,False,4241.781166999999,OK
42,DiCE-genetic,False,False,60002.00537800083,TIMEOUT
42,DiCE-kdtree,False,False,623.7564199982444,OK
42,UFCE-FF1,False,False,887.1079069999722,OK
42,UFCE-FF2,False,False,2431.8593400000736,OK
42,UFCE-FF3,False,False,1595.1980209999874,OK
43,DiCE,True,False,4175.628489000246,OK
43,DiCE-genetic,True,True,2363.9858749993437,OK
43,DiCE-kdtree,False,False,383.04407200121204,OK
43,UFCE-FF1,True,True,1355.3342489999525,OK
43,UFCE-FF2,True,True,2986.323094999989,OK
43,UFCE-FF3,True,True,2935.770577000085,OK
44,DiCE,False,False,4266.479199000059,OK
44,DiCE-genetic,False,False,60002.90194400077,TIMEOUT
44,DiCE-kdtree,False,False,493.0258580025111,OK
44,UFCE-FF1,False,False,223.16738100005298,OK
44,UFCE-FF2,False,False,2347.675148999997,OK
44,UFCE-FF3,False,False,1230.4785119999906,OK
45,DiCE,False,False,14019.751986999836,OK
45,DiCE-genetic,False,False,60001.626559002034,TIMEOUT
45,DiCE-kdtree,False,False,394.31248199980473,OK
45,UFCE-FF1,False,False,315.64589099980367,OK
45,UFCE-FF2,False,False,1131.4472490003027,OK
45,UFCE-FF3,False,False,1064.1219549997913,OK
46,DiCE,False,False,4311.489499000118,OK
46,DiCE-genetic,False,False,60103.36920000009,TIMEOUT
46,DiCE-kdtree,False,False,409.55110699724173,OK
46,UFCE-FF1,False,False,523.0687219999481,OK
46,UFCE-FF2,False,False,1222.0432359999904,OK
46,UFCE-FF3,False,False,2099.419761000036,OK
47,DiCE,False,False,1424.8880710001686,OK
47,DiCE-genetic,False,False,60002.09199299934,TIMEOUT
47,DiCE-kdtree,False,False,337.0854770000733,OK
47,UFCE-FF1,False,False,801.5421149999611,OK
47,UFCE-FF2,False,False,3005.379024000149,OK
47,UFCE-FF3,False,False,2071.1488420001842,OK
48,DiCE,False,False,3419.1719109994665,OK
48,DiCE-genetic,False,False,60001.72022100014,TIMEOUT
48,DiCE-kdtree,False,False,420.3964389998873,OK
48,UFCE-FF1,False,False,326.5490050002882,OK
48,UFCE-FF2,False,False,1040.2002340001673,OK
48,UFCE-FF3,False,False,1002.9187080003794,OK
49,DiCE,False,False,1431.9554499998046,OK
49,DiCE-genetic,False,False,60048.16616300013,TIMEOUT
49,DiCE-kdtree,False,False,461.00580300117144,OK
49,UFCE-FF1,False,False,585.4997129999903,OK
49,UFCE-FF2,False,False,2406.4176719998613,OK
49,UFCE-FF3,False,False,883.6624440000377,OK
50,DiCE,False,False,3040.5304450005133,OK
50,DiCE-genetic,False,False,60001.99443100064,TIMEOUT
50,DiCE-kdtree,False,False,415.3144900010375,OK
50,UFCE-FF1,False,False,367.364261000148,OK
50,UFCE-FF2,False,False,1333.7699889998476,OK
50,UFCE-FF3,False,False,697.9601540001568,OK
51,DiCE,False,False,1658.8735089999318,OK
51,DiCE-genetic,False,False,60001.658197001234,TIMEOUT
51,DiCE-kdtree,False,False,327.9352639983699,OK
51,UFCE-FF1,False,False,288.85722400036684,OK
51,UFCE-FF2,False,False,1062.8191209998477,OK
51,UFCE-FF3,False,False,649.4818910000504,OK
52,DiCE,False,False,3949.27404200007,OK
52,DiCE-genetic,False,False,60001.98325600286,TIMEOUT
52,DiCE-kdtree,False,False,520.5526880017715,OK
52,UFCE-FF1,False,False,288.6378730004253,OK
52,UFCE-FF2,False,False,1613.1597610001336,OK
52,UFCE-FF3,False,False,1193.3945569999196,OK
53,DiCE,False,False,3605.2218579998225,OK
53,DiCE-genetic,False,False,60001.644809002755,TIMEOUT
53,DiCE-kdtree,False,False,431.47232699993765,OK
53,UFCE-FF1,False,False,271.1117489998287,OK
53,UFCE-FF2,False,False,1430.1177930001359,OK
53,UFCE-FF3,False,False,955.9570039996288,OK
54,DiCE,False,False,3995.7426149994717,OK
54,DiCE-genetic,False,False,60001.67437299751,TIMEOUT
54,DiCE-kdtree,False,False,365.18927900033304,OK
54,UFCE-FF1,False,False,358.9969690001453,OK
54,UFCE-FF2,False,False,1142.1412330000749,OK
54,UFCE-FF3,False,False,1850.7167320003646,OK
55,DiCE,False,False,3776.8368160004684,OK
55,DiCE-genetic,False,False,60001.71905699972,TIMEOUT
55,DiCE-kdtree,False,False,374.31942699913634,OK
55,UFCE-FF1,False,False,339.1262109998934,OK
55,UFCE-FF2,False,False,1794.8481939997691,OK
55,UFCE-FF3,False,False,1377.6383149997855,OK
56,DiCE,False,False,3806.502152000121,OK
56,DiCE-genetic,False,False,60001.89402200158,TIMEOUT
56,DiCE-kdtree,False,False,297.4338340027316,OK
56,UFCE-FF1,False,False,589.8941780000088,OK
56,UFCE-FF2,False,False,1851.276745000064,OK
56,UFCE-FF3,False,False,1870.3185189999656,OK
57,DiCE,False,False,2122.9542839992064,OK
57,DiCE-genetic,False,False,60001.66580400037,TIMEOUT
57,DiCE-kdtree,False,False,312.86685400118586,OK
57,UFCE-FF1,False,False,336.8510750001405,OK
57,UFCE-FF2,False,False,1735.2511179997236,OK
57,UFCE-FF3,False,False,1898.34524600019,OK
58,DiCE,False,False,1424.6613289997185,OK
58,DiCE-genetic,False,False,60002.21208400035,TIMEOUT
58,DiCE-kdtree,False,False,328.86552900163224,OK
58,UFCE-FF1,False,False,277.2924540004169,OK
58,UFCE-FF2,False,False,853.9883789999294,OK
58,UFCE-FF3,False,False,881.4662700006011,OK
59,DiCE,False,False,1444.8106700001513,OK
59,DiCE-genetic,False,False,60258.39932999952,TIMEOUT
59,DiCE-kdtree,False,False,459.01981800125213,OK
59,UFCE-FF1,False,False,594.34753000005,OK
59,UFCE-FF2,False,False,2211.947368999972,OK
59,UFCE-FF3,False,False,1322.153137999976,OK
60,DiCE,False,False,2250.5554250001296,OK
60,DiCE-genetic,False,False,60001.6227619999,TIMEOUT
60,DiCE-kdtree,False,False,375.09366200174554,OK
60,UFCE-FF1,False,False,345.9282130002066,OK
60,UFCE-FF2,False,False,1098.7504639997496,OK
60,UFCE-FF3,False,False,1922.9092549999223,OK
61,DiCE,False,False,3969.2884539999795,OK
61,DiCE-genetic,False,False,60002.414604998194,TIMEOUT
61,DiCE-kdtree,False,False,462.0306430006167,OK
61,UFCE-FF1,False,False,322.1898609999698,OK
61,UFCE-FF2,False,False,1243.4450420000758,OK
61,UFCE-FF3,False,False,1077.6097140001184,OK
62,DiCE,False,False,2797.8737690000344,OK
62,DiCE-genetic,False,False,60001.795808999304,TIMEOUT
62,DiCE-kdtree,False,False,277.04170099968906,OK
62,UFCE-FF1,False,False,318.76392599997416,OK
62,UFCE-FF2,False,False,1267.8587639998113,OK
62,UFCE-FF3,False,False,1078.1188170003588,OK
63,DiCE,True,False,5067.505145999803,OK
63,DiCE-genetic,True,True,2136.8108719998418,OK
63,DiCE-kdtree,False,False,297.31600000013714,OK
63,UFCE-FF1,True,True,1211.6855460000124,OK
63,UFCE-FF2,True,True,2785.753000000113,OK
63,UFCE-FF3,True,True,1589.9720790000629,OK
64,DiCE,False,False,1427.3083859998223,OK
64,DiCE-genetic,False,False,60114.77852199823,TIMEOUT
64,DiCE-kdtree,False,False,420.6776170030935,OK
64,UFCE-FF1,False,False,411.5862239999615,OK
64,UFCE-FF2,False,False,2115.2861369998845,OK
64,UFCE-FF3,False,False,2527.537359000007,OK
65,DiCE,False,False,11789.539020999655,OK
65,DiCE-genetic,True,True,1464.2094869996072,OK
65,DiCE-kdtree,False,False,422.44207199837547,OK
65,UFCE-FF1,False,False,346.9352660004006,OK
65,UFCE-FF2,False,False,982.5454110005012,OK
65,UFCE-FF3,False,False,1152.7095609999378,OK
66,DiCE,False,False,3175.1044160000674,OK
66,DiCE-genetic,False,False,60001.84523599819,TIMEOUT
66,DiCE-kdtree,False,False,348.0861410025682,OK
66,UFCE-FF1,False,False,369.8758300001828,OK
66,UFCE-FF2,False,False,1322.009135999906,OK
66,UFCE-FF3,False,False,1607.0978719999403,OK
67,DiCE,False,False,4226.394757999515,OK
67,DiCE-genetic,False,False,60001.587980001204,TIMEOUT
67,DiCE-kdtree,False,False,387.32084699950065,OK
67,UFCE-FF1,False,False,365.97538800015167,OK
67,UFCE-FF2,False,False,1501.7966939999496,OK
67,UFCE-FF3,False,False,1758.819363999919,OK
68,DiCE,False,False,2532.4864210006126,OK
68,DiCE-genetic,False,False,60001.619361999474,TIMEOUT
68,DiCE-kdtree,False,False,487.19522600003984,OK
68,UFCE-FF1,False,False,338.65145600020696,OK
68,UFCE-FF2,False,False,1137.9286350002076,OK
68,UFCE-FF3,False,False,1065.8205469999302,OK
69,DiCE,False,False,3908.137231999717,OK
69,DiCE-genetic,False,False,60001.65861400092,TIMEOUT
69,DiCE-kdtree,False,False,346.8326040019747,OK
69,UFCE-FF1,False,False,322.49750999972093,OK
69,UFCE-FF2,False,False,1103.9067409997187,OK
69,UFCE-FF3,False,False,1250.0363479998668,OK
70,DiCE,False,False,3114.4350109998413,OK
70,DiCE-genetic,False,False,20750.493764004204,OK
70,DiCE-kdtree,False,False,305.0810510030715,OK
70,UFCE-FF1,False,False,293.11644099925616,OK
70,UFCE-FF2,False,False,1489.9247679995824,OK
70,UFCE-FF3,False,False,1452.6966550001816,OK
71,DiCE,False,False,1446.992087000126,OK
71,DiCE-genetic,False,False,60001.963793998584,TIMEOUT
71,DiCE-kdtree,False,False,613.8616839998576,OK
71,UFCE-FF1,False,False,238.6934360000623,OK
71,UFCE-FF2,False,False,2222.100902999955,OK
71,UFCE-FF3,False,False,2406.4050970000612,OK
72,DiCE,True,False,2528.879571000289,OK
72,DiCE-genetic,True,True,1867.8674129987485,OK
72,DiCE-kdtree,False,False,354.93846199824475,OK
72,UFCE-FF1,True,True,1204.4041130000094,OK
72,UFCE-FF2,True,True,2778.4468920001477,OK
72,UFCE-FF3,True,True,2964.4546560000435,OK
73,DiCE,False,False,6999.081716000546,OK
73,DiCE-genetic,False,False,2363.323233999836,OK
73,DiCE-kdtree,False,False,578.1107319999137,OK
73,UFCE-FF1,False,False,425.7561300000816,OK
73,UFCE-FF2,False,False,1374.5266460000494,OK
73,UFCE-FF3,False,False,1080.5398909997166,OK
74,DiCE,True,False,5759.976770000321,OK
74,DiCE-genetic,True,True,1446.6127390041947,OK
74,DiCE-kdtree,False,False,327.8655570029514,OK
74,UFCE-FF1,True,True,427.41158999979234,OK
74,UFCE-FF2,True,True,1548.8077059999341,OK
74,UFCE-FF3,True,True,1285.1005870006702,OK
75,DiCE,True,False,22451.856487999976,OK
75,DiCE-genetic,True,True,1602.832472002774,OK
75,DiCE-kdtree,False,False,294.4748560039443,OK
75,UFCE-FF1,True,True,438.4699649999675,OK
75,UFCE-FF2,True,True,1685.4943380003533,OK
75,UFCE-FF3,True,True,933.7423050001235,OK
76,DiCE,True,True,2738.058054999783,OK
76,DiCE-genetic,True,True,3799.902058999578,OK
76,DiCE-kdtree,False,False,404.4683399988571,OK
76,UFCE-FF1,True,True,397.16313400003855,OK
76,UFCE-FF2,False,False,810.0053350008238,OK
76,UFCE-FF3,False,False,1023.6734560003242,OK
77,DiCE,False,False,3598.9803700003904,OK
77,DiCE-genetic,False,False,60001.55687200095,TIMEOUT
77,DiCE-kdtree,False,False,414.7217739991902,OK
77,UFCE-FF1,False,False,351.4994049996858,OK
77,UFCE-FF2,False,False,1344.4780849999916,OK
77,UFCE-FF3,False,False,932.9719209999894,OK
78,DiCE,False,False,1467.1298949997436,OK
78,DiCE-genetic,False,False,60002.25787499949,TIMEOUT
78,DiCE-kdtree,False,False,387.49270999687724,OK
78,UFCE-FF1,False,False,324.762193999959,OK
78,UFCE-FF2,False,False,939.2018270000335,OK
78,UFCE-FF3,False,False,902.4466139999276,OK
79,DiCE,True,False,4196.035472999938,OK
79,DiCE-genetic,True,True,1752.1709380016546,OK
79,DiCE-kdtree,False,False,317.953811994812,OK
79,UFCE-FF1,True,True,461.6522209998948,OK
79,UFCE-FF2,True,True,1099.680086999797,OK
79,UFCE-FF3,True,True,1185.202702999959,OK
80,DiCE,False,False,3593.554703999871,OK
80,DiCE-genetic,False,False,60001.75066999873,TIMEOUT
80,DiCE-kdtree,False,False,536.4420439982496,OK
80,UFCE-FF1,False,False,414.8598629999469,OK
80,UFCE-FF2,False,False,1303.2644780000737,OK
80,UFCE-FF3,False,False,1018.5948549997192,OK
81,DiCE,True,False,54699.497893999935,OK
81,DiCE-genetic,True,True,1970.2580110006238,OK
81,DiCE-kdtree,False,False,388.42057699730503,OK
81,UFCE-FF1,True,True,868.160104000026,OK
81,UFCE-FF2,True,True,2124.1058819999807,OK
81,UFCE-FF3,True,True,2651.3413109998965,OK
82,DiCE,False,False,1457.341610000185,OK
82,DiCE-genetic,False,False,60001.91839099898,TIMEOUT
82,DiCE-kdtree,False,False,537.4124800000573,OK
82,UFCE-FF1,False,False,748.6115850000486,OK
82,UFCE-FF2,False,False,1866.1744989999534,OK
82,UFCE-FF3,False,False,1979.010492000043,OK
83,DiCE,False,False,1386.6955359999338,OK
83,DiCE-genetic,False,False,60001.53879500431,TIMEOUT
83,DiCE-kdtree,False,False,456.2130310005159,OK
83,UFCE-FF1,False,False,287.12045200063585,OK
83,UFCE-FF2,False,False,989.7357100007866,OK
83,UFCE-FF3,False,False,1500.4407890000948,OK
84,DiCE,True,False,4085.1105219999226,OK
84,DiCE-genetic,True,True,3091.8105210002977,OK
84,DiCE-kdtree,False,False,314.44618300156435,OK
84,UFCE-FF1,True,True,444.360806000077,OK
84,UFCE-FF2,True,True,1555.8679000005213,OK
84,UFCE-FF3,True,True,1194.0648480003802,OK
85,DiCE,False,False,3214.6375199999966,OK
85,DiCE-genetic,False,False,60001.824889997806,TIMEOUT
85,DiCE-kdtree,False,False,398.34398600214627,OK
85,UFCE-FF1,False,False,295.1807800000097,OK
85,UFCE-FF2,False,False,1276.3522310001463,OK
85,UFCE-FF3,False,False,1608.964553000078,OK
86,DiCE,False,False,1636.986090999926,OK
86,DiCE-genetic,False,False,60070.24562800143,TIMEOUT
86,DiCE-kdtree,False,False,266.1569039992173,OK
86,UFCE-FF1,False,False,269.792506000158,OK
86,UFCE-FF2,False,False,1403.795786000046,OK
86,UFCE-FF3,False,False,1009.3982529997447,OK
87,DiCE,False,False,1418.756074999692,OK
87,DiCE-genetic,False,False,60001.562032004585,TIMEOUT
87,DiCE-kdtree,False,False,358.3082129989634,OK
87,UFCE-FF1,False,False,264.6826320005857,OK
87,UFCE-FF2,False,False,952.6973379997798,OK
87,UFCE-FF3,False,False,772.2420760001114,OK
88,DiCE,True,True,5561.342280000191,OK
88,DiCE-genetic,True,True,4605.347853001149,OK
88,DiCE-kdtree,False,False,632.9308120002679,OK
88,UFCE-FF1,True,True,1016.1881799999719,OK
88,UFCE-FF2,True,True,1659.1037840000809,OK
88,UFCE-FF3,False,False,887.0180090000304,OK
89,DiCE,False,False,3000.9351419994346,OK
89,DiCE-genetic,False,False,60001.61040999956,TIMEOUT
89,DiCE-kdtree,False,False,365.6264189994545,OK
89,UFCE-FF1,False,False,352.4930309999945,OK
89,UFCE-FF2,False,False,1243.9681410000958,OK
89,UFCE-FF3,False,False,1409.342707000178,OK
90,DiCE,False,False,1452.6257029997394,OK
90,DiCE-genetic,False,False,60002.499782000086,TIMEOUT
90,DiCE-kdtree,False,False,441.16078399747494,OK
90,UFCE-FF1,False,False,258.31221200007803,OK
90,UFCE-FF2,False,False,2763.1010720001536,OK
90,UFCE-FF3,False,False,2606.624729000032,OK
91,DiCE,False,False,1415.670905999832,OK
91,DiCE-genetic,False,False,60001.704437003355,TIMEOUT
91,DiCE-kdtree,False,False,391.6431800025748,OK
91,UFCE-FF1,False,False,295.762022999952,OK
91,UFCE-FF2,False,False,854.1124640005364,OK
91,UFCE-FF3,False,False,532.2670569994443,OK
92,DiCE,False,False,3128.1501729999945,OK
92,DiCE-genetic,False,False,60001.71884900192,TIMEOUT
92,DiCE-kdtree,False,False,422.68565599806607,OK
92,UFCE-FF1,False,False,330.01131199989686,OK
92,UFCE-FF2,False,False,1443.326247999721,OK
92,UFCE-FF3,False,False,1827.4931719997767,OK
93,DiCE,False,False,1414.8655730004975,OK
93,DiCE-genetic,False,False,60001.63517599867,TIMEOUT
93,DiCE-kdtree,False,False,384.28956900315825,OK
93,UFCE-FF1,False,False,297.0889079997505,OK
93,UFCE-FF2,False,False,869.1167719998703,OK
93,UFCE-FF3,False,False,1641.1152020000372,OK
94,DiCE,False,False,1467.66356299986,OK
94,DiCE-genetic,False,False,60001.70641600016,TIMEOUT
94,DiCE-kdtree,False,False,407.1880709998368,OK
94,UFCE-FF1,False,False,318.9275639999778,OK
94,UFCE-FF2,False,False,2761.0846049999514,OK
94,UFCE-FF3,False,False,2566.4915219999784,OK
95,DiCE,False,False,1425.2050019999842,OK
95,DiCE-genetic,False,False,60073.644701002195,TIMEOUT
95,DiCE-kdtree,False,False,378.23632300205645,OK
95,UFCE-FF1,False,False,534.5461360000172,OK
95,UFCE-FF2,False,False,2732.7890359999856,OK
95,UFCE-FF3,False,False,2977.9948440000226,OK
96,DiCE,False,False,1482.7204419998452,OK
96,DiCE-genetic,False,False,60001.62785500288,TIMEOUT
96,DiCE-kdtree,False,False,279.55038499931106,OK
96,UFCE-FF1,False,False,279.4004829993355,OK
96,UFCE-FF2,False,False,1423.243313999592,OK
96,UFCE-FF3,False,False,840.316449999591,OK
97,DiCE,False,False,1457.795057000112,OK
97,DiCE-genetic,False,False,60002.031799998804,TIMEOUT
97,DiCE-kdtree,False,False,514.7158649997436,OK
97,UFCE-FF1,False,False,222.62278899995638,OK
97,UFCE-FF2,False,False,2184.167421999973,OK
97,UFCE-FF3,False,False,2481.737711000051,OK
98,DiCE,False,False,3762.450875000013,OK
98,DiCE-genetic,False,False,60001.640228001634,TIMEOUT
98,DiCE-kdtree,False,False,376.11321700023836,OK
98,UFCE-FF1,False,False,380.09676199999376,OK
98,UFCE-FF2,False,False,1282.2370379999484,OK
98,UFCE-FF3,False,False,1383.6950380000417,OK
99,DiCE,False,False,1431.3962169999286,OK
99,DiCE-genetic,False,False,60027.39305799878,TIMEOUT
99,DiCE-kdtree,False,False,509.16018299903953,OK
99,UFCE-FF1,False,False,480.7067960000495,OK
99,UFCE-FF2,False,False,2307.186321000017,OK
99,UFCE-FF3,False,False,1790.9997399999609,OK
100,DiCE,False,False,3219.2190380001193,OK
100,DiCE-genetic,False,False,60001.82691499867,TIMEOUT
100,DiCE-kdtree,False,False,411.75404699970386,OK
100,UFCE-FF1,False,False,341.3248219999332,OK
100,UFCE-FF2,False,False,1600.214077000146,OK
100,UFCE-FF3,False,False,1722.3221010003726,OK
101,DiCE,False,False,3929.2764259998876,OK
101,DiCE-genetic,False,False,60001.77409200114,TIMEOUT
101,DiCE-kdtree,False,False,472.36395299842115,OK
101,UFCE-FF1,False,False,357.4426039999708,OK
101,UFCE-FF2,False,False,1437.9656799997065,OK
101,UFCE-FF3,False,False,1438.0603919998975,OK
102,DiCE,False,False,3718.2790690003458,OK
102,DiCE-genetic,False,False,60001.73424999957,TIMEOUT
102,DiCE-kdtree,False,False,466.1724320030771,OK
102,UFCE-FF1,False,False,547.1321919999356,OK
102,UFCE-FF2,False,False,1558.726846999889,OK
102,UFCE-FF3,False,False,1607.3719449996133,OK
103,DiCE,False,False,1462.1869090001385,OK
103,DiCE-genetic,False,False,60001.85633000001,TIMEOUT
103,DiCE-kdtree,False,False,575.6671880008071,OK
103,UFCE-FF1,False,False,260.86121100001947,OK
103,UFCE-FF2,False,False,2757.0967399999518,OK
103,UFCE-FF3,False,False,2194.5380710001245,OK
104,DiCE,False,False,8029.874959999688,OK
104,DiCE-genetic,False,False,1717.3547019992839,OK
104,DiCE-kdtree,False,False,356.7103139939718,OK
104,UFCE-FF1,False,False,282.3588599994764,OK
104,UFCE-FF2,False,False,1172.4129530002756,OK
104,UFCE-FF3,False,False,1345.8782919997248,OK
105,DiCE,False,False,4202.559899999869,OK
105,DiCE-genetic,False,False,60001.74680700002,TIMEOUT
105,DiCE-kdtree,False,False,335.2790900025866,OK
105,UFCE-FF1,False,False,535.0991539999086,OK
105,UFCE-FF2,False,False,1297.2682730000997,OK
105,UFCE-FF3,False,False,1590.6810770002267,OK
106,DiCE,False,False,1915.1910929999758,OK
106,DiCE-genetic,False,False,60001.62360499962,TIMEOUT
106,DiCE-kdtree,False,False,335.34653399692615,OK
106,UFCE-FF1,False,False,257.8187189997152,OK
106,UFCE-FF2,False,False,1269.1717620000418,OK
106,UFCE-FF3,False,False,1147.9106050001064,OK
107,DiCE,False,False,4307.78740300002,OK
107,DiCE-genetic,False,False,60069.78237600015,TIMEOUT
107,DiCE-kdtree,False,False,544.2531819971919,OK
107,UFCE-FF1,False,False,495.9223539999583,OK
107,UFCE-FF2,False,False,2225.649770000018,OK
107,UFCE-FF3,False,False,2854.9357220001643,OK
108,DiCE,False,False,3567.027791000101,OK
108,DiCE-genetic,False,False,60015.98314599869,TIMEOUT
108,DiCE-kdtree,False,False,443.0944619998627,OK
108,UFCE-FF1,False,False,906.7337699999597,OK
108,UFCE-FF2,False,False,1870.2592480000246,OK
108,UFCE-FF3,False,False,1632.5958840000112,OK
109,DiCE,False,False,1435.7222910002747,OK
109,DiCE-genetic,False,False,60173.90421699929,TIMEOUT
109,DiCE-kdtree,False,False,511.1108040000545,OK
109,UFCE-FF1,False,False,741.8738890000895,OK
109,UFCE-FF2,False,False,1569.7005389999956,OK
109,UFCE-FF3,False,False,2713.2840179999675,OK
110,DiCE,False,False,2591.4277430001675,OK
110,DiCE-genetic,False,False,60001.58395499966,TIMEOUT
110,DiCE-kdtree,False,False,375.59542899907683,OK
110,UFCE-FF1,False,False,297.5373059998674,OK
110,UFCE-FF2,False,False,1342.3389869999482,OK
110,UFCE-FF3,False,False,1148.8545130000603,OK
111,DiCE,False,False,4371.144049000577,OK
111,DiCE-genetic,False,False,3921.0908789973473,OK
111,DiCE-kdtree,False,False,314.105630000995,OK
111,UFCE-FF1,False,False,316.10828199973184,OK
111,UFCE-FF2,False,False,1044.9742060000062,OK
111,UFCE-FF3,False,False,852.766273999805,OK
112,DiCE,False,False,3889.1490759997396,OK
112,DiCE-genetic,False,False,60001.56650400095,TIMEOUT
112,DiCE-kdtree,False,False,302.45829799969215,OK
112,UFCE-FF1,False,False,310.04080599996087,OK
112,UFCE-FF2,False,False,1035.4582879999725,OK
112,UFCE-FF3,False,False,1503.3292690000053,OK
113,DiCE,False,False,3190.0651059995653,OK
113,DiCE-genetic,False,False,60001.60589600273,TIMEOUT
113,DiCE-kdtree,False,False,331.5001939990907,OK
113,UFCE-FF1,False,False,313.18307099991216,OK
113,UFCE-FF2,False,False,864.7452830000475,OK
113,UFCE-FF3,False,False,873.9755460001106,OK
114,DiCE,False,False,3728.8962799993897,OK
114,DiCE-genetic,True,True,1111.5169599943329,OK
114,DiCE-kdtree,False,False,312.042854995525,OK
114,UFCE-FF1,False,False,355.6716060002145,OK
114,UFCE-FF2,False,False,883.5290420001911,OK
114,UFCE-FF3,False,False,1217.3763319997306,OK
115,DiCE,False,False,2048.800812999616,OK
115,DiCE-genetic,False,False,60001.61940199905,TIMEOUT
115,DiCE-kdtree,False,False,390.1704370000516,OK
115,UFCE-FF1,False,False,317.3675899997761,OK
115,UFCE-FF2,False,False,896.8125880001026,OK
115,UFCE-FF3,False,False,820.8510350004872,OK
116,DiCE,True,False,16019.563615999687,OK
116,DiCE-genetic,True,True,1543.4294149999914,OK
116,DiCE-kdtree,False,False,361.18533899934846,OK
116,UFCE-FF1,True,True,470.78789199986204,OK
116,UFCE-FF2,True,True,1354.1109629995844,OK
116,UFCE-FF3,True,True,2161.7858820000038,OK
117,DiCE,False,False,1441.0556289999474,OK
117,DiCE-genetic,False,False,60011.031788000764,TIMEOUT
117,DiCE-kdtree,False,False,328.97895499991137,OK
117,UFCE-FF1,False,False,772.2162029999707,OK
117,UFCE-FF2,False,False,2333.005415000116,OK
117,UFCE-FF3,False,False,2629.353717000185,OK
118,DiCE,False,False,3575.2185960000133,OK
118,DiCE-genetic,False,False,60001.66922599965,TIMEOUT
118,DiCE-kdtree,False,False,397.46551400094177,OK
118,UFCE-FF1,False,False,364.18301499998046,OK
118,UFCE-FF2,False,False,1332.5804210003298,OK
118,UFCE-FF3,False,False,1039.190693999899,OK
119,DiCE,False,False,4228.784996000286,OK
119,DiCE-genetic,False,False,60001.672747002885,TIMEOUT
119,DiCE-kdtree,False,False,398.64700899852323,OK
119,UFCE-FF1,False,False,300.9718779999276,OK
119,UFCE-FF2,False,False,1608.2433759997912,OK
119,UFCE-FF3,False,False,1356.6355040002236,OK
120,DiCE,True,False,4391.196073999936,OK
120,DiCE-genetic,True,True,42556.87345399929,OK
120,DiCE-kdtree,False,False,560.6566829992516,OK
120,UFCE-FF1,False,False,693.3371750000107,OK
120,UFCE-FF2,False,False,1473.8211839999167,OK
120,UFCE-FF3,False,False,2635.163970000121,OK
121,DiCE,False,False,1431.5302830000294,OK
121,DiCE-genetic,False,False,60002.35341000007,TIMEOUT
121,DiCE-kdtree,False,False,522.41094800047,OK
121,UFCE-FF1,False,False,662.1140590000323,OK
121,UFCE-FF2,False,False,1898.9913920001984,OK
121,UFCE-FF3,False,False,1492.9502370000591,OK
122,DiCE,False,False,1422.6947160000234,OK
122,DiCE-genetic,False,False,60049.865676999616,TIMEOUT
122,DiCE-kdtree,False,False,421.65347400077735,OK
122,UFCE-FF1,False,False,310.07819599994946,OK
122,UFCE-FF2,False,False,2637.108114000057,OK
122,UFCE-FF3,False,False,3246.1350309999943,OK
123,DiCE,False,False,1435.0898550001148,OK
123,DiCE-genetic,False,False,60054.81199899987,TIMEOUT
123,DiCE-kdtree,False,False,429.43905900028767,OK
123,UFCE-FF1,False,False,1030.87090300005,OK
123,UFCE-FF2,False,False,1478.5773280000283,OK
123,UFCE-FF3,False,False,2231.143711999948,OK
124,DiCE,False,False,1437.935312999798,OK
124,DiCE-genetic,False,False,60020.79015699928,TIMEOUT
124,DiCE-kdtree,False,False,369.34900599953835,OK
124,UFCE-FF1,False,False,642.27202699999,OK
124,UFCE-FF2,False,False,2155.89167600001,OK
124,UFCE-FF3,False,False,1902.325755999982,OK
125,DiCE,False,False,1425.8128569999826,OK
125,DiCE-genetic,False,False,60001.54269799532,TIMEOUT
125,DiCE-kdtree,False,False,367.99870299728354,OK
125,UFCE-FF1,False,False,300.3181529993526,OK
125,UFCE-FF2,False,False,1108.5892930004775,OK
125,UFCE-FF3,False,False,840.9534490001533,OK
126,DiCE,False,False,3244.1269920000195,OK
126,DiCE-genetic,False,False,60001.90793500042,TIMEOUT
126,DiCE-kdtree,False,False,417.29495199979283,OK
126,UFCE-FF1,False,False,692.1109940000179,OK
126,UFCE-FF2,False,False,2723.308809000059,OK
126,UFCE-FF3,False,False,2101.8281449998995,OK
127,DiCE,False,False,1444.6823880002742,OK
127,DiCE-genetic,False,False,60030.55378600038,TIMEOUT
127,DiCE-kdtree,False,False,384.82204799947795,OK
127,UFCE-FF1,False,False,609.9102690000109,OK
127,UFCE-FF2,False,False,2195.4058130002068,OK
127,UFCE-FF3,False,False,2633.0629279998448,OK
128,DiCE,False,False,1427.1977779999359,OK
128,DiCE-genetic,False,False,60002.01848799952,TIMEOUT
128,DiCE-kdtree,False,False,372.6593850005884,OK
128,UFCE-FF1,False,False,895.3959149999947,OK
128,UFCE-FF2,False,False,865.930513999956,OK
128,UFCE-FF3,False,False,1692.7234560000672,OK
129,DiCE,False,False,4022.3279179999736,OK
129,DiCE-genetic,False,False,60005.45664799938,TIMEOUT
129,DiCE-kdtree,False,False,379.9689669976942,OK
129,UFCE-FF1,False,False,252.30532500017944,OK
129,UFCE-FF2,False,False,1314.8229220000758,OK
129,UFCE-FF3,False,False,753.9066160002221,OK
130,DiCE,True,True,1287.2177019999071,OK
130,DiCE-genetic,True,False,60001.57737900008,TIMEOUT
130,DiCE-kdtree,False,False,511.39102000161074,OK
130,UFCE-FF1,False,False,282.23656299996946,OK
130,UFCE-FF2,False,False,1295.3202690005128,OK
130,UFCE-FF3,False,False,921.2865009994857,OK
131,DiCE,False,False,1372.4059039996064,OK
131,DiCE-genetic,False,False,60002.14000899723,TIMEOUT
131,DiCE-kdtree,False,False,447.9726950012264,OK
131,UFCE-FF1,False,False,322.4518179995357,OK
131,UFCE-FF2,False,False,1253.0556470001102,OK
131,UFCE-FF3,False,False,630.1373989999774,OK
132,DiCE,True,False,2387.527652999779,OK
132,DiCE-genetic,True,True,1700.6454550009948,OK
132,DiCE-kdtree,False,False,448.15092199860374,OK
132,UFCE-FF1,True,True,407.80669799994484,OK
132,UFCE-FF2,True,True,2716.773132000071,OK
132,UFCE-FF3,True,True,1459.2108990000268,OK
133,DiCE,False,False,17106.365683999684,OK
133,DiCE-genetic,False,False,1702.5317289990198,OK
133,DiCE-kdtree,False,False,415.99072399912984,OK
133,UFCE-FF1,False,False,397.70702299983896,OK
133,UFCE-FF2,False,False,1638.9483749999272,OK
133,UFCE-FF3,False,False,1943.8005150000208,OK
134,DiCE,False,False,1416.8594400002805,OK
134,DiCE-genetic,False,False,20821.53944899983,OK
134,DiCE-kdtree,False,False,391.496971999004,OK
134,UFCE-FF1,False,False,570.8354130000544,OK
134,UFCE-FF2,False,False,2297.6369410000643,OK
134,UFCE-FF3,False,False,2157.5079910001027,OK
135,DiCE,False,False,10327.621784000257,OK
135,DiCE-genetic,True,True,2286.5445669958717,OK
135,DiCE-kdtree,False,False,323.1791799989878,OK
135,UFCE-FF1,False,False,327.9688120001083,OK
135,UFCE-FF2,False,False,1056.6619800001718,OK
135,UFCE-FF3,False,False,1301.9258029999037,OK
136,DiCE,False,False,1389.4746019996091,OK
136,DiCE-genetic,False,False,60003.41435500013,TIMEOUT
136,DiCE-kdtree,False,False,332.693210002617,OK
136,UFCE-FF1,False,False,295.4162099995301,OK
136,UFCE-FF2,False,False,847.4122289999286,OK
136,UFCE-FF3,False,False,842.1330150003996,OK
137,DiCE,False,False,3850.97774300084,OK
137,DiCE-genetic,False,False,60001.77197899757,TIMEOUT
137,DiCE-kdtree,False,False,301.1295850010356,OK
137,UFCE-FF1,False,False,370.7941050001864,OK
137,UFCE-FF2,False,False,1525.4346170004283,OK
137,UFCE-FF3,False,False,1092.8844090003622,OK
138,DiCE,False,False,1480.2727199999026,OK
138,DiCE-genetic,False,False,60001.812046999476,TIMEOUT
138,DiCE-kdtree,False,False,377.27876500139246,OK
138,UFCE-FF1,False,False,444.9213149999877,OK
138,UFCE-FF2,False,False,2714.270699000053,OK
138,UFCE-FF3,False,False,1438.1791660000547,OK
139,DiCE,False,False,1433.519339999748,OK
139,DiCE-genetic,False,False,60002.17406899901,TIMEOUT
139,DiCE-kdtree,False,False,357.99135900015244,OK
139,UFCE-FF1,False,False,456.25688399991293,OK
139,UFCE-FF2,False,False,2578.927889000169,OK
139,UFCE-FF3,False,False,3278.0106370000794,OK
140,DiCE,False,False,4093.658681999841,OK
140,DiCE-genetic,False,False,60001.74879699989,TIMEOUT
140,DiCE-kdtree,False,False,343.2177229988156,OK
140,UFCE-FF1,False,False,294.352205999985,OK
140,UFCE-FF2,False,False,1259.255825999844,OK
140,UFCE-FF3,False,False,1789.9096579999423,OK
141,DiCE,False,False,1439.3357109997849,OK
141,DiCE-genetic,False,False,60002.28801099911,TIMEOUT
141,DiCE-kdtree,False,False,374.798187000124,OK
141,UFCE-FF1,False,False,755.3909830000975,OK
141,UFCE-FF2,False,False,2104.513192000013,OK
141,UFCE-FF3,False,False,1472.0919610001602,OK
142,DiCE,False,False,10511.698262999744,OK
142,DiCE-genetic,False,False,20672.392950000358,OK
142,DiCE-kdtree,False,False,350.1841980032623,OK
142,UFCE-FF1,False,False,320.70361800015235,OK
142,UFCE-FF2,False,False,839.8174379999546,OK
142,UFCE-FF3,False,False,1554.4806889993197,OK
143,DiCE,False,False,3847.938452000108,OK
143,DiCE-genetic,False,False,60086.02526100003,TIMEOUT
143,DiCE-kdtree,False,False,375.1378859997203,OK
143,UFCE-FF1,False,False,569.0809320000199,OK
143,UFCE-FF2,False,False,2245.417126000006,OK
143,UFCE-FF3,False,False,2932.244839000077,OK
144,DiCE,False,False,3800.52482300016,OK
144,DiCE-genetic,False,False,60001.62241200087,TIMEOUT
144,DiCE-kdtree,False,False,404.11221099930117,OK
144,UFCE-FF1,False,False,356.476339999972,OK
144,UFCE-FF2,False,False,1708.0988540001272,OK
144,UFCE-FF3,False,False,2031.6233210000973,OK
145,DiCE,True,True,2035.7678929995018,OK
145,DiCE-genetic,False,False,20538.512384002388,OK
145,DiCE-kdtree,False,False,396.63233399915043,OK
145,UFCE-FF1,True,True,400.9381600008055,OK
145,UFCE-FF2,True,True,1002.2688369999742,OK
145,UFCE-FF3,False,False,604.9481850004668,OK
146,DiCE,False,False,1435.1629730003879,OK
146,DiCE-genetic,False,False,20600.261036997836,OK
146,DiCE-kdtree,False,False,392.9677179985447,OK
146,UFCE-FF1,False,False,1067.553088000068,OK
146,UFCE-FF2,False,False,2594.3228700000423,OK
146,UFCE-FF3,False,False,2116.310923000128,OK
147,DiCE,False,False,1435.4086329999518,OK
147,DiCE-genetic,False,False,60001.94388300042,TIMEOUT
147,DiCE-kdtree,False,False,482.56146000130684,OK
147,UFCE-FF1,False,False,775.9577919999856,OK
147,UFCE-FF2,False,False,2289.156794000064,OK
147,UFCE-FF3,False,False,1873.401344000058,OK
148,DiCE,False,False,2207.733418999851,OK
148,DiCE-genetic,False,False,60001.74507299744,TIMEOUT
148,DiCE-kdtree,False,False,330.48287899873685,OK
148,UFCE-FF1,False,False,286.41205599979,OK
148,UFCE-FF2,False,False,1158.2252700000026,OK
148,UFCE-FF3,False,False,1035.1371619999554,OK
149,DiCE,False,False,2639.0966499993738,OK
149,DiCE-genetic,False,False,60001.79851800203,TIMEOUT
149,DiCE-kdtree,False,False,370.5969570000889,OK
149,UFCE-FF1,False,False,313.7310530000832,OK
149,UFCE-FF2,False,False,1053.2203319999098,OK
149,UFCE-FF3,False,False,1516.246393000074,OK
150,DiCE,False,False,2597.442834000049,OK
150,DiCE-genetic,False,False,60069.72306600073,TIMEOUT
150,DiCE-kdtree,False,False,365.7598419995338,OK
150,UFCE-FF1,False,False,665.5769940000482,OK
150,UFCE-FF2,False,False,2130.959907000033,OK
150,UFCE-FF3,False,False,2354.457598999943,OK
151,DiCE,False,False,1453.7734959999398,OK
151,DiCE-genetic,False,False,60002.132343000994,TIMEOUT
151,DiCE-kdtree,False,False,473.4858550000354,OK
151,UFCE-FF1,False,False,552.9468589999168,OK
151,UFCE-FF2,False,False,2403.235125000037,OK
151,UFCE-FF3,False,False,986.6255020001519,OK
152,DiCE,False,False,1421.3931599997522,OK
152,DiCE-genetic,False,False,60001.59436499962,TIMEOUT
152,DiCE-kdtree,False,False,318.641846999526,OK
152,UFCE-FF1,False,False,306.26426199978596,OK
152,UFCE-FF2,False,False,1310.4662680007095,OK
152,UFCE-FF3,False,False,1669.0559879998546,OK
153,DiCE,False,False,6752.547865000452,OK
153,DiCE-genetic,False,False,2257.216715006507,OK
153,DiCE-kdtree,False,False,377.3373450021609,OK
153,UFCE-FF1,False,False,405.5465860001277,OK
153,UFCE-FF2,False,False,1113.4297340004196,OK
153,UFCE-FF3,False,False,956.9429450002644,OK
154,DiCE,False,False,4000.9827310004766,OK
154,DiCE-genetic,False,False,60001.85115700151,TIMEOUT
154,DiCE-kdtree,False,False,372.0423769991612,OK
154,UFCE-FF1,False,False,336.94767800034236,OK
154,UFCE-FF2,False,False,804.3401310001173,OK
154,UFCE-FF3,False,False,1962.1541989999969,OK
155,DiCE,False,False,1411.5236859997822,OK
155,DiCE-genetic,False,False,60001.988538999285,TIMEOUT
155,DiCE-kdtree,False,False,560.9479720005766,OK
155,UFCE-FF1,False,False,425.89178600019295,OK
155,UFCE-FF2,False,False,1198.107752999931,OK
155,UFCE-FF3,False,False,1656.2563640000008,OK
156,DiCE,False,False,1417.4253010005486,OK
156,DiCE-genetic,False,False,60001.603005002835,TIMEOUT
156,DiCE-kdtree,False,False,340.10569599922746,OK
156,UFCE-FF1,False,False,286.8145309994361,OK
156,UFCE-FF2,False,False,895.6619309992675,OK
156,UFCE-FF3,False,False,818.4805850005432,OK
157,DiCE,False,False,4707.610062000185,OK
157,DiCE-genetic,False,False,60062.91340600001,TIMEOUT
157,DiCE-kdtree,False,False,448.690933000762,OK
157,UFCE-FF1,False,False,871.2704479999048,OK
157,UFCE-FF2,False,False,2378.5164839998747,OK
157,UFCE-FF3,False,False,2719.437663000008,OK
158,DiCE,False,False,1424.6841510002923,OK
158,DiCE-genetic,False,False,60002.98808399384,TIMEOUT
158,DiCE-kdtree,False,False,344.8536879950552,OK
158,UFCE-FF1,False,False,298.1473339996228,OK
158,UFCE-FF2,False,False,944.926721000229,OK
158,UFCE-FF3,False,False,1027.031476999582,OK
159,DiCE,False,False,1427.7225360001464,OK
159,DiCE-genetic,False,False,60002.07757299904,TIMEOUT
159,DiCE-kdtree,False,False,420.8059369993862,OK
159,UFCE-FF1,False,False,813.5164870000152,OK
159,UFCE-FF2,False,False,2344.402252000009,OK
159,UFCE-FF3,False,False,1101.067503999957,OK
160,DiCE,True,True,4098.102442999334,OK
160,DiCE-genetic,True,True,2375.304713998048,OK
160,DiCE-kdtree,False,False,371.3708220020635,OK
160,UFCE-FF1,True,True,373.1105030001345,OK
160,UFCE-FF2,True,True,1023.2875960000456,OK
160,UFCE-FF3,False,False,862.8739989999303,OK
161,DiCE,False,False,1495.9967469999356,OK
161,DiCE-genetic,False,False,60001.995996000915,TIMEOUT
161,DiCE-kdtree,False,False,502.21968999903766,OK
161,UFCE-FF1,False,False,809.2857320000348,OK
161,UFCE-FF2,False,False,2409.3620490000376,OK
161,UFCE-FF3,False,False,2172.9331980000093,OK
162,DiCE,False,False,1446.4560049991633,OK
162,DiCE-genetic,False,False,60001.58239599841,TIMEOUT
162,DiCE-kdtree,False,False,372.8740899969125,OK
162,UFCE-FF1,False,False,317.03654099965206,OK
162,UFCE-FF2,False,False,1175.4178940000202,OK
162,UFCE-FF3,False,False,957.6232889994571,OK
163,DiCE,False,False,1367.986702000053,OK
163,DiCE-genetic,False,False,60002.191683001,TIMEOUT
163,DiCE-kdtree,False,False,314.26680100048543,OK
163,UFCE-FF1,False,False,584.5535600000176,OK
163,UFCE-FF2,False,False,2141.0342530000435,OK
163,UFCE-FF3,False,False,3013.8537160000847,OK
164,DiCE,True,False,7764.686743000311,OK
164,DiCE-genetic,True,True,1619.6237670010305,OK
164,DiCE-kdtree,False,False,330.981917999452,OK
164,UFCE-FF1,True,True,509.4750640000712,OK
164,UFCE-FF2,True,True,1453.4380929999315,OK
164,UFCE-FF3,True,True,1564.2410340001334,OK
165,DiCE,False,False,4065.957439000158,OK
165,DiCE-genetic,False,False,60001.63186300051,TIMEOUT
165,DiCE-kdtree,False,False,377.8936810012965,OK
165,UFCE-FF1,False,False,325.5151040002602,OK
165,UFCE-FF2,False,False,1152.231606999976,OK
165,UFCE-FF3,False,False,520.7131319998552,OK
166,DiCE,False,False,1426.2032690003252,OK
166,DiCE-genetic,False,False,20811.557941999126,OK
166,DiCE-kdtree,False,False,400.79723199960426,OK
166,UFCE-FF1,False,False,817.7893529999665,OK
166,UFCE-FF2,False,False,2423.5611290000634,OK
166,UFCE-FF3,False,False,3267.709629000137,OK
167,DiCE,False,False,8631.674729999759,OK
167,DiCE-genetic,False,False,42192.06984699849,OK
167,DiCE-kdtree,False,False,321.59054500152706,OK
167,UFCE-FF1,False,False,291.6995830000815,OK
167,UFCE-FF2,False,False,934.0593480001189,OK
167,UFCE-FF3,False,False,1452.6126949999707,OK
168,DiCE,True,False,1403.0073090007136,OK
168,DiCE-genetic,True,True,2584.0221570033464,OK
168,DiCE-kdtree,False,False,406.0814409967861,OK
168,UFCE-FF1,True,True,404.94357100033085,OK
168,UFCE-FF2,True,True,998.6470640005791,OK
168,UFCE-FF3,True,True,1513.0985189998682,OK
169,DiCE,False,False,1429.2215210002726,OK
169,DiCE-genetic,False,False,60001.878221999505,TIMEOUT
169,DiCE-kdtree,False,False,358.23826100022416,OK
169,UFCE-FF1,False,False,510.0804449999714,OK
169,UFCE-FF2,False,False,2826.35566099998,OK
169,UFCE-FF3,False,False,2750.873207000041,OK
170,DiCE,False,False,1759.581616000105,OK
170,DiCE-genetic,False,False,60001.79424700036,TIMEOUT
170,DiCE-kdtree,False,False,345.45464099937817,OK
170,UFCE-FF1,False,False,318.16505099959613,OK
170,UFCE-FF2,False,False,1131.6934040000888,OK
170,UFCE-FF3,False,False,1444.0478779997648,OK
171,DiCE,True,False,9952.142307000031,OK
171,DiCE-genetic,True,True,1585.435666000194,OK
171,DiCE-kdtree,False,False,410.7698010011518,OK
171,UFCE-FF1,True,True,1060.794785999974,OK
171,UFCE-FF2,True,True,3320.3232189999876,OK
171,UFCE-FF3,True,True,4864.1323830001975,OK
172,DiCE,False,False,1467.0600379995449,OK
172,DiCE-genetic,False,False,60001.68842700077,TIMEOUT
172,DiCE-kdtree,False,False,356.3868459968944,OK
172,UFCE-FF1,False,False,279.4363800003339,OK
172,UFCE-FF2,False,False,1247.9758319996108,OK
172,UFCE-FF3,False,False,457.3325119999936,OK
173,DiCE,False,False,1447.3567840000214,OK
173,DiCE-genetic,False,False,60001.991565000935,TIMEOUT
173,DiCE-kdtree,False,False,391.54202099962276,OK
173,UFCE-FF1,False,False,778.3526419999588,OK
173,UFCE-FF2,False,False,2271.954679999908,OK
173,UFCE-FF3,False,False,981.2416239999492,OK
174,DiCE,False,False,3113.3402880004724,OK
174,DiCE-genetic,False,False,60001.81645400153,TIMEOUT
174,DiCE-kdtree,False,False,350.82384099951014,OK
174,UFCE-FF1,False,False,324.6831539995583,OK
174,UFCE-FF2,False,False,1485.4053339995517,OK
174,UFCE-FF3,False,False,1794.2394530000456,OK
175,DiCE,False,False,1421.7708660003157,OK
175,DiCE-genetic,False,False,60002.32493599833,TIMEOUT
175,DiCE-kdtree,False,False,590.3949360035767,OK
175,UFCE-FF1,False,False,815.8440509999991,OK
175,UFCE-FF2,False,False,2213.4416020001026,OK
175,UFCE-FF3,False,False,2418.6414900000273,OK
176,DiCE,False,False,2508.5299239999586,OK
176,DiCE-genetic,False,False,60001.683839996986,TIMEOUT
176,DiCE-kdtree,False,False,555.0694769990514,OK
176,UFCE-FF1,False,False,361.910065000302,OK
176,UFCE-FF2,False,False,1287.643191999905,OK
176,UFCE-FF3,False,False,921.5874149999763,OK
177,DiCE,False,False,3816.6038690005735,OK
177,DiCE-genetic,False,False,60001.76155200097,TIMEOUT
177,DiCE-kdtree,False,False,296.0654970011092,OK
177,UFCE-FF1,False,False,296.7045790001066,OK
177,UFCE-FF2,False,False,1151.1694040000293,OK
177,UFCE-FF3,False,False,517.062580000129,OK
178,DiCE,False,False,1367.5003280004603,OK
178,DiCE-genetic,False,False,6757.014030998107,OK
178,DiCE-kdtree,False,False,390.72188299905974,OK
178,UFCE-FF1,False,False,286.5114309997807,OK
178,UFCE-FF2,False,False,941.2807069993505,OK
178,UFCE-FF3,False,False,331.2427219998426,OK
179,DiCE,True,False,2505.0194159998678,OK
179,DiCE-genetic,False,False,21352.26526200131,OK
179,DiCE-kdtree,False,False,601.5842189990508,OK
179,UFCE-FF1,False,False,879.2604799999707,OK
179,UFCE-FF2,False,False,1188.2861629999295,OK
179,UFCE-FF3,False,False,3001.050691000046,OK
180,DiCE,False,False,1374.6350259998508,OK
180,DiCE-genetic,False,False,60001.5886120018,TIMEOUT
180,DiCE-kdtree,False,False,403.5648190038046,OK
180,UFCE-FF1,False,False,276.8033190004644,OK
180,UFCE-FF2,False,False,1081.1026510000374,OK
180,UFCE-FF3,False,False,955.6204130003607,OK
181,DiCE,False,False,17530.008812999768,OK
181,DiCE-genetic,False,False,24199.80631100043,OK
181,DiCE-kdtree,False,False,461.6248319944134,OK
181,UFCE-FF1,False,False,305.1238910002212,OK
181,UFCE-FF2,False,False,877.0820989993808,OK
181,UFCE-FF3,False,False,1148.6887880000722,OK
182,DiCE,False,False,1458.039724000173,OK
182,DiCE-genetic,False,False,60004.6420639992,TIMEOUT
182,DiCE-kdtree,False,False,407.517513998755,OK
182,UFCE-FF1,False,False,848.5566279999831,OK
182,UFCE-FF2,False,False,2388.5238150000987,OK
182,UFCE-FF3,False,False,2559.9458110000337,OK
183,DiCE,False,False,4168.170439000278,OK
183,DiCE-genetic,False,False,60001.74972199966,TIMEOUT
183,DiCE-kdtree,False,False,373.4337970017805,OK
183,UFCE-FF1,False,False,313.6890050000148,OK
183,UFCE-FF2,False,False,1006.079697000132,OK
183,UFCE-FF3,False,False,937.7553250001256,OK
184,DiCE,True,True,5391.0036229999605,OK
184,DiCE-genetic,True,True,3270.4769350020797,OK
184,DiCE-kdtree,False,False,455.36511399404844,OK
184,UFCE-FF1,True,True,462.8574260004825,OK
184,UFCE-FF2,True,True,1517.549506999785,OK
184,UFCE-FF3,False,False,1210.2943039999445,OK
185,DiCE,False,False,1470.1443379999546,OK
185,DiCE-genetic,False,False,60001.709172996925,TIMEOUT
185,DiCE-kdtree,False,False,363.9144499975373,OK
185,UFCE-FF1,False,False,261.186417999852,OK
185,UFCE-FF2,False,False,1150.9166189998723,OK
185,UFCE-FF3,False,False,1030.22967600009,OK
186,DiCE,False,False,3655.8414910005013,OK
186,DiCE-genetic,False,False,60001.77773299947,TIMEOUT
186,DiCE-kdtree,False,False,379.78291300169076,OK
186,UFCE-FF1,False,False,333.58359300018486,OK
186,UFCE-FF2,False,False,1007.9818340000202,OK
186,UFCE-FF3,False,False,1124.8729700000695,OK
187,DiCE,False,False,1440.9159900001214,OK
187,DiCE-genetic,False,False,60002.0733450001,TIMEOUT
187,DiCE-kdtree,False,False,353.3190649977769,OK
187,UFCE-FF1,False,False,301.3566949999813,OK
187,UFCE-FF2,False,False,2712.1684139999616,OK
187,UFCE-FF3,False,False,1574.0262509998502,OK
188,DiCE,True,False,24017.138412999884,OK
188,DiCE-genetic,True,True,4458.094287001586,OK
188,DiCE-kdtree,False,False,368.5212700002012,OK
188,UFCE-FF1,True,True,502.2701460002281,OK
188,UFCE-FF2,False,False,1976.3542850000704,OK
188,UFCE-FF3,True,True,1865.4075959998409,OK
189,DiCE,False,False,1448.3738190001532,OK
189,DiCE-genetic,False,False,60002.402430000075,TIMEOUT
189,DiCE-kdtree,False,False,354.0304220005055,OK
189,UFCE-FF1,False,False,291.3470839999945,OK
189,UFCE-FF2,False,False,1334.4451980000258,OK
189,UFCE-FF3,False,False,2820.9607969999984,OK
190,DiCE,False,False,4064.6115050003573,OK
190,DiCE-genetic,False,False,60001.590414998645,TIMEOUT
190,DiCE-kdtree,False,False,506.50234400018235,OK
190,UFCE-FF1,False,False,372.89083900031983,OK
190,UFCE-FF2,False,False,1334.7898520000854,OK
190,UFCE-FF3,False,False,1003.6161309999443,OK
191,DiCE,False,False,3840.754623999601,OK
191,DiCE-genetic,False,False,60001.817191001464,TIMEOUT
191,DiCE-kdtree,False,False,376.4769379995414,OK
191,UFCE-FF1,False,False,350.5739899997025,OK
191,UFCE-FF2,False,False,1280.0166249999165,OK
191,UFCE-FF3,False,False,1845.9546129997761,OK
192,DiCE,False,False,3508.035779000238,OK
192,DiCE-genetic,False,False,2116.150268004276,OK
192,DiCE-kdtree,False,False,404.6083520006505,OK
192,UFCE-FF1,False,False,299.3082899993169,OK
192,UFCE-FF2,False,False,1050.0948079998125,OK
192,UFCE-FF3,False,False,921.7702209998606,OK
193,DiCE,False,False,2934.350374999667,OK
193,DiCE-genetic,False,False,7045.343083002081,OK
193,DiCE-kdtree,False,False,342.6197759981733,OK
193,UFCE-FF1,False,False,288.4946410003977,OK
193,UFCE-FF2,False,False,1136.5460330007409,OK
193,UFCE-FF3,False,False,1291.4546969996081,OK
194,DiCE,False,False,1832.1999780000624,OK
194,DiCE-genetic,False,False,60004.509508999035,TIMEOUT
194,DiCE-kdtree,False,False,493.60826200063457,OK
194,UFCE-FF1,False,False,270.70439599992824,OK
194,UFCE-FF2,False,False,1201.5169800001786,OK
194,UFCE-FF3,False,False,1065.82381599992,OK
195,DiCE,False,False,4077.0187199996144,OK
195,DiCE-genetic,False,False,60001.85118299851,TIMEOUT
195,DiCE-kdtree,False,False,360.39310400155955,OK
195,UFCE-FF1,False,False,292.5655640001424,OK
195,UFCE-FF2,False,False,1031.063260999872,OK
195,UFCE-FF3,False,False,1001.4375580003616,OK
196,DiCE,False,False,1407.5794079999469,OK
196,DiCE-genetic,False,False,60002.05620000088,TIMEOUT
196,DiCE-kdtree,False,False,615.3085929981899,OK
196,UFCE-FF1,False,False,447.0616129999598,OK
196,UFCE-FF2,False,False,2222.88519499989,OK
196,UFCE-FF3,False,False,2329.4589950000955,OK
197,DiCE,False,False,4015.691213000082,OK
197,DiCE-genetic,False,False,60001.9053420001,TIMEOUT
197,DiCE-kdtree,False,False,343.69619300196064,OK
197,UFCE-FF1,False,False,312.9387830003907,OK
197,UFCE-FF2,False,False,1604.5470819999537,OK
197,UFCE-FF3,False,False,1661.3899940002739,OK
198,DiCE,False,False,1229.7656769997047,OK
198,DiCE-genetic,False,False,60017.99466399825,TIMEOUT
198,DiCE-kdtree,False,False,325.0071279981057,OK
198,UFCE-FF1,False,False,278.7671860005503,OK
198,UFCE-FF2,False,False,1187.7519700001358,OK
198,UFCE-FF3,False,False,677.719719000379,OK
199,DiCE,False,False,3673.6781199997495,OK
199,DiCE-genetic,False,False,60001.63959800193,TIMEOUT
199,DiCE-kdtree,False,False,396.88498900068225,OK
199,UFCE-FF1,False,False,328.2973000000311,OK
199,UFCE-FF2,False,False,1222.765108999738,OK
199,UFCE-FF3,False,False,1114.239252999596,OK
200,DiCE,False,False,1425.4703329997938,OK
200,DiCE-genetic,False,False,20677.232107002055,OK
200,DiCE-kdtree,False,False,399.8945339990314,OK
200,UFCE-FF1,False,False,710.0215619999518,OK
200,UFCE-FF2,False,False,2403.4608980000485,OK
200,UFCE-FF3,False,False,2591.6100399999773,OK
201,DiCE,True,False,2561.65079999937,OK
201,DiCE-genetic,True,True,1384.4985920004547,OK
201,DiCE-kdtree,False,False,377.67108299885876,OK
201,UFCE-FF1,True,True,430.29149299945857,OK
201,UFCE-FF2,True,True,1268.3682339993538,OK
201,UFCE-FF3,True,True,1327.913718999298,OK
202,DiCE,False,False,1722.1429659998648,OK
202,DiCE-genetic,False,False,60002.04237700018,TIMEOUT
202,DiCE-kdtree,False,False,511.5391380022629,OK
202,UFCE-FF1,False,False,320.51408999996056,OK
202,UFCE-FF2,False,False,1080.4350839998733,OK
202,UFCE-FF3,False,False,1247.6188870000442,OK
203,DiCE,False,False,3871.864098000515,OK
203,DiCE-genetic,False,False,60001.86679300168,TIMEOUT
203,DiCE-kdtree,False,False,347.48323899839306,OK
203,UFCE-FF1,False,False,328.5839929999384,OK
203,UFCE-FF2,False,False,1145.4158060000736,OK
203,UFCE-FF3,False,False,1502.187346000028,OK
204,DiCE,False,False,1463.8903990007748,OK
204,DiCE-genetic,False,False,60001.8482029991,TIMEOUT
204,DiCE-kdtree,False,False,451.9013859971892,OK
204,UFCE-FF1,False,False,305.26289799945516,OK
204,UFCE-FF2,False,False,849.0857599999799,OK
204,UFCE-FF3,False,False,879.7037940003065,OK
205,DiCE,False,False,3373.978610999984,OK
205,DiCE-genetic,False,False,60001.74351399983,TIMEOUT
205,DiCE-kdtree,False,False,347.9044300001988,OK
205,UFCE-FF1,False,False,329.26677099976587,OK
205,UFCE-FF2,False,False,1287.0215429998098,OK
205,UFCE-FF3,False,False,1026.104478000434,OK
206,DiCE,False,False,3645.3894889991716,OK
206,DiCE-genetic,False,False,60001.65135000134,TIMEOUT
206,DiCE-kdtree,False,False,439.0084509977896,OK
206,UFCE-FF1,False,False,308.12816200023013,OK
206,UFCE-FF2,False,False,1621.80833299999,OK
206,UFCE-FF3,False,False,1809.6525759997348,OK
207,DiCE,False,False,3784.661740000047,OK
207,DiCE-genetic,False,False,60002.61635800052,TIMEOUT
207,DiCE-kdtree,False,False,407.7783110005839,OK
207,UFCE-FF1,False,False,882.9392139999754,OK
207,UFCE-FF2,False,False,2219.656035000071,OK
207,UFCE-FF3,False,False,2658.6519380000477,OK
208,DiCE,False,False,3235.07987999983,OK
208,DiCE-genetic,False,False,60001.84981700295,TIMEOUT
208,DiCE-kdtree,False,False,543.2588750009018,OK
208,UFCE-FF1,False,False,332.8827280001861,OK
208,UFCE-FF2,False,False,1256.0750200000257,OK
208,UFCE-FF3,False,False,1696.454532000189,OK
209,DiCE,True,True,2269.472623999718,OK
209,DiCE-genetic,True,True,1127.6608719999786,OK
209,DiCE-kdtree,False,False,333.9058979981928,OK
209,UFCE-FF1,True,True,1000.6637929999443,OK
209,UFCE-FF2,True,True,2654.899142999966,OK
209,UFCE-FF3,True,True,3134.8931340000945,OK
210,DiCE,False,False,7788.662285999635,OK
210,DiCE-genetic,False,False,1783.364877999702,OK
210,DiCE-kdtree,False,False,381.08422300138045,OK
210,UFCE-FF1,False,False,387.02735500010016,OK
210,UFCE-FF2,False,False,1569.5477160002156,OK
210,UFCE-FF3,False,False,1958.6452589996952,OK
211,DiCE,False,False,1417.591813999934,OK
211,DiCE-genetic,False,False,19608.40891200496,OK
211,DiCE-kdtree,False,False,359.3842679983936,OK
211,UFCE-FF1,False,False,308.108617000471,OK
211,UFCE-FF2,False,False,1235.7303070002672,OK
211,UFCE-FF3,False,False,111.6833679998308,OK
212,DiCE,False,False,4514.731919999576,OK
212,DiCE-genetic,False,False,60001.85289000001,TIMEOUT
212,DiCE-kdtree,False,False,280.2005619996635,OK
212,UFCE-FF1,False,False,337.6499529999819,OK
212,UFCE-FF2,False,False,1112.1850899999117,OK
212,UFCE-FF3,False,False,1542.586775000018,OK
213,DiCE,False,False,1451.989874999981,OK
213,DiCE-genetic,False,False,60002.068842999506,TIMEOUT
213,DiCE-kdtree,False,False,361.81003800084,OK
213,UFCE-FF1,False,False,686.7780830000356,OK
213,UFCE-FF2,False,False,1635.7743610001305,OK
213,UFCE-FF3,False,False,1658.5601899998892,OK
214,DiCE,False,False,1871.397798000089,OK
214,DiCE-genetic,False,False,60002.19992300117,TIMEOUT
214,DiCE-kdtree,False,False,435.196984999493,OK
214,UFCE-FF1,False,False,272.110087999863,OK
214,UFCE-FF2,False,False,1449.9517839999498,OK
214,UFCE-FF3,False,False,1862.8053570000702,OK
215,DiCE,False,False,3235.2444340003785,OK
215,DiCE-genetic,False,False,60001.72299299811,TIMEOUT
215,DiCE-kdtree,False,False,330.5084660023567,OK
215,UFCE-FF1,False,False,321.3044990002345,OK
215,UFCE-FF2,False,False,1701.4554009997482,OK
215,UFCE-FF3,False,False,705.4698669999198,OK
216,DiCE,False,False,2018.3742669996718,OK
216,DiCE-genetic,True,True,898.1380510012968,OK
216,DiCE-kdtree,False,False,311.5109139980632,OK
216,UFCE-FF1,False,False,303.8817240003482,OK
216,UFCE-FF2,False,False,902.5336690001495,OK
216,UFCE-FF3,False,False,1098.7383390001924,OK
217,DiCE,False,False,1430.5886789998112,OK
217,DiCE-genetic,False,False,60001.630247999856,TIMEOUT
217,DiCE-kdtree,False,False,416.09368300123606,OK
217,UFCE-FF1,False,False,324.59241499964264,OK
217,UFCE-FF2,False,False,913.8205959998231,OK
217,UFCE-FF3,False,False,1276.4996989999418,OK
218,DiCE,False,False,1423.918563999905,OK
218,DiCE-genetic,False,False,60004.5533329976,TIMEOUT
218,DiCE-kdtree,False,False,343.5615289999987,OK
218,UFCE-FF1,False,False,323.6339129998669,OK
218,UFCE-FF2,False,False,957.1723209992342,OK
218,UFCE-FF3,False,False,1029.0213010002844,OK
219,DiCE,False,False,4982.368390000374,OK
219,DiCE-genetic,False,False,19297.33327500435,OK
219,DiCE-kdtree,False,False,426.6291989988531,OK
219,UFCE-FF1,False,False,281.00554199954786,OK
219,UFCE-FF2,False,False,1270.8714860000327,OK
219,UFCE-FF3,False,False,1337.6481999994212,OK
220,DiCE,True,False,3140.0385810002263,OK
220,DiCE-genetic,True,True,1478.2829390005645,OK
220,DiCE-kdtree,False,False,377.01115400341223,OK
220,UFCE-FF1,True,True,1061.4062249999279,OK
220,UFCE-FF2,True,True,2997.0841890001343,OK
220,UFCE-FF3,False,False,1568.4584099999483,OK
221,DiCE,False,False,55900.446434000514,OK
221,DiCE-genetic,False,False,3987.647024998296,OK
221,DiCE-kdtree,False,False,358.66534899832914,OK
221,UFCE-FF1,False,False,398.8553079998383,OK
221,UFCE-FF2,False,False,1750.2482459999555,OK
221,UFCE-FF3,False,False,961.4403999999013,OK
222,DiCE,False,False,3198.5177639999165,OK
222,DiCE-genetic,False,False,60002.726491999056,TIMEOUT
222,DiCE-kdtree,False,False,328.250417001982,OK
222,UFCE-FF1,False,False,356.9488460002504,OK
222,UFCE-FF2,False,False,1504.3346379998184,OK
222,UFCE-FF3,False,False,1796.8265760000577,OK
223,DiCE,False,False,1427.5618299998316,OK
223,DiCE-genetic,False,False,60026.984430000084,TIMEOUT
223,DiCE-kdtree,False,False,478.56711400163476,OK
223,UFCE-FF1,False,False,463.97866899997103,OK
223,UFCE-FF2,False,False,1243.7892339999053,OK
223,UFCE-FF3,False,False,2259.620323000036,OK
224,DiCE,False,False,1431.1077590000425,OK
224,DiCE-genetic,False,False,60040.15008600072,TIMEOUT
224,DiCE-kdtree,False,False,401.74072299851105,OK
224,UFCE-FF1,False,False,846.7322819999481,OK
224,UFCE-FF2,False,False,2126.5103150001323,OK
224,UFCE-FF3,False,False,2510.31868400014,OK
225,DiCE,False,False,1401.0288609997585,OK
225,DiCE-genetic,False,False,60105.38576699946,TIMEOUT
225,DiCE-kdtree,False,False,434.53394600146567,OK
225,UFCE-FF1,False,False,717.7014499999359,OK
225,UFCE-FF2,False,False,1332.3358079999252,OK
225,UFCE-FF3,False,False,1445.9077799999704,OK
226,DiCE,True,False,3674.2423760006204,OK
226,DiCE-genetic,True,True,1973.9759830044932,OK
226,DiCE-kdtree,False,False,330.2884259974235,OK
226,UFCE-FF1,True,True,448.01695499972993,OK
226,UFCE-FF2,True,True,1080.6372040005954,OK
226,UFCE-FF3,False,False,811.1887579998438,OK
227,DiCE,False,False,13206.358963000639,OK
227,DiCE-genetic,True,True,44064.20601300488,OK
227,DiCE-kdtree,False,False,362.5774510001065,OK
227,UFCE-FF1,False,False,298.9771250004196,OK
227,UFCE-FF2,False,False,1120.3891069999372,OK
227,UFCE-FF3,False,False,1381.7956580005557,OK
228,DiCE,True,True,2151.4506389999037,OK
228,DiCE-genetic,False,False,60001.8848740001,TIMEOUT
228,DiCE-kdtree,False,False,396.5861600008793,OK
228,UFCE-FF1,False,False,393.47194100002986,OK
228,UFCE-FF2,False,False,1931.534468000109,OK
228,UFCE-FF3,False,False,759.8768590000873,OK
229,DiCE,False,False,3953.265479000038,OK
229,DiCE-genetic,False,False,20706.538449001528,OK
229,DiCE-kdtree,False,False,554.1025700003956,OK
229,UFCE-FF1,False,False,757.8248920000307,OK
229,UFCE-FF2,False,False,2311.107720999985,OK
229,UFCE-FF3,False,False,2294.695909999973,OK
230,DiCE,False,False,1708.6218190002,OK
230,DiCE-genetic,False,False,60002.11562699769,TIMEOUT
230,DiCE-kdtree,False,False,509.97770899994066,OK
230,UFCE-FF1,False,False,325.8258879995992,OK
230,UFCE-FF2,False,False,988.8137930001903,OK
230,UFCE-FF3,False,False,1780.1784419998512,OK
231,DiCE,False,False,1406.9042280007125,OK
231,DiCE-genetic,False,False,60001.54777699936,TIMEOUT
231,DiCE-kdtree,False,False,357.3335600012797,OK
231,UFCE-FF1,False,False,270.55571599976247,OK
231,UFCE-FF2,False,False,834.5705570000064,OK
231,UFCE-FF3,False,False,1562.7075350002997,OK
232,DiCE,False,False,1451.5918160000185,OK
232,DiCE-genetic,False,False,60002.18611799937,TIMEOUT
232,DiCE-kdtree,False,False,446.3409319978382,OK
232,UFCE-FF1,False,False,514.989137999919,OK
232,UFCE-FF2,False,False,2261.7672039998524,OK
232,UFCE-FF3,False,False,2857.2712769998816,OK
233,DiCE,True,True,3697.780249000061,OK
233,DiCE-genetic,True,True,903.0724300009751,OK
233,DiCE-kdtree,False,False,566.177026998048,OK
233,UFCE-FF1,True,True,1168.2281270000205,OK
233,UFCE-FF2,True,True,2337.725943000123,OK
233,UFCE-FF3,True,True,1465.4207979999685,OK
234,DiCE,False,False,1428.9586080003573,OK
234,DiCE-genetic,False,False,60001.83415399806,TIMEOUT
234,DiCE-kdtree,False,False,432.170137995854,OK
234,UFCE-FF1,False,False,279.38294100022176,OK
234,UFCE-FF2,False,False,923.0854409997846,OK
234,UFCE-FF3,False,False,864.6507650000785,OK
235,DiCE,False,False,1338.9834280001194,OK
235,DiCE-genetic,False,False,60071.0625619995,TIMEOUT
235,DiCE-kdtree,False,False,416.70685799908824,OK
235,UFCE-FF1,False,False,721.6194530000166,OK
235,UFCE-FF2,False,False,1817.822696000121,OK
235,UFCE-FF3,False,False,1272.7463030000765,OK
236,DiCE,True,True,8816.268506000597,OK
236,DiCE-genetic,True,True,1979.418500995962,OK
236,DiCE-kdtree,False,False,385.05770600022515,OK
236,UFCE-FF1,True,True,461.21002299969405,OK
236,UFCE-FF2,True,True,1430.5883820006784,OK
236,UFCE-FF3,True,True,1540.1541620003627,OK
237,DiCE,False,False,1378.4692330000323,OK
237,DiCE-genetic,False,False,60012.704286999,TIMEOUT
237,DiCE-kdtree,False,False,365.4273579995788,OK
237,UFCE-FF1,False,False,1120.9959610000624,OK
237,UFCE-FF2,False,False,1140.415621999864,OK
237,UFCE-FF3,False,False,3663.327252000045,OK
238,DiCE,False,False,1761.4073969998572,OK
238,DiCE-genetic,False,False,60001.67462600075,TIMEOUT
238,DiCE-kdtree,False,False,329.3678349982656,OK
238,UFCE-FF1,False,False,356.1133729999711,OK
238,UFCE-FF2,False,False,1443.4596860000966,OK
238,UFCE-FF3,False,False,1062.1808889995918,OK
239,DiCE,True,False,9348.539739999978,OK
239,DiCE-genetic,True,True,994.6669550008664,OK
239,DiCE-kdtree,False,False,366.53757599924575,OK
239,UFCE-FF1,True,True,916.6164429999527,OK
239,UFCE-FF2,True,True,2895.1796009999957,OK
239,UFCE-FF3,True,True,1743.3322730000782,OK
240,DiCE,False,False,1437.4696619997849,OK
240,DiCE-genetic,False,False,60005.55939200058,TIMEOUT
240,DiCE-kdtree,False,False,401.4699860017572,OK
240,UFCE-FF1,False,False,630.5901670000368,OK
240,UFCE-FF2,False,False,2287.277382000184,OK
240,UFCE-FF3,False,False,2563.400725000065,OK
241,DiCE,False,False,1428.0987669999374,OK
241,DiCE-genetic,False,False,60001.78078499812,TIMEOUT
241,DiCE-kdtree,False,False,495.300190999842,OK
241,UFCE-FF1,False,False,673.5265129999561,OK
241,UFCE-FF2,False,False,2430.4222299999765,OK
241,UFCE-FF3,False,False,2373.732721999886,OK
242,DiCE,False,False,1408.123930000329,OK
242,DiCE-genetic,False,False,60002.02929400257,TIMEOUT
242,DiCE-kdtree,False,False,413.05706000275677,OK
242,UFCE-FF1,False,False,298.04243199941993,OK
242,UFCE-FF2,False,False,880.8066310002687,OK
242,UFCE-FF3,False,False,137.23514299999806,OK
243,DiCE,False,False,1417.6899590001997,OK
243,DiCE-genetic,False,False,60048.67628800275,TIMEOUT
243,DiCE-kdtree,False,False,375.19189700105926,OK
243,UFCE-FF1,False,False,512.7493259999484,OK
243,UFCE-FF2,False,False,2143.229734999977,OK
243,UFCE-FF3,False,False,2211.4203589999306,OK
244,DiCE,False,False,8264.758293999876,OK
244,DiCE-genetic,False,False,23734.561130000657,OK
244,DiCE-kdtree,False,False,358.6724359993241,OK
244,UFCE-FF1,False,False,1314.7896660000242,OK
244,UFCE-FF2,False,False,2748.9823170001278,OK
244,UFCE-FF3,False,False,2595.3684389999125,OK
245,DiCE,False,False,3692.7959069998906,OK
245,DiCE-genetic,False,False,60001.656129003095,TIMEOUT
245,DiCE-kdtree,False,False,363.3596530016803,OK
245,UFCE-FF1,False,False,366.47714399987314,OK
245,UFCE-FF2,False,False,1069.0946759996223,OK
245,UFCE-FF3,False,False,1209.430033999979,OK
246,DiCE,False,False,3182.2537819998615,OK
246,DiCE-genetic,False,False,60008.71109600121,TIMEOUT
246,DiCE-kdtree,False,False,392.4584100022912,OK
246,UFCE-FF1,False,False,235.55153800043627,OK
246,UFCE-FF2,False,False,1029.0563859998656,OK
246,UFCE-FF3,False,False,1293.1709490003414,OK
247,DiCE,False,False,2993.3024689999,OK
247,DiCE-genetic,False,False,60001.79055999979,TIMEOUT
247,DiCE-kdtree,False,False,304.0888349969464,OK
247,UFCE-FF1,False,False,301.90517699975317,OK
247,UFCE-FF2,False,False,1456.7260759999954,OK
247,UFCE-FF3,False,False,1660.8563280001363,OK
248,DiCE,False,False,28559.221659000064,OK
248,DiCE-genetic,True,True,28544.788081999286,OK
248,DiCE-kdtree,False,False,526.1883249986568,OK
248,UFCE-FF1,False,False,640.833616000009,OK
248,UFCE-FF2,False,False,1961.9105040000024,OK
248,UFCE-FF3,False,False,1827.65296599996,OK
249,DiCE,False,False,2719.9314099998446,OK
249,DiCE-genetic,False,False,23404.884019997553,OK
249,DiCE-kdtree,False,False,373.2124130037846,OK
249,UFCE-FF1,False,False,283.3408430005875,OK
249,UFCE-FF2,False,False,1049.0234890003194,OK
249,UFCE-FF3,False,False,754.7771379995538,OK
250,DiCE,False,False,1535.2897480001957,OK
250,DiCE-genetic,False,False,60001.97422899873,TIMEOUT
250,DiCE-kdtree,False,False,337.6848650004831,OK
250,UFCE-FF1,False,False,284.6883899997011,OK
250,UFCE-FF2,False,False,925.2299519998815,OK
250,UFCE-FF3,False,False,1653.7886870000875,OK
251,DiCE,True,True,2797.4344770000243,OK
251,DiCE-genetic,True,True,1397.2224780009128,OK
251,DiCE-kdtree,False,False,447.0192689987016,OK
251,UFCE-FF1,True,True,398.0320370001209,OK
251,UFCE-FF2,True,True,1242.2147309998763,OK
251,UFCE-FF3,True,True,1281.5560399994865,OK
252,DiCE,False,False,3995.30413399998,OK
252,DiCE-genetic,False,False,60003.348837002704,TIMEOUT
252,DiCE-kdtree,False,False,462.100538003142,OK
252,UFCE-FF1,False,False,256.2980699999571,OK
252,UFCE-FF2,False,False,1048.9145650003593,OK
252,UFCE-FF3,False,False,466.1202199999934,OK
253,DiCE,False,False,4597.779963999528,OK
253,DiCE-genetic,False,False,12115.49031699542,OK
253,DiCE-kdtree,False,False,336.987312999554,OK
253,UFCE-FF1,False,False,291.7813189997105,OK
253,UFCE-FF2,False,False,1067.598278999867,OK
253,UFCE-FF3,False,False,762.1883050005636,OK
254,DiCE,False,False,1433.430645000044,OK
254,DiCE-genetic,False,False,60002.043687998594,TIMEOUT
254,DiCE-kdtree,False,False,459.15835500272806,OK
254,UFCE-FF1,False,False,408.86450499999677,OK
254,UFCE-FF2,False,False,2137.0971280000504,OK
254,UFCE-FF3,False,False,2342.6065879998528,OK
255,DiCE,False,False,3560.023428999557,OK
255,DiCE-genetic,False,False,60001.622939998924,TIMEOUT
255,DiCE-kdtree,False,False,391.34298499993747,OK
255,UFCE-FF1,False,False,342.89097200007745,OK
255,UFCE-FF2,False,False,929.43305100016,OK
255,UFCE-FF3,False,False,1438.7565189999805,OK
256,DiCE,False,False,1370.1369469999918,OK
256,DiCE-genetic,False,False,60055.17407299885,TIMEOUT
256,DiCE-kdtree,False,False,437.7036189980572,OK
256,UFCE-FF1,False,False,722.5499400000218,OK
256,UFCE-FF2,False,False,2418.3315620000485,OK
256,UFCE-FF3,False,False,1037.312631000077,OK
257,DiCE,True,False,4985.240220999913,OK
257,DiCE-genetic,True,True,1817.1164240011421,OK
257,DiCE-kdtree,False,False,408.323208001093,OK
257,UFCE-FF1,True,True,464.69703000002477,OK
257,UFCE-FF2,True,True,1408.5018269997818,OK
257,UFCE-FF3,False,False,1571.5816769998128,OK
258,DiCE,True,False,7188.121399000011,OK
258,DiCE-genetic,True,True,2277.6181389999692,OK
258,DiCE-kdtree,False,False,363.19439399812836,OK
258,UFCE-FF1,True,True,381.0670160000882,OK
258,UFCE-FF2,True,True,1328.7386869997135,OK
258,UFCE-FF3,True,True,951.7417580000256,OK
259,DiCE,False,False,3246.3017909997234,OK
259,DiCE-genetic,False,False,60002.16764200013,TIMEOUT
259,DiCE-kdtree,False,False,494.8917230030929,OK
259,UFCE-FF1,False,False,1094.2522909999752,OK
259,UFCE-FF2,False,False,2377.220202999979,OK
259,UFCE-FF3,False,False,2772.4573990001318,OK
260,DiCE,False,False,1441.0296079995533,OK
260,DiCE-genetic,False,False,60010.3203730032,TIMEOUT
260,DiCE-kdtree,False,False,357.7744310023263,OK
260,UFCE-FF1,False,False,299.4999160000589,OK
260,UFCE-FF2,False,False,1223.333738999827,OK
260,UFCE-FF3,False,False,1177.000229999976,OK
261,DiCE,False,False,1427.511823999339,OK
261,DiCE-genetic,False,False,60001.52440700185,TIMEOUT
261,DiCE-kdtree,False,False,368.1603380027809,OK
261,UFCE-FF1,False,False,306.5056989998993,OK
261,UFCE-FF2,False,False,874.5437159996072,OK
261,UFCE-FF3,False,False,701.6939089999141,OK
262,DiCE,True,False,4453.687446000004,OK
262,DiCE-genetic,True,True,2495.940385000722,OK
262,DiCE-kdtree,False,False,399.5211220026249,OK
262,UFCE-FF1,True,True,417.3774549999507,OK
262,UFCE-FF2,True,True,1522.136780999972,OK
262,UFCE-FF3,True,True,1544.4271289998142,OK
263,DiCE,False,False,2934.488558999874,OK
263,DiCE-genetic,True,True,20298.824466997758,OK
263,DiCE-kdtree,False,False,326.1021729995264,OK
263,UFCE-FF1,False,False,335.6564050000088,OK
263,UFCE-FF2,False,False,1480.9612300005028,OK
263,UFCE-FF3,False,False,1137.0147910001833,OK
264,DiCE,True,False,5973.549813000318,OK
264,DiCE-genetic,True,True,2331.084538000141,OK
264,DiCE-kdtree,False,False,420.5441220001376,OK
264,UFCE-FF1,True,True,438.03338800034913,OK
264,UFCE-FF2,True,True,1238.7492850002673,OK
264,UFCE-FF3,True,True,2024.6620329999132,OK
265,DiCE,False,False,17431.1935679998,OK
265,DiCE-genetic,False,False,4147.249314002693,OK
265,DiCE-kdtree,False,False,386.9379800016759,OK
265,UFCE-FF1,False,False,373.6891749999812,OK
265,UFCE-FF2,False,False,2289.353678000225,OK
265,UFCE-FF3,False,False,1068.495134999921,OK
266,DiCE,True,False,8161.321876000329,OK
266,DiCE-genetic,True,True,1357.3349299986148,OK
266,DiCE-kdtree,False,False,406.4317040028982,OK
266,UFCE-FF1,True,True,428.53537799965125,OK
266,UFCE-FF2,True,True,1484.1272920002666,OK
266,UFCE-FF3,True,True,1393.9929990001474,OK
267,DiCE,False,False,5655.001376000655,OK
267,DiCE-genetic,True,True,2507.500574000005,OK
267,DiCE-kdtree,False,False,362.83782799728215,OK
267,UFCE-FF1,False,False,365.1046429995404,OK
267,UFCE-FF2,False,False,1205.369093000627,OK
267,UFCE-FF3,False,False,1453.5736889993132,OK
268,DiCE,False,False,18786.587029999282,OK
268,DiCE-genetic,True,False,2202.167848001409,OK
268,DiCE-kdtree,False,False,463.28339200408664,OK
268,UFCE-FF1,False,False,411.9198039998082,OK
268,UFCE-FF2,False,False,1574.3319690000135,OK
268,UFCE-FF3,False,False,1067.4183959999937,OK
269,DiCE,False,False,1418.9672989996325,OK
269,DiCE-genetic,False,False,60001.60047199461,TIMEOUT
269,DiCE-kdtree,False,False,348.9383390042349,OK
269,UFCE-FF1,False,False,288.1933090002349,OK
269,UFCE-FF2,False,False,928.7792490003994,OK
269,UFCE-FF3,False,False,1014.6628520005834,OK
270,DiCE,True,False,23405.548187000026,OK
270,DiCE-genetic,True,True,1563.0926869998802,OK
270,DiCE-kdtree,False,False,341.1337100005767,OK
270,UFCE-FF1,True,True,475.1027529999874,OK
270,UFCE-FF2,True,True,4500.2094919999545,OK
270,UFCE-FF3,True,True,3277.648494999994,OK
271,DiCE,False,False,1435.4431700003258,OK
271,DiCE-genetic,False,False,20764.80477900077,OK
271,DiCE-kdtree,False,False,420.39986300005694,OK
271,UFCE-FF1,False,False,814.4072689999574,OK
271,UFCE-FF2,False,False,2247.940009000104,OK
271,UFCE-FF3,False,False,2710.6164570000146,OK
272,DiCE,False,False,1471.2209399999665,OK
272,DiCE-genetic,False,False,60016.01788900007,TIMEOUT
272,DiCE-kdtree,False,False,365.9316140001465,OK
272,UFCE-FF1,False,False,269.4638359999999,OK
272,UFCE-FF2,False,False,1315.9525309999935,OK
272,UFCE-FF3,False,False,1736.2663680000878,OK
273,DiCE,False,False,1433.6203800003204,OK
273,DiCE-genetic,False,False,60002.15053899956,TIMEOUT
273,DiCE-kdtree,False,False,392.2854100019322,OK
273,UFCE-FF1,False,False,875.6464720000848,OK
273,UFCE-FF2,False,False,2536.989282999912,OK
273,UFCE-FF3,False,False,2787.649731000101,OK
274,DiCE,False,False,1429.7680029999356,OK
274,DiCE-genetic,False,False,60002.16235999687,TIMEOUT
274,DiCE-kdtree,False,False,379.10216899763327,OK
274,UFCE-FF1,False,False,583.8338510000085,OK
274,UFCE-FF2,False,False,774.1456199998993,OK
274,UFCE-FF3,False,False,791.0409180001352,OK
275,DiCE,False,False,3236.8577019999516,OK
275,DiCE-genetic,False,False,60002.08926900086,TIMEOUT
275,DiCE-kdtree,False,False,648.1927799977711,OK
275,UFCE-FF1,False,False,256.8689459999405,OK
275,UFCE-FF2,False,False,2351.683886999922,OK
275,UFCE-FF3,False,False,2035.3689200001102,OK
276,DiCE,False,False,4092.581758000051,OK
276,DiCE-genetic,False,False,20895.68186299948,OK
276,DiCE-kdtree,False,False,400.86589099882985,OK
276,UFCE-FF1,False,False,797.2403070000383,OK
276,UFCE-FF2,False,False,2718.338108000125,OK
276,UFCE-FF3,False,False,1420.0444179998613,OK
277,DiCE,False,False,1441.5828900000631,OK
277,DiCE-genetic,False,False,60001.90599800044,TIMEOUT
277,DiCE-kdtree,False,False,497.13819099997636,OK
277,UFCE-FF1,False,False,1182.6360950000208,OK
277,UFCE-FF2,False,False,2177.3688650000618,OK
277,UFCE-FF3,False,False,775.5251240000688,OK
278,DiCE,False,False,2547.975965999285,OK
278,DiCE-genetic,False,False,60001.66115599859,TIMEOUT
278,DiCE-kdtree,False,False,565.7328460001736,OK
278,UFCE-FF1,False,False,327.34088400002287,OK
278,UFCE-FF2,False,False,1415.1674760000788,OK
278,UFCE-FF3,False,False,2013.0519279996406,OK
279,DiCE,False,False,5125.135422999847,OK
279,DiCE-genetic,False,False,60001.91268100025,TIMEOUT
279,DiCE-kdtree,False,False,382.9013369977474,OK
279,UFCE-FF1,False,False,508.2475369999884,OK
279,UFCE-FF2,False,False,1419.0382599999793,OK
279,UFCE-FF3,False,False,1345.9578039996813,OK
280,DiCE,False,False,1838.6543569999958,OK
280,DiCE-genetic,False,False,60001.8367929988,TIMEOUT
280,DiCE-kdtree,False,False,385.9834319991933,OK
280,UFCE-FF1,False,False,319.4726649999211,OK
280,UFCE-FF2,False,False,1671.7685180001354,OK
280,UFCE-FF3,False,False,1099.5998989997133,OK
281,DiCE,False,False,4558.425691000593,OK
281,DiCE-genetic,False,False,60001.6307290025,TIMEOUT
281,DiCE-kdtree,False,False,385.92546899963054,OK
281,UFCE-FF1,False,False,351.5109949998987,OK
281,UFCE-FF2,False,False,974.4166410000616,OK
281,UFCE-FF3,False,False,1797.436381999887,OK
282,DiCE,False,False,1335.9606700005315,OK
282,DiCE-genetic,False,False,19923.08531099843,OK
282,DiCE-kdtree,False,False,298.7874419995933,OK
282,UFCE-FF1,False,False,319.6200450001925,OK
282,UFCE-FF2,False,False,1058.5445149999941,OK
282,UFCE-FF3,False,False,1070.2925019995746,OK
283,DiCE,False,False,1428.1899759998848,OK
283,DiCE-genetic,False,False,60105.717675998676,TIMEOUT
283,DiCE-kdtree,False,False,585.7932129983965,OK
283,UFCE-FF1,False,False,224.88844199995128,OK
283,UFCE-FF2,False,False,1869.9594799999204,OK
283,UFCE-FF3,False,False,2356.313789000069,OK
284,DiCE,False,False,4553.275059000043,OK
284,DiCE-genetic,False,False,60001.644504998694,TIMEOUT
284,DiCE-kdtree,False,False,295.2559490004205,OK
284,UFCE-FF1,False,False,304.2322900000727,OK
284,UFCE-FF2,False,False,995.5362309997327,OK
284,UFCE-FF3,False,False,1244.797010000184,OK
285,DiCE,False,False,3281.1714270001175,OK
285,DiCE-genetic,False,False,60001.68561399914,TIMEOUT
285,DiCE-kdtree,False,False,295.749460998195,OK
285,UFCE-FF1,False,False,401.7225790003067,OK
285,UFCE-FF2,False,False,1505.048505999639,OK
285,UFCE-FF3,False,False,852.8390020001098,OK
286,DiCE,False,False,2634.1677260002143,OK
286,DiCE-genetic,False,False,60001.79220000064,TIMEOUT
286,DiCE-kdtree,False,False,427.2685520008963,OK
286,UFCE-FF1,False,False,246.460493000086,OK
286,UFCE-FF2,False,False,824.3735639998704,OK
286,UFCE-FF3,False,False,1696.6744989999825,OK
287,DiCE,False,False,4710.138019999249,OK
287,DiCE-genetic,False,False,6629.645829001674,OK
287,DiCE-kdtree,False,False,453.0671309985337,OK
287,UFCE-FF1,False,False,313.35304900039773,OK
287,UFCE-FF2,False,False,966.053049999573,OK
287,UFCE-FF3,False,False,1131.5190310006074,OK
288,DiCE,False,False,1489.0348959997934,OK
288,DiCE-genetic,False,False,60040.438414000164,TIMEOUT
288,DiCE-kdtree,False,False,470.15387200008263,OK
288,UFCE-FF1,False,False,681.6735229999722,OK
288,UFCE-FF2,False,False,2318.228285000032,OK
288,UFCE-FF3,False,False,2626.3100510000186,OK
289,DiCE,True,False,20662.6427719998,OK
289,DiCE-genetic,True,True,1519.5436380017782,OK
289,DiCE-kdtree,False,False,409.83245899769827,OK
289,UFCE-FF1,True,True,1307.6254659999906,OK
289,UFCE-FF2,True,True,3090.268014000003,OK
289,UFCE-FF3,True,True,4016.616248999981,OK
290,DiCE,True,False,5099.5274900005825,OK
290,DiCE-genetic,True,True,1348.9237379981205,OK
290,DiCE-kdtree,False,False,378.7570750064333,OK
290,UFCE-FF1,True,True,459.13027500046155,OK
290,UFCE-FF2,True,True,1315.0807439997152,OK
290,UFCE-FF3,False,False,1318.5061599997425,OK
291,DiCE,False,False,1443.1397380003546,OK
291,DiCE-genetic,False,False,60001.594734996615,TIMEOUT
291,DiCE-kdtree,False,False,367.5835760004702,OK
291,UFCE-FF1,False,False,305.14806499923,OK
291,UFCE-FF2,False,False,1351.3290230002895,OK
291,UFCE-FF3,False,False,866.8867010001122,OK
292,DiCE,False,False,1354.1824370004178,OK
292,DiCE-genetic,False,False,60001.56434300152,TIMEOUT
292,DiCE-kdtree,False,False,374.8544720001519,OK
292,UFCE-FF1,False,False,313.40171600004396,OK
292,UFCE-FF2,False,False,1366.0574909999923,OK
292,UFCE-FF3,False,False,1504.8703350003052,OK
293,DiCE,False,False,4463.570165000419,OK
293,DiCE-genetic,False,False,60001.75159900027,TIMEOUT
293,DiCE-kdtree,False,False,499.51308500021696,OK
293,UFCE-FF1,False,False,458.5171069998069,OK
293,UFCE-FF2,False,False,1525.9309640000538,OK
293,UFCE-FF3,False,False,1344.3167720001838,OK
294,DiCE,False,False,1637.6206770000863,OK
294,DiCE-genetic,False,False,60002.45133200042,TIMEOUT
294,DiCE-kdtree,False,False,538.1238240006496,OK
294,UFCE-FF1,False,False,929.5667039999672,OK
294,UFCE-FF2,False,False,1416.262550000056,OK
294,UFCE-FF3,False,False,3061.208922000105,OK
295,DiCE,False,False,1414.358025000183,OK
295,DiCE-genetic,False,False,60015.03169299758,TIMEOUT
295,DiCE-kdtree,False,False,502.97846000103164,OK
295,UFCE-FF1,False,False,539.2232039999953,OK
295,UFCE-FF2,False,False,2323.825603999921,OK
295,UFCE-FF3,False,False,1493.8827389999005,OK
296,DiCE,False,False,3606.95603299996,OK
296,DiCE-genetic,False,False,60001.808263001294,TIMEOUT
296,DiCE-kdtree,False,False,359.29486000168254,OK
296,UFCE-FF1,False,False,721.4158329999235,OK
296,UFCE-FF2,False,False,1823.729301999947,OK
296,UFCE-FF3,False,False,2540.221873000064,OK
297,DiCE,False,False,1433.7794589996522,OK
297,DiCE-genetic,False,False,60002.051348998066,TIMEOUT
297,DiCE-kdtree,False,False,596.4528440017602,OK
297,UFCE-FF1,False,False,561.7706829999634,OK
297,UFCE-FF2,False,False,2156.0225639998407,OK
297,UFCE-FF3,False,False,1761.276708999958,OK
298,DiCE,False,False,1435.3259170002273,OK
298,DiCE-genetic,False,False,60045.269960999576,TIMEOUT
298,DiCE-kdtree,False,False,483.30692799936514,OK
298,UFCE-FF1,False,False,713.8538809999773,OK
298,UFCE-FF2,False,False,1039.3909949999622,OK
298,UFCE-FF3,False,False,1799.573621000036,OK
299,DiCE,False,False,4539.348849999897,OK
299,DiCE-genetic,False,False,20803.204353000183,OK
299,DiCE-kdtree,False,False,412.4815050017787,OK
299,UFCE-FF1,False,False,660.527434999949,OK
299,UFCE-FF2,False,False,1270.3031060000285,OK
299,UFCE-FF3,False,False,2945.293841000193,OK
300,DiCE,True,True,22598.6885100001,OK
300,DiCE-genetic,True,True,1897.45002300333,OK
300,DiCE-kdtree,False,False,448.48775699938415,OK
300,UFCE-FF1,True,True,478.96700900037104,OK
300,UFCE-FF2,True,True,1426.168048999898,OK
300,UFCE-FF3,True,True,1472.3761779996494,OK
301,DiCE,False,False,12840.383061000466,OK
301,DiCE-genetic,False,False,4074.309095998615,OK
301,DiCE-kdtree,False,False,332.56878899919684,OK
301,UFCE-FF1,False,False,406.3765360001526,OK
301,UFCE-FF2,False,False,1799.0105489998314,OK
301,UFCE-FF3,False,False,1413.930727999741,OK
302,DiCE,False,False,1440.701149999768,OK
302,DiCE-genetic,False,False,60001.53311000031,TIMEOUT
302,DiCE-kdtree,False,False,325.48525200400036,OK
302,UFCE-FF1,False,False,278.43680500063783,OK
302,UFCE-FF2,False,False,929.7823320002863,OK
302,UFCE-FF3,False,False,866.5824850004356,OK
303,DiCE,False,False,4443.615473000136,OK
303,DiCE-genetic,False,False,60001.98402800015,TIMEOUT
303,DiCE-kdtree,False,False,396.56623200062313,OK
303,UFCE-FF1,False,False,397.8817880001769,OK
303,UFCE-FF2,False,False,1258.8876539998637,OK
303,UFCE-FF3,False,False,755.3598180002155,OK
304,DiCE,False,False,4046.3917899996886,OK
304,DiCE-genetic,False,False,60001.739130002534,TIMEOUT
304,DiCE-kdtree,False,False,566.1827349977102,OK
304,UFCE-FF1,False,False,309.2578880000474,OK
304,UFCE-FF2,False,False,1271.4410570001746,OK
304,UFCE-FF3,False,False,1234.705276999648,OK
305,DiCE,True,False,23425.715158000457,OK
305,DiCE-genetic,True,True,21537.511763999646,OK
305,DiCE-kdtree,False,False,432.36962299852166,OK
305,UFCE-FF1,True,True,414.8701840003923,OK
305,UFCE-FF2,True,True,1112.9920700000184,OK
305,UFCE-FF3,True,True,1850.2241129999675,OK
306,DiCE,False,False,1431.8046719999984,OK
306,DiCE-genetic,False,False,60068.77853900005,TIMEOUT
306,DiCE-kdtree,False,False,414.37645299811265,OK
306,UFCE-FF1,False,False,606.8544530000963,OK
306,UFCE-FF2,False,False,2815.688544000068,OK
306,UFCE-FF3,False,False,1995.0202659999832,OK
307,DiCE,False,False,1431.6570099999808,OK
307,DiCE-genetic,False,False,60002.10968799911,TIMEOUT
307,DiCE-kdtree,False,False,363.51453499810304,OK
307,UFCE-FF1,False,False,962.1427069999983,OK
307,UFCE-FF2,False,False,2356.098008000117,OK
307,UFCE-FF3,False,False,3286.984185999927,OK
308,DiCE,False,False,24212.752550000005,OK
308,DiCE-genetic,True,True,1684.3567500036443,OK
308,DiCE-kdtree,False,False,389.3885100042098,OK
308,UFCE-FF1,False,False,382.27534999987256,OK
308,UFCE-FF2,False,False,1243.3280050008761,OK
308,UFCE-FF3,False,False,1735.4139580002084,OK
309,DiCE,False,False,3365.255034999791,OK
309,DiCE-genetic,False,False,60001.60734399833,TIMEOUT
309,DiCE-kdtree,False,False,353.02587999831303,OK
309,UFCE-FF1,False,False,364.9879620002138,OK
309,UFCE-FF2,False,False,1498.6595220002528,OK
309,UFCE-FF3,False,False,1664.9923649997618,OK
310,DiCE,False,False,1620.5641440001273,OK
310,DiCE-genetic,False,False,60002.029657000094,TIMEOUT
310,DiCE-kdtree,False,False,429.5378860006167,OK
310,UFCE-FF1,False,False,330.48618000020724,OK
310,UFCE-FF2,False,False,1265.0393510002687,OK
310,UFCE-FF3,False,False,1634.6341329999632,OK
311,DiCE,False,False,1407.4967279998416,OK
311,DiCE-genetic,False,False,60002.26603600095,TIMEOUT
311,DiCE-kdtree,False,False,405.87610000147833,OK
311,UFCE-FF1,False,False,302.55018399998335,OK
311,UFCE-FF2,False,False,762.3641049999604,OK
311,UFCE-FF3,False,False,1273.3012649998727,OK
312,DiCE,False,False,1443.0904640003064,OK
312,DiCE-genetic,False,False,60001.93905000015,TIMEOUT
312,DiCE-kdtree,False,False,451.2900890003948,OK
312,UFCE-FF1,False,False,892.9830170000059,OK
312,UFCE-FF2,False,False,2528.9024749999953,OK
312,UFCE-FF3,False,False,1873.3459869999933,OK
313,DiCE,False,False,1481.8311379999616,OK
313,DiCE-genetic,False,False,60002.03765100014,TIMEOUT
313,DiCE-kdtree,False,False,502.60657699982403,OK
313,UFCE-FF1,False,False,501.3138640000534,OK
313,UFCE-FF2,False,False,2868.3701569998448,OK
313,UFCE-FF3,False,False,2302.868007999905,OK
314,DiCE,False,False,4728.954641999735,OK
314,DiCE-genetic,False,False,60001.66914800138,TIMEOUT
314,DiCE-kdtree,False,False,394.92480700209853,OK
314,UFCE-FF1,False,False,305.2452480001193,OK
314,UFCE-FF2,False,False,1262.3315750001893,OK
314,UFCE-FF3,False,False,1339.3565249998574,OK
315,DiCE,False,False,1427.0549689999825,OK
315,DiCE-genetic,False,False,60002.36129099358,TIMEOUT
315,DiCE-kdtree,False,False,465.6270060004317,OK
315,UFCE-FF1,False,False,300.3358070000104,OK
315,UFCE-FF2,False,False,972.0285319999675,OK
315,UFCE-FF3,False,False,1098.713276000126,OK
316,DiCE,True,False,4810.6449349998,OK
316,DiCE-genetic,True,True,2807.603471999755,OK
316,DiCE-kdtree,False,False,376.37006400473183,OK
316,UFCE-FF1,True,True,444.90762900022673,OK
316,UFCE-FF2,True,True,1363.9751420005268,OK
316,UFCE-FF3,True,True,933.1394339997132,OK
317,DiCE,False,False,3481.2048419998973,OK
317,DiCE-genetic,False,False,60001.74952099769,TIMEOUT
317,DiCE-kdtree,False,False,436.6543529977207,OK
317,UFCE-FF1,False,False,390.7290519996423,OK
317,UFCE-FF2,False,False,1255.038352000156,OK
317,UFCE-FF3,False,False,1397.5787700001092,OK
318,DiCE,True,False,4528.592386000128,OK
318,DiCE-genetic,True,True,1843.6479500014684,OK
318,DiCE-kdtree,False,False,492.13850800151704,OK
318,UFCE-FF1,True,True,435.7567850001942,OK
318,UFCE-FF2,True,True,1225.0334020000082,OK
318,UFCE-FF3,True,True,1595.5663579998145,OK
319,DiCE,True,False,5136.2089260001085,OK
319,DiCE-genetic,True,True,2496.231523997267,OK
319,DiCE-kdtree,False,False,364.046900998801,OK
319,UFCE-FF1,True,True,403.8913140002478,OK
319,UFCE-FF2,True,True,1007.7154569999038,OK
319,UFCE-FF3,True,True,1639.6508150000955,OK
320,DiCE,False,False,1427.8962250000404,OK
320,DiCE-genetic,False,False,60001.91575200006,TIMEOUT
320,DiCE-kdtree,False,False,330.66893000068376,OK
320,UFCE-FF1,False,False,280.6698200001847,OK
320,UFCE-FF2,False,False,1060.7008180004414,OK
320,UFCE-FF3,False,False,468.12999800022226,OK
321,DiCE,False,False,3872.0967129997916,OK
321,DiCE-genetic,False,False,60027.95260499988,TIMEOUT
321,DiCE-kdtree,False,False,371.1118360006367,OK
321,UFCE-FF1,False,False,399.4985230001475,OK
321,UFCE-FF2,False,False,1263.0213259999437,OK
321,UFCE-FF3,False,False,1511.6473339999175,OK
322,DiCE,False,False,1391.643011999804,OK
322,DiCE-genetic,False,False,60001.66454099963,TIMEOUT
322,DiCE-kdtree,False,False,454.88315200054785,OK
322,UFCE-FF1,False,False,311.46910799998295,OK
322,UFCE-FF2,False,False,1380.8388050001668,OK
322,UFCE-FF3,False,False,728.1769620003615,OK
323,DiCE,False,False,8619.449668000016,OK
323,DiCE-genetic,False,False,1125.8298280008603,OK
323,DiCE-kdtree,False,False,481.81159800151363,OK
323,UFCE-FF1,False,False,329.75936499951786,OK
323,UFCE-FF2,False,False,1281.1934739993376,OK
323,UFCE-FF3,False,False,1041.6468650000752,OK
324,DiCE,False,False,2315.1834740001505,OK
324,DiCE-genetic,False,False,5151.954049993947,OK
324,DiCE-kdtree,False,False,354.73814899887657,OK
324,UFCE-FF1,False,False,279.14540599977045,OK
324,UFCE-FF2,False,False,1310.8656820004398,OK
324,UFCE-FF3,False,False,1069.7854530008044,OK
325,DiCE,False,False,1424.394743999983,OK
325,DiCE-genetic,False,False,60002.04418700014,TIMEOUT
325,DiCE-kdtree,False,False,350.9391509978741,OK
325,UFCE-FF1,False,False,712.3765139999706,OK
325,UFCE-FF2,False,False,900.7227429999601,OK
325,UFCE-FF3,False,False,1050.9194339999794,OK
326,DiCE,False,False,1392.666394999651,OK
326,DiCE-genetic,False,False,60001.633296000364,TIMEOUT
326,DiCE-kdtree,False,False,373.43185700228787,OK
326,UFCE-FF1,False,False,334.67833199983943,OK
326,UFCE-FF2,False,False,1421.491221999986,OK
326,UFCE-FF3,False,False,759.3151159999252,OK
327,DiCE,False,False,1427.6794509996762,OK
327,DiCE-genetic,False,False,60025.85857400118,TIMEOUT
327,DiCE-kdtree,False,False,364.90715499894577,OK
327,UFCE-FF1,False,False,560.9425989999863,OK
327,UFCE-FF2,False,False,800.4169579999142,OK
327,UFCE-FF3,False,False,1148.7968510000428,OK
328,DiCE,False,False,1446.8217260000529,OK
328,DiCE-genetic,False,False,60001.733749995765,TIMEOUT
328,DiCE-kdtree,False,False,366.17421599657973,OK
328,UFCE-FF1,False,False,287.6036940006088,OK
328,UFCE-FF2,False,False,892.886090000502,OK
328,UFCE-FF3,False,False,718.8408289994186,OK
329,DiCE,True,False,18250.755526999455,OK
329,DiCE-genetic,True,True,2947.8363249982067,OK
329,DiCE-kdtree,False,False,346.0432139982004,OK
329,UFCE-FF1,True,True,579.4251769998483,OK
329,UFCE-FF2,True,True,1329.7446799997488,OK
329,UFCE-FF3,True,True,1811.0254709999936,OK
330,DiCE,False,False,1450.5424280000625,OK
330,DiCE-genetic,False,False,60012.36739599881,TIMEOUT
330,DiCE-kdtree,False,False,356.2628150029923,OK
330,UFCE-FF1,False,False,493.428042000005,OK
330,UFCE-FF2,False,False,975.870150999981,OK
330,UFCE-FF3,False,False,2527.8957969999287,OK
331,DiCE,False,False,1419.2182580000008,OK
331,DiCE-genetic,False,False,60001.64801900246,TIMEOUT
331,DiCE-kdtree,False,False,306.5273479951429,OK
331,UFCE-FF1,False,False,266.7546089996904,OK
331,UFCE-FF2,False,False,1105.3445520001333,OK
331,UFCE-FF3,False,False,1001.2472019998313,OK
332,DiCE,False,False,3322.449551000318,OK
332,DiCE-genetic,False,False,60001.73827799881,TIMEOUT
332,DiCE-kdtree,False,False,319.51897900216863,OK
332,UFCE-FF1,False,False,354.44425900004717,OK
332,UFCE-FF2,False,False,1179.817973000354,OK
332,UFCE-FF3,False,False,1985.4801559999942,OK
333,DiCE,False,False,3121.9373449994237,OK
333,DiCE-genetic,False,False,60001.646849999815,TIMEOUT
333,DiCE-kdtree,False,False,351.65060100189294,OK
333,UFCE-FF1,False,False,358.86479200007665,OK
333,UFCE-FF2,False,False,1614.5549410002786,OK
333,UFCE-FF3,False,False,2415.775135000331,OK
334,DiCE,False,False,3970.1899770000177,OK
334,DiCE-genetic,False,False,60063.90756099972,TIMEOUT
334,DiCE-kdtree,False,False,427.57012400034,OK
334,UFCE-FF1,False,False,258.70201799989445,OK
334,UFCE-FF2,False,False,2551.5342489999284,OK
334,UFCE-FF3,False,False,2876.907037000137,OK
335,DiCE,False,False,1429.3231740002739,OK
335,DiCE-genetic,False,False,60001.66787699709,TIMEOUT
335,DiCE-kdtree,False,False,567.2734539984958,OK
335,UFCE-FF1,False,False,273.78648900048574,OK
335,UFCE-FF2,False,False,936.8406339999638,OK
335,UFCE-FF3,False,False,784.3373000005158,OK
336,DiCE,False,False,3830.61613100017,OK
336,DiCE-genetic,False,False,60005.552884998906,TIMEOUT
336,DiCE-kdtree,False,False,483.9294659977895,OK
336,UFCE-FF1,False,False,300.84480100003935,OK
336,UFCE-FF2,False,False,1174.368073000096,OK
336,UFCE-FF3,False,False,1703.0883010002071,OK
337,DiCE,False,False,1433.5215870000864,OK
337,DiCE-genetic,False,False,60094.31877300085,TIMEOUT
337,DiCE-kdtree,False,False,433.25248200198985,OK
337,UFCE-FF1,False,False,418.94517199989417,OK
337,UFCE-FF2,False,False,2133.4405190000325,OK
337,UFCE-FF3,False,False,2415.475325000216,OK
338,DiCE,False,False,3363.6180769999555,OK
338,DiCE-genetic,False,False,60001.74053200317,TIMEOUT
338,DiCE-kdtree,False,False,366.12196799978847,OK
338,UFCE-FF1,False,False,281.55845499986754,OK
338,UFCE-FF2,False,False,849.6354980002252,OK
338,UFCE-FF3,False,False,1514.4527659999767,OK
339,DiCE,False,False,2641.5881180000724,OK
339,DiCE-genetic,False,False,60001.70215199978,TIMEOUT
339,DiCE-kdtree,False,False,364.7036210022634,OK
339,UFCE-FF1,False,False,370.8900470001025,OK
339,UFCE-FF2,False,False,1341.053926999848,OK
339,UFCE-FF3,False,False,1064.718902000095,OK
340,DiCE,False,False,2585.1565369994205,OK
340,DiCE-genetic,False,False,1599.02872100065,OK
340,DiCE-kdtree,False,False,279.53840600093827,OK
340,UFCE-FF1,False,False,353.90318900044804,OK
340,UFCE-FF2,False,False,1025.2729989997533,OK
340,UFCE-FF3,False,False,870.2888360003271,OK
341,DiCE,True,True,3989.661870999953,OK
341,DiCE-genetic,True,True,2738.962724004523,OK
341,DiCE-kdtree,False,False,338.4797129983781,OK
341,UFCE-FF1,True,True,477.06100499999593,OK
341,UFCE-FF2,True,True,1182.2497870007282,OK
341,UFCE-FF3,True,True,1361.8599739993442,OK
342,DiCE,False,False,1377.3911349999253,OK
342,DiCE-genetic,False,False,60002.831801000866,TIMEOUT
342,DiCE-kdtree,False,False,435.4247050032427,OK
342,UFCE-FF1,False,False,379.0994070000124,OK
342,UFCE-FF2,False,False,2416.558747999943,OK
342,UFCE-FF3,False,False,2355.3449460000597,OK
343,DiCE,False,False,3632.4801479995585,OK
343,DiCE-genetic,False,False,1488.3350289965165,OK
343,DiCE-kdtree,False,False,452.01436700153863,OK
343,UFCE-FF1,False,False,381.03147800029546,OK
343,UFCE-FF2,False,False,960.8543619997363,OK
343,UFCE-FF3,False,False,1000.0135729997055,OK
344,DiCE,False,False,1424.0124299999482,OK
344,DiCE-genetic,False,False,60179.25073000151,TIMEOUT
344,DiCE-kdtree,False,False,431.576404000225,OK
344,UFCE-FF1,False,False,575.8179629999631,OK
344,UFCE-FF2,False,False,859.6350239999992,OK
344,UFCE-FF3,False,False,1465.2384710000204,OK
345,DiCE,True,True,6289.888077999875,OK
345,DiCE-genetic,True,True,21043.284340001264,OK
345,DiCE-kdtree,False,False,341.19759399982286,OK
345,UFCE-FF1,True,True,1088.3987619999969,OK
345,UFCE-FF2,True,True,3679.478936000123,OK
345,UFCE-FF3,True,True,3548.339970000143,OK
346,DiCE,False,False,1428.7365949999185,OK
346,DiCE-genetic,False,False,60002.35446899933,TIMEOUT
346,DiCE-kdtree,False,False,403.71890000096755,OK
346,UFCE-FF1,False,False,747.5811419999444,OK
346,UFCE-FF2,False,False,2511.74808199994,OK
346,UFCE-FF3,False,False,1855.2641039998434,OK
347,DiCE,False,False,1906.4715620002062,OK
347,DiCE-genetic,False,False,60002.0231310009,TIMEOUT
347,DiCE-kdtree,False,False,454.2965349974111,OK
347,UFCE-FF1,False,False,272.5616729999274,OK
347,UFCE-FF2,False,False,1023.498821999965,OK
347,UFCE-FF3,False,False,2179.994719000206,OK
348,DiCE,False,False,1406.8485870002405,OK
348,DiCE-genetic,False,False,60015.63778900163,TIMEOUT
348,DiCE-kdtree,False,False,409.8667349971947,OK
348,UFCE-FF1,False,False,284.57371500007866,OK
348,UFCE-FF2,False,False,794.0654929998345,OK
348,UFCE-FF3,False,False,1303.622933999577,OK
349,DiCE,False,False,3350.863828999536,OK
349,DiCE-genetic,False,False,60001.72388200008,TIMEOUT
349,DiCE-kdtree,False,False,519.3855789984809,OK
349,UFCE-FF1,False,False,419.74660999994734,OK
349,UFCE-FF2,False,False,992.0337170001403,OK
349,UFCE-FF3,False,False,800.494842000262,OK
350,DiCE,False,False,1427.7006379998056,OK
350,DiCE-genetic,False,False,60001.80679899495,TIMEOUT
350,DiCE-kdtree,False,False,326.53275400662096,OK
350,UFCE-FF1,False,False,292.91592899971874,OK
350,UFCE-FF2,False,False,837.9619019997335,OK
350,UFCE-FF3,False,False,1563.2072090002112,OK
351,DiCE,False,False,4254.721905000224,OK
351,DiCE-genetic,False,False,60001.888989998406,TIMEOUT
351,DiCE-kdtree,False,False,370.9714010001335,OK
351,UFCE-FF1,False,False,318.68838500031416,OK
351,UFCE-FF2,False,False,1402.2021620003216,OK
351,UFCE-FF3,False,False,1248.6129240000992,OK
352,DiCE,False,False,4386.856441999953,OK
352,DiCE-genetic,False,False,60002.026377998845,TIMEOUT
352,DiCE-kdtree,False,False,433.59475699980976,OK
352,UFCE-FF1,False,False,543.1949839999106,OK
352,UFCE-FF2,False,False,2051.853207000022,OK
352,UFCE-FF3,False,False,2918.7226550000105,OK
353,DiCE,True,True,3611.935261999861,OK
353,DiCE-genetic,True,True,1597.021274996223,OK
353,DiCE-kdtree,False,False,304.4285750002018,OK
353,UFCE-FF1,True,True,390.56768899990857,OK
353,UFCE-FF2,True,True,1153.870404999907,OK
353,UFCE-FF3,True,True,1139.4393439995838,OK
354,DiCE,True,False,3153.3115130000624,OK
354,DiCE-genetic,True,True,1594.082936999257,OK
354,DiCE-kdtree,False,False,391.37431400013156,OK
354,UFCE-FF1,True,True,820.9288350000179,OK
354,UFCE-FF2,True,True,2974.1227069998786,OK
354,UFCE-FF3,True,True,2759.1913100000056,OK
355,DiCE,False,False,6083.64337199987,OK
355,DiCE-genetic,True,True,22458.72493099887,OK
355,DiCE-kdtree,False,False,457.5199380014965,OK
355,UFCE-FF1,False,False,302.80996600004073,OK
355,UFCE-FF2,False,False,2941.549202000033,OK
355,UFCE-FF3,False,False,817.9556019999836,OK
356,DiCE,False,False,1416.4353700002719,OK
356,DiCE-genetic,False,False,60132.765983000354,TIMEOUT
356,DiCE-kdtree,False,False,387.5723380006093,OK
356,UFCE-FF1,False,False,987.5146640000594,OK
356,UFCE-FF2,False,False,865.2717579998352,OK
356,UFCE-FF3,False,False,1167.4851609998316,OK
357,DiCE,False,False,1420.4759320000448,OK
357,DiCE-genetic,False,False,60002.04271500115,TIMEOUT
357,DiCE-kdtree,False,False,470.80104099950404,OK
357,UFCE-FF1,False,False,367.36681600007165,OK
357,UFCE-FF2,False,False,1965.4050919998556,OK
357,UFCE-FF3,False,False,2242.3825399998805,OK
358,DiCE,False,False,2673.979827999574,OK
358,DiCE-genetic,False,False,60001.905662000354,TIMEOUT
358,DiCE-kdtree,False,False,406.8710669998836,OK
358,UFCE-FF1,False,False,325.49635399982435,OK
358,UFCE-FF2,False,False,1471.6049969997584,OK
358,UFCE-FF3,False,False,1250.2030820000982,OK
359,DiCE,False,False,3433.3888139999544,OK
359,DiCE-genetic,True,True,21353.0953269983,OK
359,DiCE-kdtree,False,False,489.92698100119014,OK
359,UFCE-FF1,False,False,310.2183579999292,OK
359,UFCE-FF2,False,False,1256.9261800003915,OK
359,UFCE-FF3,False,False,1653.3945080000194,OK
360,DiCE,False,False,1700.7860130001973,OK
360,DiCE-genetic,False,False,60001.93104799837,TIMEOUT
360,DiCE-kdtree,False,False,396.86773599896696,OK
360,UFCE-FF1,False,False,241.69865599969853,OK
360,UFCE-FF2,False,False,1128.6602620002668,OK
360,UFCE-FF3,False,False,1947.4635530000342,OK
361,DiCE,False,False,3505.687353999747,OK
361,DiCE-genetic,False,False,60018.91138999781,TIMEOUT
361,DiCE-kdtree,False,False,425.0803899994935,OK
361,UFCE-FF1,False,False,273.47541399967673,OK
361,UFCE-FF2,False,False,1508.538889999727,OK
361,UFCE-FF3,False,False,1128.5335059997124,OK
362,DiCE,False,False,1407.5889450000434,OK
362,DiCE-genetic,False,False,60001.933072999236,TIMEOUT
362,DiCE-kdtree,False,False,530.4757899975812,OK
362,UFCE-FF1,False,False,751.1032529999967,OK
362,UFCE-FF2,False,False,2248.9408290000483,OK
362,UFCE-FF3,False,False,958.9205590000348,OK
363,DiCE,False,False,1445.0701739997385,OK
363,DiCE-genetic,False,False,60001.609247003216,TIMEOUT
363,DiCE-kdtree,False,False,375.7972239982337,OK
363,UFCE-FF1,False,False,317.2026830006871,OK
363,UFCE-FF2,False,False,1039.2137850003564,OK
363,UFCE-FF3,False,False,1310.8664470000804,OK
364,DiCE,False,False,3597.050882000076,OK
364,DiCE-genetic,False,False,60001.55517700114,TIMEOUT
364,DiCE-kdtree,False,False,427.8691439976683,OK
364,UFCE-FF1,False,False,375.986718999684,OK
364,UFCE-FF2,False,False,1344.7948629996063,OK
364,UFCE-FF3,False,False,1684.068342000046,OK
365,DiCE,False,False,3877.6503640001465,OK
365,DiCE-genetic,False,False,60001.66614800037,TIMEOUT
365,DiCE-kdtree,False,False,362.68541800018284,OK
365,UFCE-FF1,False,False,357.4532399998134,OK
365,UFCE-FF2,False,False,1221.7215280002165,OK
365,UFCE-FF3,False,False,1271.4524990001337,OK
366,DiCE,False,False,3267.0633909997377,OK
366,DiCE-genetic,False,False,60088.76293299909,TIMEOUT
366,DiCE-kdtree,False,False,447.35211900115246,OK
366,UFCE-FF1,False,False,263.00925300029115,OK
366,UFCE-FF2,False,False,1377.1458189999066,OK
366,UFCE-FF3,False,False,1474.8652570001468,OK
367,DiCE,False,False,1940.3067309999642,OK
367,DiCE-genetic,False,False,60001.99030799922,TIMEOUT
367,DiCE-kdtree,False,False,425.8413700008532,OK
367,UFCE-FF1,False,False,277.52964899991645,OK
367,UFCE-FF2,False,False,1684.2889199997444,OK
367,UFCE-FF3,False,False,2164.143490999777,OK
368,DiCE,False,False,1505.9853930001736,OK
368,DiCE-genetic,False,False,60001.756520003255,TIMEOUT
368,DiCE-kdtree,False,False,394.5373030001065,OK
368,UFCE-FF1,False,False,259.5530329999747,OK
368,UFCE-FF2,False,False,967.1037500002058,OK
368,UFCE-FF3,False,False,1542.5174779998088,OK
369,DiCE,False,False,1667.1711870003492,OK
369,DiCE-genetic,False,False,1797.9455390013754,OK
369,DiCE-kdtree,False,False,409.19647800183157,OK
369,UFCE-FF1,False,False,337.54517400029727,OK
369,UFCE-FF2,False,False,1086.1325000005309,OK
369,UFCE-FF3,False,False,902.514269000676,OK
370,DiCE,True,False,2538.7504410000474,OK
370,DiCE-genetic,True,True,1513.6791650002124,OK
370,DiCE-kdtree,False,False,419.4973360026779,OK
370,UFCE-FF1,True,True,656.9437539999399,OK
370,UFCE-FF2,True,True,2764.2426459999574,OK
370,UFCE-FF3,True,True,3549.583777999942,OK
371,DiCE,False,False,3831.963134000034,OK
371,DiCE-genetic,False,False,60001.812788999814,TIMEOUT
371,DiCE-kdtree,False,False,396.3625750002393,OK
371,UFCE-FF1,False,False,317.947600000025,OK
371,UFCE-FF2,False,False,1043.8801380000768,OK
371,UFCE-FF3,False,False,1472.4601449997863,OK
372,DiCE,True,False,4027.5745549997737,OK
372,DiCE-genetic,True,True,1499.5463340019342,OK
372,DiCE-kdtree,False,False,330.6015439957264,OK
372,UFCE-FF1,True,True,397.265781999522,OK
372,UFCE-FF2,True,True,1102.471666999918,OK
372,UFCE-FF3,True,True,1135.7799490006073,OK
373,DiCE,True,False,19599.04970000025,OK
373,DiCE-genetic,True,True,3920.826991998183,OK
373,DiCE-kdtree,False,False,375.56055200548144,OK
373,UFCE-FF1,True,True,407.23907399933523,OK
373,UFCE-FF2,True,True,1857.6311440001518,OK
373,UFCE-FF3,True,True,1045.8574120002595,OK
374,DiCE,False,False,3068.3898899997075,OK
374,DiCE-genetic,False,False,60001.71361500179,TIMEOUT
374,DiCE-kdtree,False,False,431.22390099961194,OK
374,UFCE-FF1,False,False,284.9470350001866,OK
374,UFCE-FF2,False,False,1400.8600719998867,OK
374,UFCE-FF3,False,False,1199.7763909998866,OK
375,DiCE,False,False,1230.978710999807,OK
375,DiCE-genetic,False,False,3249.5810390028055,OK
375,DiCE-kdtree,False,False,416.98310000356287,OK
375,UFCE-FF1,False,False,346.31297800024186,OK
375,UFCE-FF2,False,False,855.7138890000715,OK
375,UFCE-FF3,False,False,1706.2036170000283,OK
376,DiCE,True,False,6600.338930000362,OK
376,DiCE-genetic,True,True,21214.94779499335,OK
376,DiCE-kdtree,False,False,310.4400849988451,OK
376,UFCE-FF1,True,True,520.8613160002642,OK
376,UFCE-FF2,True,True,1543.3337329995993,OK
376,UFCE-FF3,True,True,1619.2783090000376,OK
377,DiCE,False,False,1450.0915839998927,OK
377,DiCE-genetic,False,False,60227.35158099749,TIMEOUT
377,DiCE-kdtree,False,False,420.7018089982739,OK
377,UFCE-FF1,False,False,691.1322720000044,OK
377,UFCE-FF2,False,False,2243.839509000054,OK
377,UFCE-FF3,False,False,2631.18936900014,OK
378,DiCE,False,False,3966.4242349999768,OK
378,DiCE-genetic,False,False,60001.655893000134,TIMEOUT
378,DiCE-kdtree,False,False,431.4962509997713,OK
378,UFCE-FF1,False,False,323.6132090000865,OK
378,UFCE-FF2,False,False,1022.5865869997506,OK
378,UFCE-FF3,False,False,967.8641380000954,OK
379,DiCE,False,False,3259.825357000409,OK
379,DiCE-genetic,False,False,3385.515205998672,OK
379,DiCE-kdtree,False,False,370.4970620019594,OK
379,UFCE-FF1,False,False,351.50406999946426,OK
379,UFCE-FF2,False,False,1059.9381740003082,OK
379,UFCE-FF3,False,False,1813.1554139999935,OK
380,DiCE,True,False,4468.847516000096,OK
380,DiCE-genetic,True,True,1690.4752170012216,OK
380,DiCE-kdtree,False,False,411.7752419988392,OK
380,UFCE-FF1,True,True,398.23552899997594,OK
380,UFCE-FF2,True,True,1227.5269019992265,OK
380,UFCE-FF3,True,True,1593.0049130001862,OK
381,DiCE,False,False,2043.3561809995808,OK
381,DiCE-genetic,False,False,20609.92576799981,OK
381,DiCE-kdtree,False,False,443.2563040027162,OK
381,UFCE-FF1,False,False,418.99054800023805,OK
381,UFCE-FF2,False,False,1497.8484349999235,OK
381,UFCE-FF3,False,False,2054.073451000022,OK
382,DiCE,False,False,8930.812460999732,OK
382,DiCE-genetic,True,True,4568.038354002056,OK
382,DiCE-kdtree,False,False,417.76752499572467,OK
382,UFCE-FF1,False,False,321.76394399994024,OK
382,UFCE-FF2,False,False,1104.217711000274,OK
382,UFCE-FF3,False,False,1678.4529119995568,OK
383,DiCE,False,False,4068.357648000074,OK
383,DiCE-genetic,False,False,60001.86257899986,TIMEOUT
383,DiCE-kdtree,False,False,464.7156789978908,OK
383,UFCE-FF1,False,False,305.38024600036806,OK
383,UFCE-FF2,False,False,1166.8997650003803,OK
383,UFCE-FF3,False,False,2305.614723000417,OK
384,DiCE,False,False,1672.096436999709,OK
384,DiCE-genetic,False,False,60002.20929400166,TIMEOUT
384,DiCE-kdtree,False,False,354.62010799892596,OK
384,UFCE-FF1,False,False,270.7908449997376,OK
384,UFCE-FF2,False,False,1338.0000610000025,OK
384,UFCE-FF3,False,False,1269.4726780000565,OK
385,DiCE,True,False,5174.31960399972,OK
385,DiCE-genetic,True,False,2379.533283994533,OK
385,DiCE-kdtree,False,False,407.44473499944434,OK
385,UFCE-FF1,True,True,430.8573059997798,OK
385,UFCE-FF2,True,True,1133.7756650000301,OK
385,UFCE-FF3,True,True,1058.6528210005781,OK
386,DiCE,False,False,1427.516360000027,OK
386,DiCE-genetic,False,False,60002.05898399872,TIMEOUT
386,DiCE-kdtree,False,False,389.27498100019875,OK
386,UFCE-FF1,False,False,545.7032529999424,OK
386,UFCE-FF2,False,False,1479.722807999906,OK
386,UFCE-FF3,False,False,2101.7358070000682,OK
387,DiCE,False,False,1431.5171240000382,OK
387,DiCE-genetic,False,False,60002.05660099891,TIMEOUT
387,DiCE-kdtree,False,False,582.9555980017176,OK
387,UFCE-FF1,False,False,711.4002850000817,OK
387,UFCE-FF2,False,False,2522.048605000009,OK
387,UFCE-FF3,False,False,864.1504459999396,OK
388,DiCE,False,False,1445.0337230000516,OK
388,DiCE-genetic,False,False,60062.30855799913,TIMEOUT
388,DiCE-kdtree,False,False,539.0742400013551,OK
388,UFCE-FF1,False,False,817.1944869999379,OK
388,UFCE-FF2,False,False,1064.319021000074,OK
388,UFCE-FF3,False,False,2281.924452000112,OK
389,DiCE,False,False,1472.816280999723,OK
389,DiCE-genetic,False,False,60002.10455800152,TIMEOUT
389,DiCE-kdtree,False,False,480.4734229983296,OK
389,UFCE-FF1,False,False,579.4442530000198,OK
389,UFCE-FF2,False,False,2504.3514559999953,OK
389,UFCE-FF3,False,False,2563.463472999956,OK
390,DiCE,False,False,1440.123794000101,OK
390,DiCE-genetic,False,False,60077.28729500013,TIMEOUT
390,DiCE-kdtree,False,False,434.15489900144166,OK
390,UFCE-FF1,False,False,784.5977660000473,OK
390,UFCE-FF2,False,False,2561.345498000037,OK
390,UFCE-FF3,False,False,1760.861807000083,OK
391,DiCE,False,False,2969.4156410000687,OK
391,DiCE-genetic,False,False,60001.63605200214,TIMEOUT
391,DiCE-kdtree,False,False,382.7818040008424,OK
391,UFCE-FF1,False,False,278.6271959998885,OK
391,UFCE-FF2,False,False,1580.4733079999096,OK
391,UFCE-FF3,False,False,1004.1767430002437,OK
392,DiCE,False,False,1443.7879840002095,OK
392,DiCE-genetic,False,False,60002.11207100074,TIMEOUT
392,DiCE-kdtree,False,False,557.6411860020016,OK
392,UFCE-FF1,False,False,963.188366000054,OK
392,UFCE-FF2,False,False,2366.781683999989,OK
392,UFCE-FF3,False,False,2909.6050189998546,OK
393,DiCE,True,False,8207.660150000265,OK
393,DiCE-genetic,True,True,2599.081943000783,OK
393,DiCE-kdtree,False,False,329.0074980031932,OK
393,UFCE-FF1,True,True,539.8636009995244,OK
393,UFCE-FF2,True,True,1473.394728999665,OK
393,UFCE-FF3,True,True,1063.7256130003152,OK
394,DiCE,True,False,4635.430057000121,OK
394,DiCE-genetic,True,True,2976.8157549988246,OK
394,DiCE-kdtree,False,False,341.5456759976223,OK
394,UFCE-FF1,True,True,471.8014039999616,OK
394,UFCE-FF2,True,True,1580.4939649997323,OK
394,UFCE-FF3,False,False,783.8316500001383,OK
395,DiCE,False,False,1301.1889819999851,OK
395,DiCE-genetic,False,False,3203.4316419958486,OK
395,DiCE-kdtree,False,False,396.38098100112984,OK
395,UFCE-FF1,False,False,370.0284799997462,OK
395,UFCE-FF2,False,False,891.9047690005755,OK
395,UFCE-FF3,False,False,942.7633969999079,OK
396,DiCE,False,False,1692.6501640000424,OK
396,DiCE-genetic,False,False,60002.054443000816,TIMEOUT
396,DiCE-kdtree,False,False,254.90805899971747,OK
396,UFCE-FF1,False,False,257.835471999897,OK
396,UFCE-FF2,False,False,1488.7124110000514,OK
396,UFCE-FF3,False,False,1248.1621580000137,OK
397,DiCE,False,False,1408.329060000142,OK
397,DiCE-genetic,False,False,60003.34211000154,TIMEOUT
397,DiCE-kdtree,False,False,482.3542360027204,OK
397,UFCE-FF1,False,False,319.18999000026815,OK
397,UFCE-FF2,False,False,942.7211319998605,OK
397,UFCE-FF3,False,False,805.8519989999695,OK
398,DiCE,False,False,4238.761890000205,OK
398,DiCE-genetic,False,False,60001.708585001325,TIMEOUT
398,DiCE-kdtree,False,False,389.7153319994686,OK
398,UFCE-FF1,False,False,350.69084100041437,OK
398,UFCE-FF2,False,False,1463.3247809997556,OK
398,UFCE-FF3,False,False,1067.3330650001844,OK
399,DiCE,False,False,4209.435109999959,OK
399,DiCE-genetic,False,False,60003.59879300049,TIMEOUT
399,DiCE-kdtree,False,False,428.7567030005448,OK
399,UFCE-FF1,False,False,818.6203719999412,OK
399,UFCE-FF2,False,False,1673.5633519999735,OK
399,UFCE-FF3,False,False,3511.1375450001105,OK
400,DiCE,False,False,1742.8186070001175,OK
400,DiCE-genetic,False,False,60001.76778899913,TIMEOUT
400,DiCE-kdtree,False,False,478.10665699944366,OK
400,UFCE-FF1,False,False,268.80136699992363,OK
400,UFCE-FF2,False,False,802.2932950002541,OK
400,UFCE-FF3,False,False,1261.475707000045,OK
401,DiCE,False,False,3942.1464209999613,OK
401,DiCE-genetic,False,False,60001.653423998505,TIMEOUT
401,DiCE-kdtree,False,False,373.4649139987596,OK
401,UFCE-FF1,False,False,230.93112600008683,OK
401,UFCE-FF2,False,False,862.8486910001811,OK
401,UFCE-FF3,False,False,1961.4391989998694,OK
402,DiCE,False,False,2490.0687690005725,OK
402,DiCE-genetic,False,False,60001.6330949984,TIMEOUT
402,DiCE-kdtree,False,False,331.0082259995397,OK
402,UFCE-FF1,False,False,361.92326900027183,OK
402,UFCE-FF2,False,False,1624.4829620000019,OK
402,UFCE-FF3,False,False,1147.1878269999252,OK
403,DiCE,True,False,1970.389651000005,OK
403,DiCE-genetic,True,True,1203.1514689988398,OK
403,DiCE-kdtree,False,False,491.16725999920163,OK
403,UFCE-FF1,False,False,797.6588099999162,OK
403,UFCE-FF2,True,True,2826.2352290000763,OK
403,UFCE-FF3,False,False,2819.575422000071,OK
404,DiCE,False,False,12317.59108300048,OK
404,DiCE-genetic,False,False,1893.391020996205,OK
404,DiCE-kdtree,False,False,320.30032799957553,OK
404,UFCE-FF1,False,False,315.60391999937565,OK
404,UFCE-FF2,False,False,959.9287310002182,OK
404,UFCE-FF3,False,False,975.2027730000918,OK
405,DiCE,False,False,2899.443889000395,OK
405,DiCE-genetic,False,False,60002.21888200031,TIMEOUT
405,DiCE-kdtree,False,False,352.78264800217585,OK
405,UFCE-FF1,False,False,244.2328440001802,OK
405,UFCE-FF2,False,False,1342.768210000031,OK
405,UFCE-FF3,False,False,817.0441409997693,OK
406,DiCE,False,False,3659.9985840002773,OK
406,DiCE-genetic,False,False,60001.558664000186,TIMEOUT
406,DiCE-kdtree,False,False,403.00475299954996,OK
406,UFCE-FF1,False,False,436.03441000004756,OK
406,UFCE-FF2,False,False,1480.9068250001474,OK
406,UFCE-FF3,False,False,1246.3243980000698,OK
407,DiCE,False,False,1867.5175340003989,OK
407,DiCE-genetic,False,False,60002.31584100038,TIMEOUT
407,DiCE-kdtree,False,False,428.4045159984089,OK
407,UFCE-FF1,False,False,271.0287309996602,OK
407,UFCE-FF2,False,False,1470.90795000031,OK
407,UFCE-FF3,False,False,2056.429554999795,OK
408,DiCE,False,False,1403.2477659998221,OK
408,DiCE-genetic,False,False,60081.645580998156,TIMEOUT
408,DiCE-kdtree,False,False,427.77233599917963,OK
408,UFCE-FF1,False,False,563.3579520000468,OK
408,UFCE-FF2,False,False,1991.3124080001126,OK
408,UFCE-FF3,False,False,1663.857822999944,OK
409,DiCE,False,False,1431.8880589999026,OK
409,DiCE-genetic,False,False,60002.139457999874,TIMEOUT
409,DiCE-kdtree,False,False,402.4524000014935,OK
409,UFCE-FF1,False,False,784.9395189999768,OK
409,UFCE-FF2,False,False,1865.0688959999115,OK
409,UFCE-FF3,False,False,2842.203217000133,OK
410,DiCE,False,False,1455.487883999922,OK
410,DiCE-genetic,False,False,60002.09601200004,TIMEOUT
410,DiCE-kdtree,False,False,328.99592900139396,OK
410,UFCE-FF1,False,False,891.6907609999498,OK
410,UFCE-FF2,False,False,2459.8697849999103,OK
410,UFCE-FF3,False,False,1448.8805410001078,OK
411,DiCE,False,False,1423.8618739996127,OK
411,DiCE-genetic,False,False,60042.37686700071,TIMEOUT
411,DiCE-kdtree,False,False,477.6767599978484,OK
411,UFCE-FF1,False,False,416.7496910000637,OK
411,UFCE-FF2,False,False,812.0831979999822,OK
411,UFCE-FF3,False,False,2555.7244409999385,OK
412,DiCE,True,False,22151.18687299946,OK
412,DiCE-genetic,True,True,1536.4767020000727,OK
412,DiCE-kdtree,False,False,310.7766229950357,OK
412,UFCE-FF1,True,True,437.422967999737,OK
412,UFCE-FF2,True,True,1347.1107340001254,OK
412,UFCE-FF3,True,True,1151.2031390002448,OK
413,DiCE,False,False,1512.048593000145,OK
413,DiCE-genetic,False,False,60001.563689998875,TIMEOUT
413,DiCE-kdtree,False,False,343.4282400048687,OK
413,UFCE-FF1,False,False,264.4933580004363,OK
413,UFCE-FF2,False,False,781.3798539991694,OK
413,UFCE-FF3,False,False,1213.9008619997185,OK
414,DiCE,False,False,3409.325863000049,OK
414,DiCE-genetic,False,False,60001.80007299787,TIMEOUT
414,DiCE-kdtree,False,False,358.3144580006774,OK
414,UFCE-FF1,False,False,351.0674429999199,OK
414,UFCE-FF2,False,False,1455.277636000119,OK
414,UFCE-FF3,False,False,1176.8799789997502,OK
415,DiCE,False,False,4692.214691000117,OK
415,DiCE-genetic,False,False,60012.63597400066,TIMEOUT
415,DiCE-kdtree,False,False,433.59767500078306,OK
415,UFCE-FF1,False,False,625.2074910000829,OK
415,UFCE-FF2,False,False,2433.337007999853,OK
415,UFCE-FF3,False,False,2046.101889999818,OK
416,DiCE,False,False,4151.3499789998605,OK
416,DiCE-genetic,False,False,60001.83729199853,TIMEOUT
416,DiCE-kdtree,False,False,383.2383299995854,OK
416,UFCE-FF1,False,False,462.42561700000806,OK
416,UFCE-FF2,False,False,1079.4361790003677,OK
416,UFCE-FF3,False,False,1502.5726909998411,OK
417,DiCE,False,False,3328.9244349998626,OK
417,DiCE-genetic,False,False,60001.64439299988,TIMEOUT
417,DiCE-kdtree,False,False,516.2613419997797,OK
417,UFCE-FF1,False,False,275.5529060000299,OK
417,UFCE-FF2,False,False,1495.6669709999915,OK
417,UFCE-FF3,False,False,1732.9838660002679,OK
418,DiCE,False,False,4122.015431000136,OK
418,DiCE-genetic,False,False,60012.04688100006,TIMEOUT
418,DiCE-kdtree,False,False,439.30991899833316,OK
418,UFCE-FF1,False,False,685.6077630000073,OK
418,UFCE-FF2,False,False,2127.7318149999473,OK
418,UFCE-FF3,False,False,2892.088940999884,OK
419,DiCE,False,False,1429.5489450000787,OK
419,DiCE-genetic,False,False,60002.0530849979,TIMEOUT
419,DiCE-kdtree,False,False,438.14849900081754,OK
419,UFCE-FF1,False,False,723.8820149999582,OK
419,UFCE-FF2,False,False,2115.617024999892,OK
419,UFCE-FF3,False,False,2284.6628370000417,OK
420,DiCE,True,True,10769.309284999965,OK
420,DiCE-genetic,True,True,21883.723455999643,OK
420,DiCE-kdtree,False,False,338.11390199844027,OK
420,UFCE-FF1,True,True,1723.2795680000665,OK
420,UFCE-FF2,True,True,4669.285285000001,OK
420,UFCE-FF3,True,True,6354.597360000071,OK
421,DiCE,False,False,3584.3524400002025,OK
421,DiCE-genetic,False,False,60001.76164599907,TIMEOUT
421,DiCE-kdtree,False,False,421.9984339979419,OK
421,UFCE-FF1,False,False,239.76479799966907,OK
421,UFCE-FF2,False,False,1308.1374190001043,OK
421,UFCE-FF3,False,False,1314.4588149998526,OK
422,DiCE,False,False,1236.3046880000184,OK
422,DiCE-genetic,False,False,60001.59541799803,TIMEOUT
422,DiCE-kdtree,False,False,306.4196740015177,OK
422,UFCE-FF1,False,False,292.8190620004898,OK
422,UFCE-FF2,False,False,1067.4838850000015,OK
422,UFCE-FF3,False,False,872.0188959996449,OK
423,DiCE,False,False,1423.8574249998237,OK
423,DiCE-genetic,False,False,60038.2799759991,TIMEOUT
423,DiCE-kdtree,False,False,444.5224920018518,OK
423,UFCE-FF1,False,False,1054.676803999996,OK
423,UFCE-FF2,False,False,2310.509783000043,OK
423,UFCE-FF3,False,False,2606.900461999885,OK
424,DiCE,True,False,5489.0581449999445,OK
424,DiCE-genetic,True,True,2104.467320998083,OK
424,DiCE-kdtree,False,False,337.3940110031981,OK
424,UFCE-FF1,True,True,443.5934040002394,OK
424,UFCE-FF2,True,True,1249.8258530004023,OK
424,UFCE-FF3,True,True,1515.5844479995721,OK
425,DiCE,False,False,23145.947024000634,OK
425,DiCE-genetic,True,True,1955.313918995671,OK
425,DiCE-kdtree,False,False,436.75768499815604,OK
425,UFCE-FF1,False,False,415.9347830000115,OK
425,UFCE-FF2,False,False,1407.8421760004858,OK
425,UFCE-FF3,False,False,1145.5985480006348,OK
426,DiCE,False,False,1449.361811000017,OK
426,DiCE-genetic,False,False,60001.60479499755,TIMEOUT
426,DiCE-kdtree,False,False,380.6810399983078,OK
426,UFCE-FF1,False,False,304.36379099955957,OK
426,UFCE-FF2,False,False,1167.408248999891,OK
426,UFCE-FF3,False,False,757.7376270000968,OK
427,DiCE,True,True,2610.142446000282,OK
427,DiCE-genetic,True,True,2291.229509006371,OK
427,DiCE-kdtree,False,False,370.76204999902984,OK
427,UFCE-FF1,True,True,387.02792000003683,OK
427,UFCE-FF2,True,True,932.1359030000167,OK
427,UFCE-FF3,True,True,1055.3737690006528,OK
428,DiCE,True,False,3998.1477999999697,OK
428,DiCE-genetic,True,True,2229.9119330054964,OK
428,DiCE-kdtree,False,False,414.1197099961573,OK
428,UFCE-FF1,True,True,461.454479999702,OK
428,UFCE-FF2,True,True,1059.1978009997547,OK
428,UFCE-FF3,True,True,1514.3683620008233,OK
429,DiCE,False,False,8039.212174999193,OK
429,DiCE-genetic,False,False,1605.5817320011556,OK
429,DiCE-kdtree,False,False,386.86343999870587,OK
429,UFCE-FF1,False,False,301.4000279999891,OK
429,UFCE-FF2,False,False,1151.0299720002877,OK
429,UFCE-FF3,False,False,978.646903000481,OK
430,DiCE,False,False,1740.7013390002248,OK
430,DiCE-genetic,False,False,60002.32584100013,TIMEOUT
430,DiCE-kdtree,False,False,347.5805109992507,OK
430,UFCE-FF1,False,False,255.408086999978,OK
430,UFCE-FF2,False,False,1499.0739400000166,OK
430,UFCE-FF3,False,False,1750.6595190002372,OK
431,DiCE,False,False,1457.9330160004247,OK
431,DiCE-genetic,False,False,60001.71039599809,TIMEOUT
431,DiCE-kdtree,False,False,466.35429299931275,OK
431,UFCE-FF1,False,False,275.61660100036534,OK
431,UFCE-FF2,False,False,1179.0201519997936,OK
431,UFCE-FF3,False,False,1631.7271160005475,OK
432,DiCE,True,False,3123.127566999756,OK
432,DiCE-genetic,True,True,965.9261439992406,OK
432,DiCE-kdtree,False,False,384.6206970010826,OK
432,UFCE-FF1,True,True,1242.7196449999656,OK
432,UFCE-FF2,True,True,2441.207832999908,OK
432,UFCE-FF3,False,False,3179.12494999996,OK
433,DiCE,False,False,1420.973168000273,OK
433,DiCE-genetic,False,False,60295.240837000165,TIMEOUT
433,DiCE-kdtree,False,False,371.64642400239245,OK
433,UFCE-FF1,False,False,779.9272060000249,OK
433,UFCE-FF2,False,False,1465.2569610000228,OK
433,UFCE-FF3,False,False,2076.7509649999743,OK
434,DiCE,True,True,19410.35994899994,OK
434,DiCE-genetic,True,True,20496.01576099667,OK
434,DiCE-kdtree,False,False,332.2977149982762,OK
434,UFCE-FF1,True,True,606.8697989999238,OK
434,UFCE-FF2,True,True,1760.6639489999907,OK
434,UFCE-FF3,False,False,926.8297669996173,OK
435,DiCE,False,False,1804.8193039999205,OK
435,DiCE-genetic,False,False,60086.66582100341,TIMEOUT
435,DiCE-kdtree,False,False,456.83191799980705,OK
435,UFCE-FF1,False,False,267.1401510001488,OK
435,UFCE-FF2,False,False,1286.7565990000003,OK
435,UFCE-FF3,False,False,989.1671870000209,OK
436,DiCE,False,False,4142.997751999246,OK
436,DiCE-genetic,False,False,60001.639025998884,TIMEOUT
436,DiCE-kdtree,False,False,338.9855940004054,OK
436,UFCE-FF1,False,False,359.03912700041474,OK
436,UFCE-FF2,False,False,1226.480102000096,OK
436,UFCE-FF3,False,False,855.5524480002532,OK
437,DiCE,False,False,4013.8208859998485,OK
437,DiCE-genetic,False,False,60001.8423649999,TIMEOUT
437,DiCE-kdtree,False,False,293.73703300007037,OK
437,UFCE-FF1,False,False,311.48703000008027,OK
437,UFCE-FF2,False,False,1591.0676439998497,OK
437,UFCE-FF3,False,False,1918.4969229995659,OK
438,DiCE,False,False,1476.0259529994073,OK
438,DiCE-genetic,False,False,60001.614988002984,TIMEOUT
438,DiCE-kdtree,False,False,342.0942860029754,OK
438,UFCE-FF1,False,False,314.9294189997818,OK
438,UFCE-FF2,False,False,1129.6433670004262,OK
438,UFCE-FF3,False,False,1647.544050999386,OK
439,DiCE,False,False,1499.7413769997365,OK
439,DiCE-genetic,False,False,60003.42571299916,TIMEOUT
439,DiCE-kdtree,False,False,332.11367900003097,OK
439,UFCE-FF1,False,False,320.42960099988704,OK
439,UFCE-FF2,False,False,1467.0423940001456,OK
439,UFCE-FF3,False,False,1244.393957000284,OK
440,DiCE,False,False,4160.09121100069,OK
440,DiCE-genetic,False,False,60001.60179899831,TIMEOUT
440,DiCE-kdtree,False,False,441.21904599887785,OK
440,UFCE-FF1,False,False,306.69669300004904,OK
440,UFCE-FF2,False,False,1708.7324789999911,OK
440,UFCE-FF3,False,False,1576.975559999937,OK
441,DiCE,False,False,3927.0803770000384,OK
441,DiCE-genetic,False,False,60007.25784600036,TIMEOUT
441,DiCE-kdtree,False,False,488.8805010014039,OK
441,UFCE-FF1,False,False,766.1375879999922,OK
441,UFCE-FF2,False,False,1862.8990449999487,OK
441,UFCE-FF3,False,False,2584.4440779999327,OK
442,DiCE,True,False,3346.3378260003083,OK
442,DiCE-genetic,True,True,1543.1545960018411,OK
442,DiCE-kdtree,False,False,480.2883689990267,OK
442,UFCE-FF1,True,True,431.7492649997803,OK
442,UFCE-FF2,True,True,1007.2344719992543,OK
442,UFCE-FF3,False,False,1021.0563159998856,OK
443,DiCE,False,False,1468.823039000199,OK
443,DiCE-genetic,False,False,60001.73114100471,TIMEOUT
443,DiCE-kdtree,False,False,356.10021599859465,OK
443,UFCE-FF1,False,False,284.99147900038224,OK
443,UFCE-FF2,False,False,816.3345560005837,OK
443,UFCE-FF3,False,False,1505.9742650000771,OK
444,DiCE,True,False,45084.20947600007,OK
444,DiCE-genetic,True,True,3517.266142000153,OK
444,DiCE-kdtree,False,False,508.68379199891933,OK
444,UFCE-FF1,True,True,535.8256289999872,OK
444,UFCE-FF2,True,True,4777.1365539999815,OK
444,UFCE-FF3,False,False,1353.1275210000329,OK
445,DiCE,False,False,1435.874560999764,OK
445,DiCE-genetic,False,False,60001.9234650008,TIMEOUT
445,DiCE-kdtree,False,False,429.8933299978671,OK
445,UFCE-FF1,False,False,410.98181499990005,OK
445,UFCE-FF2,False,False,2168.224119000115,OK
445,UFCE-FF3,False,False,2202.786596000124,OK
446,DiCE,False,False,4325.170972999331,OK
446,DiCE-genetic,False,False,20327.377661000355,OK
446,DiCE-kdtree,False,False,378.34046400530497,OK
446,UFCE-FF1,False,False,366.1264120000851,OK
446,UFCE-FF2,False,False,1095.3720779998548,OK
446,UFCE-FF3,False,False,145.7143650004582,OK
447,DiCE,False,False,14837.965161999819,OK
447,DiCE-genetic,False,False,3877.421466000669,OK
447,DiCE-kdtree,False,False,353.9104940027755,OK
447,UFCE-FF1,False,False,348.77777400015475,OK
447,UFCE-FF2,False,False,2124.2347739998877,OK
447,UFCE-FF3,False,False,1364.4006520003131,OK
448,DiCE,True,False,4835.007617999962,OK
448,DiCE-genetic,True,True,1177.6797189995705,OK
448,DiCE-kdtree,False,False,514.8326919988904,OK
448,UFCE-FF1,True,True,490.29871499999433,OK
448,UFCE-FF2,True,True,2805.912212999829,OK
448,UFCE-FF3,True,True,3412.0206549998784,OK
449,DiCE,False,False,3547.573376999935,OK
449,DiCE-genetic,False,False,60001.753537002514,TIMEOUT
449,DiCE-kdtree,False,False,392.96433699928457,OK
449,UFCE-FF1,False,False,318.2304789997943,OK
449,UFCE-FF2,False,False,851.4963940001508,OK
449,UFCE-FF3,False,False,1133.987335999791,OK
450,DiCE,False,False,1700.0688359999003,OK
450,DiCE-genetic,False,False,60001.85078699724,TIMEOUT
450,DiCE-kdtree,False,False,350.87293200194836,OK
450,UFCE-FF1,False,False,268.96813499979544,OK
450,UFCE-FF2,False,False,1209.8810340003183,OK
450,UFCE-FF3,False,False,1393.1762580000395,OK
451,DiCE,False,False,1915.7945179999842,OK
451,DiCE-genetic,False,False,60001.9476080015,TIMEOUT
451,DiCE-kdtree,False,False,380.1469909994921,OK
451,UFCE-FF1,False,False,271.6813170000023,OK
451,UFCE-FF2,False,False,874.9162690000958,OK
451,UFCE-FF3,False,False,2000.1912439997795,OK
452,DiCE,False,False,3891.994724000142,OK
452,DiCE-genetic,False,False,60001.617948000785,TIMEOUT
452,DiCE-kdtree,False,False,412.34236099990085,OK
452,UFCE-FF1,False,False,300.5088009999781,OK
452,UFCE-FF2,False,False,1449.0235990001565,OK
452,UFCE-FF3,False,False,1222.6008830002684,OK
453,DiCE,False,False,3311.4449120002973,OK
453,DiCE-genetic,False,False,60003.22691799738,TIMEOUT
453,DiCE-kdtree,False,False,358.20134800087544,OK
453,UFCE-FF1,False,False,365.0942099998247,OK
453,UFCE-FF2,False,False,1315.0810330002969,OK
453,UFCE-FF3,False,False,1921.8359029996464,OK
454,DiCE,False,False,1424.1198629997598,OK
454,DiCE-genetic,False,False,60002.256390000184,TIMEOUT
454,DiCE-kdtree,False,False,354.79666700121015,OK
454,UFCE-FF1,False,False,1083.7790890000176,OK
454,UFCE-FF2,False,False,2286.528223000005,OK
454,UFCE-FF3,False,False,1117.7821480000605,OK
455,DiCE,False,False,12522.628261000136,OK
455,DiCE-genetic,False,False,4783.351619000314,OK
455,DiCE-kdtree,False,False,397.79341100074816,OK
455,UFCE-FF1,False,False,289.22367799987114,OK
455,UFCE-FF2,False,False,894.9902309996105,OK
455,UFCE-FF3,False,False,977.7158580000105,OK
456,DiCE,False,False,1426.6022949996113,OK
456,DiCE-genetic,False,False,60001.67481700191,TIMEOUT
456,DiCE-kdtree,False,False,427.6079490009579,OK
456,UFCE-FF1,False,False,302.53579200052627,OK
456,UFCE-FF2,False,False,1465.5489679998936,OK
456,UFCE-FF3,False,False,1304.7193660004268,OK
457,DiCE,True,True,3111.183973000152,OK
457,DiCE-genetic,True,True,1414.64063300009,OK
457,DiCE-kdtree,False,False,390.95181000084267,OK
457,UFCE-FF1,False,False,878.4057120000169,OK
457,UFCE-FF2,False,False,2412.47773300006,OK
457,UFCE-FF3,False,False,2445.804970999916,OK
458,DiCE,False,False,1427.346770999975,OK
458,DiCE-genetic,False,False,60002.33647099958,TIMEOUT
458,DiCE-kdtree,False,False,459.0565920007066,OK
458,UFCE-FF1,False,False,1063.9181279999548,OK
458,UFCE-FF2,False,False,2263.2271469999523,OK
458,UFCE-FF3,False,False,2451.459172999876,OK
459,DiCE,False,False,6674.072253000304,OK
459,DiCE-genetic,True,True,924.2850829996314,OK
459,DiCE-kdtree,False,False,356.1382469997625,OK
459,UFCE-FF1,False,False,1141.5966399999886,OK
459,UFCE-FF2,False,False,2730.997797999862,OK
459,UFCE-FF3,True,True,3467.2140539998964,OK
460,DiCE,False,False,1401.2706460007394,OK
460,DiCE-genetic,False,False,60001.67587000033,TIMEOUT
460,DiCE-kdtree,False,False,327.17230600246694,OK
460,UFCE-FF1,False,False,263.75052999992477,OK
460,UFCE-FF2,False,False,846.5728829996806,OK
460,UFCE-FF3,False,False,668.5582640002394,OK
461,DiCE,False,False,3300.931349000166,OK
461,DiCE-genetic,False,False,60001.752576998115,TIMEOUT
461,DiCE-kdtree,False,False,516.3164109981153,OK
461,UFCE-FF1,False,False,324.1827169999852,OK
461,UFCE-FF2,False,False,1388.3607739999206,OK
461,UFCE-FF3,False,False,944.2800760002683,OK
462,DiCE,False,False,1445.4194569998435,OK
462,DiCE-genetic,False,False,60001.64786900132,TIMEOUT
462,DiCE-kdtree,False,False,388.04137500119396,OK
462,UFCE-FF1,False,False,277.44666199942003,OK
462,UFCE-FF2,False,False,780.5036549998476,OK
462,UFCE-FF3,False,False,519.2475410003681,OK
463,DiCE,False,False,1750.0855850003063,OK
463,DiCE-genetic,False,False,60001.79004900201,TIMEOUT
463,DiCE-kdtree,False,False,332.1722759974364,OK
463,UFCE-FF1,False,False,271.9362509997154,OK
463,UFCE-FF2,False,False,1241.1068470000828,OK
463,UFCE-FF3,False,False,1583.694318000198,OK
464,DiCE,True,False,19674.239898999986,OK
464,DiCE-genetic,True,True,2271.8842350004707,OK
464,DiCE-kdtree,False,False,387.9453849986021,OK
464,UFCE-FF1,True,True,562.9622239998753,OK
464,UFCE-FF2,True,True,1895.5054490002112,OK
464,UFCE-FF3,True,True,2253.489957000056,OK
465,DiCE,False,False,1417.4197669999558,OK
465,DiCE-genetic,False,False,60001.60434099962,TIMEOUT
465,DiCE-kdtree,False,False,343.09797400055686,OK
465,UFCE-FF1,False,False,262.8913010003089,OK
465,UFCE-FF2,False,False,923.3229689998552,OK
465,UFCE-FF3,False,False,383.9959990000352,OK
466,DiCE,False,False,1436.7928339997889,OK
466,DiCE-genetic,False,False,60002.17679100024,TIMEOUT
466,DiCE-kdtree,False,False,533.9220269997895,OK
466,UFCE-FF1,False,False,596.4618770000243,OK
466,UFCE-FF2,False,False,2155.958185999907,OK
466,UFCE-FF3,False,False,971.6510000000653,OK
467,DiCE,False,False,1425.9719709998535,OK
467,DiCE-genetic,False,False,60001.79443199886,TIMEOUT
467,DiCE-kdtree,False,False,427.2264070023084,OK
467,UFCE-FF1,False,False,305.8128620004936,OK
467,UFCE-FF2,False,False,1057.375733000299,OK
467,UFCE-FF3,False,False,1266.8260489999739,OK
468,DiCE,False,False,9052.273976999459,OK
468,DiCE-genetic,True,True,21187.57049800479,OK
468,DiCE-kdtree,False,False,405.2974819933297,OK
468,UFCE-FF1,False,False,343.85464700062585,OK
468,UFCE-FF2,False,False,1187.5450520001323,OK
468,UFCE-FF3,False,False,1064.247979999891,OK
469,DiCE,False,False,1412.7174039995225,OK
469,DiCE-genetic,False,False,60001.57710599888,TIMEOUT
469,DiCE-kdtree,False,False,358.05201699986355,OK
469,UFCE-FF1,False,False,342.31896699930076,OK
469,UFCE-FF2,False,False,860.7066900003701,OK
469,UFCE-FF3,False,False,805.2864819992465,OK
470,DiCE,False,False,1929.8828290002348,OK
470,DiCE-genetic,False,False,60001.66483499925,TIMEOUT
470,DiCE-kdtree,False,False,384.96507099989685,OK
470,UFCE-FF1,False,False,360.64233600018275,OK
470,UFCE-FF2,False,False,1524.9210739998489,OK
470,UFCE-FF3,False,False,1266.6459470001428,OK
471,DiCE,False,False,1424.0992039999585,OK
471,DiCE-genetic,False,False,60001.92565399993,TIMEOUT
471,DiCE-kdtree,False,False,501.9299410014355,OK
471,UFCE-FF1,False,False,303.2992149999245,OK
471,UFCE-FF2,False,False,2157.930024000052,OK
471,UFCE-FF3,False,False,2951.6854460000563,OK
472,DiCE,False,False,1431.5581930004555,OK
472,DiCE-genetic,False,False,60025.4955959972,TIMEOUT
472,DiCE-kdtree,False,False,325.09846199536696,OK
472,UFCE-FF1,False,False,282.70192600029986,OK
472,UFCE-FF2,False,False,1406.1435980001988,OK
472,UFCE-FF3,False,False,1149.5409159997507,OK
473,DiCE,False,False,1675.6189379998432,OK
473,DiCE-genetic,False,False,60001.7648710018,TIMEOUT
473,DiCE-kdtree,False,False,357.3326189980435,OK
473,UFCE-FF1,False,False,240.6482420001339,OK
473,UFCE-FF2,False,False,1282.939787000032,OK
473,UFCE-FF3,False,False,1537.558283999715,OK
474,DiCE,False,False,3742.2239090001312,OK
474,DiCE-genetic,False,False,60001.731920001475,TIMEOUT
474,DiCE-kdtree,False,False,347.4891440018837,OK
474,UFCE-FF1,False,False,483.9892250001867,OK
474,UFCE-FF2,False,False,1706.4729039998383,OK
474,UFCE-FF3,False,False,1396.46532200004,OK
475,DiCE,False,False,1319.3152149997331,OK
475,DiCE-genetic,False,False,60002.01825000113,TIMEOUT
475,DiCE-kdtree,False,False,322.4370980024105,OK
475,UFCE-FF1,False,False,287.0028289999027,OK
475,UFCE-FF2,False,False,1337.2517480001989,OK
475,UFCE-FF3,False,False,1160.1917620000677,OK
476,DiCE,False,False,1472.804718000134,OK
476,DiCE-genetic,False,False,20766.765863998444,OK
476,DiCE-kdtree,False,False,398.20609600064927,OK
476,UFCE-FF1,False,False,745.4965069999845,OK
476,UFCE-FF2,False,False,2174.9913599999218,OK
476,UFCE-FF3,False,False,4006.164505000015,OK
477,DiCE,False,False,4355.233006000162,OK
477,DiCE-genetic,False,False,60001.947774002474,TIMEOUT
477,DiCE-kdtree,False,False,346.1188569999649,OK
477,UFCE-FF1,False,False,381.22951400009697,OK
477,UFCE-FF2,False,False,1602.490534000026,OK
477,UFCE-FF3,False,False,1256.9791340001757,OK
478,DiCE,False,False,3699.692586999845,OK
478,DiCE-genetic,False,False,60001.56412100114,TIMEOUT
478,DiCE-kdtree,False,False,353.9853369984485,OK
478,UFCE-FF1,False,False,373.003800999868,OK
478,UFCE-FF2,False,False,1411.9818660001329,OK
478,UFCE-FF3,False,False,1761.7475609999929,OK
479,DiCE,False,False,1429.1465569999673,OK
479,DiCE-genetic,False,False,60093.66331699857,TIMEOUT
479,DiCE-kdtree,False,False,477.1168259976548,OK
479,UFCE-FF1,False,False,469.9115199999824,OK
479,UFCE-FF2,False,False,2336.977135000097,OK
479,UFCE-FF3,False,False,993.621241000028,OK
480,DiCE,False,False,1438.8902589998904,OK
480,DiCE-genetic,False,False,60173.25997900116,TIMEOUT
480,DiCE-kdtree,False,False,402.11978200022713,OK
480,UFCE-FF1,False,False,895.5530350000345,OK
480,UFCE-FF2,False,False,2553.389616999993,OK
480,UFCE-FF3,False,False,1454.6291359999939,OK
481,DiCE,False,False,4154.105473000072,OK
481,DiCE-genetic,False,False,60002.171282001655,TIMEOUT
481,DiCE-kdtree,False,False,365.626587998122,OK
481,UFCE-FF1,False,False,269.1271630001211,OK
481,UFCE-FF2,False,False,1567.1903859997656,OK
481,UFCE-FF3,False,False,982.2446329999366,OK
482,DiCE,False,False,1366.1024490002092,OK
482,DiCE-genetic,True,True,12613.315424001485,OK
482,DiCE-kdtree,False,False,321.4428479986964,OK
482,UFCE-FF1,False,False,310.9495489998153,OK
482,UFCE-FF2,False,False,919.7021410000161,OK
482,UFCE-FF3,False,False,1017.3220429996945,OK
483,DiCE,False,False,35037.00295400017,OK
483,DiCE-genetic,False,False,27627.816018000885,OK
483,DiCE-kdtree,False,False,616.162603997509,OK
483,UFCE-FF1,False,False,621.9354879999628,OK
483,UFCE-FF2,False,False,1940.88847799992,OK
483,UFCE-FF3,False,False,1477.1434969998154,OK
484,DiCE,False,False,4250.11639100012,OK
484,DiCE-genetic,False,False,60001.81569000051,TIMEOUT
484,DiCE-kdtree,False,False,363.1722210011503,OK
484,UFCE-FF1,False,False,266.2519350001276,OK
484,UFCE-FF2,False,False,1281.8808859997262,OK
484,UFCE-FF3,False,False,1068.6144319997766,OK
485,DiCE,False,False,1419.5484850001776,OK
485,DiCE-genetic,False,False,60001.9697989992,TIMEOUT
485,DiCE-kdtree,False,False,499.51545499789063,OK
485,UFCE-FF1,False,False,250.15371899962705,OK
485,UFCE-FF2,False,False,1516.3654180000776,OK
485,UFCE-FF3,False,False,1747.421237999788,OK
486,DiCE,False,False,1391.1705440000333,OK
486,DiCE-genetic,False,False,60002.11292599852,TIMEOUT
486,DiCE-kdtree,False,False,440.2012540012947,OK
486,UFCE-FF1,False,False,837.495031000003,OK
486,UFCE-FF2,False,False,2411.5027670000013,OK
486,UFCE-FF3,False,False,2158.6757709999347,OK
487,DiCE,False,False,1868.332707999798,OK
487,DiCE-genetic,False,False,60002.50974800292,TIMEOUT
487,DiCE-kdtree,False,False,320.60272399758105,OK
487,UFCE-FF1,False,False,329.36197700018965,OK
487,UFCE-FF2,False,False,1350.7157300000472,OK
487,UFCE-FF3,False,False,1539.9787540000034,OK
488,DiCE,False,False,1416.4416349999553,OK
488,DiCE-genetic,False,False,60002.05813499997,TIMEOUT
488,DiCE-kdtree,False,False,519.313697997859,OK
488,UFCE-FF1,False,False,654.3072389999908,OK
488,UFCE-FF2,False,False,2784.421724999902,OK
488,UFCE-FF3,False,False,2466.9364999999743,OK
489,DiCE,False,False,9257.842435999919,OK
489,DiCE-genetic,False,False,60001.84197299677,TIMEOUT
489,DiCE-kdtree,False,False,355.4998110012093,OK
489,UFCE-FF1,False,False,297.22047799987195,OK
489,UFCE-FF2,False,False,1385.5231779998576,OK
489,UFCE-FF3,False,False,1479.2744960000164,OK
490,DiCE,False,False,1434.7710530000768,OK
490,DiCE-genetic,False,False,60001.56874000095,TIMEOUT
490,DiCE-kdtree,False,False,338.24477300368017,OK
490,UFCE-FF1,False,False,300.0730089997887,OK
490,UFCE-FF2,False,False,1169.2680409996683,OK
490,UFCE-FF3,False,False,829.0624419996675,OK
491,DiCE,False,False,1449.1976570002407,OK
491,DiCE-genetic,False,False,60020.36761300042,TIMEOUT
491,DiCE-kdtree,False,False,461.33530999941286,OK
491,UFCE-FF1,False,False,704.74557,OK
491,UFCE-FF2,False,False,2267.2478459999184,OK
491,UFCE-FF3,False,False,1390.9321980002005,OK
492,DiCE,False,False,1458.0600119998053,OK
492,DiCE-genetic,False,False,60001.982234000025,TIMEOUT
492,DiCE-kdtree,False,False,483.8185059998068,OK
492,UFCE-FF1,False,False,659.5759799999996,OK
492,UFCE-FF2,False,False,1471.5857329999835,OK
492,UFCE-FF3,False,False,1086.9454179999138,OK
493,DiCE,True,False,15376.518637000117,OK
493,DiCE-genetic,True,True,1832.4479439979768,OK
493,DiCE-kdtree,False,False,394.5481600021594,OK
493,UFCE-FF1,True,True,478.68305400015737,OK
493,UFCE-FF2,True,True,1738.5624169996845,OK
493,UFCE-FF3,False,False,1002.9694259997086,OK
494,DiCE,False,False,3475.6372500000907,OK
494,DiCE-genetic,False,False,60052.610493999964,TIMEOUT
494,DiCE-kdtree,False,False,394.99742800035165,OK
494,UFCE-FF1,False,False,770.3473279999571,OK
494,UFCE-FF2,False,False,2109.1304149999814,OK
494,UFCE-FF3,False,False,2829.7439770001347,OK
495,DiCE,False,False,3923.151807999602,OK
495,DiCE-genetic,False,False,60001.57624699932,TIMEOUT
495,DiCE-kdtree,False,False,541.322556000523,OK
495,UFCE-FF1,False,False,386.98436599997876,OK
495,UFCE-FF2,False,False,1339.2164419997243,OK
495,UFCE-FF3,False,False,1606.60058700023,OK
496,DiCE,False,False,4135.173623000128,OK
496,DiCE-genetic,False,False,60001.868715000455,TIMEOUT
496,DiCE-kdtree,False,False,522.2581970010651,OK
496,UFCE-FF1,False,False,847.200009000062,OK
496,UFCE-FF2,False,False,1834.7279090000934,OK
496,UFCE-FF3,False,False,2817.310020999912,OK
497,DiCE,False,False,3231.588100999943,OK
497,DiCE-genetic,False,False,60001.91887600158,TIMEOUT
497,DiCE-kdtree,False,False,356.92852399733965,OK
497,UFCE-FF1,False,False,419.2013639999459,OK
497,UFCE-FF2,False,False,1388.2739599998786,OK
497,UFCE-FF3,False,False,1444.0537329996914,OK
498,DiCE,False,False,3425.5440070000986,OK
498,DiCE-genetic,False,False,60001.650799000345,TIMEOUT
498,DiCE-kdtree,False,False,361.12961400067434,OK
498,UFCE-FF1,False,False,344.8235979999481,OK
498,UFCE-FF2,False,False,1346.181453999634,OK
498,UFCE-FF3,False,False,1410.0335279999854,OK
499,DiCE,True,False,4282.440642999973,OK
499,DiCE-genetic,True,True,1493.6058800012688,OK
499,DiCE-kdtree,False,False,436.1585470032878,OK
499,UFCE-FF1,True,True,461.05635200001416,OK
499,UFCE-FF2,True,True,1218.017690999659,OK
499,UFCE-FF3,True,True,1398.8070790001075,OK
500,DiCE,False,False,1433.2230390000404,OK
500,DiCE-genetic,False,False,60001.57208299788,TIMEOUT
500,DiCE-kdtree,False,False,325.7429450022755,OK
500,UFCE-FF1,False,False,318.67861800037645,OK
500,UFCE-FF2,False,False,1015.590111000165,OK
500,UFCE-FF3,False,False,778.5380929999519,OK
501,DiCE,False,False,3424.029573000098,OK
501,DiCE-genetic,False,False,60001.783034000255,TIMEOUT
501,DiCE-kdtree,False,False,557.5720439992438,OK
501,UFCE-FF1,False,False,293.2002550001016,OK
501,UFCE-FF2,False,False,1210.3223259996412,OK
501,UFCE-FF3,False,False,1046.9092670000464,OK
502,DiCE,False,False,1681.0129959999358,OK
502,DiCE-genetic,False,False,60001.87890699817,TIMEOUT
502,DiCE-kdtree,False,False,377.9947399998491,OK
502,UFCE-FF1,False,False,278.92420799980755,OK
502,UFCE-FF2,False,False,1292.6489910000782,OK
502,UFCE-FF3,False,False,1395.1936630001,OK
503,DiCE,False,False,10025.897120999616,OK
503,DiCE-genetic,True,False,5514.07555899641,OK
503,DiCE-kdtree,False,False,359.54319699521875,OK
503,UFCE-FF1,False,False,287.92369500024506,OK
503,UFCE-FF2,False,False,820.202349000283,OK
503,UFCE-FF3,False,False,726.3386389995503,OK
504,DiCE,False,False,1431.4325649997954,OK
504,DiCE-genetic,False,False,60001.96971499827,TIMEOUT
504,DiCE-kdtree,False,False,367.9526519990759,OK
504,UFCE-FF1,False,False,643.8728179999771,OK
504,UFCE-FF2,False,False,2189.3447370000563,OK
504,UFCE-FF3,False,False,2654.991728000141,OK
505,DiCE,False,False,1449.8434450001694,OK
505,DiCE-genetic,False,False,60002.16234399886,TIMEOUT
505,DiCE-kdtree,False,False,489.7271029985859,OK
505,UFCE-FF1,False,False,388.06118699994835,OK
505,UFCE-FF2,False,False,2009.9098430000595,OK
505,UFCE-FF3,False,False,1720.4369450000738,OK
506,DiCE,False,False,1443.3974870003112,OK
506,DiCE-genetic,False,False,60001.78594799945,TIMEOUT
506,DiCE-kdtree,False,False,359.192408999661,OK
506,UFCE-FF1,False,False,276.77586800007253,OK
506,UFCE-FF2,False,False,2061.201945999983,OK
506,UFCE-FF3,False,False,2012.0943299998544,OK
507,DiCE,False,False,1444.8687209996933,OK
507,DiCE-genetic,False,False,60007.037686998956,TIMEOUT
507,DiCE-kdtree,False,False,388.61181500033126,OK
507,UFCE-FF1,False,False,608.3219380000172,OK
507,UFCE-FF2,False,False,2193.79828000001,OK
507,UFCE-FF3,False,False,1563.958126999978,OK
508,DiCE,False,False,22052.834101999906,OK
508,DiCE-genetic,True,True,1937.8603279983508,OK
508,DiCE-kdtree,False,False,334.9723640058073,OK
508,UFCE-FF1,False,False,407.1514710003612,OK
508,UFCE-FF2,False,False,1424.62199000056,OK
508,UFCE-FF3,True,True,1574.8637639999288,OK
509,DiCE,False,False,1425.7792839998729,OK
509,DiCE-genetic,False,False,60001.72701400152,TIMEOUT
509,DiCE-kdtree,False,False,346.9861400008085,OK
509,UFCE-FF1,False,False,295.87469499983854,OK
509,UFCE-FF2,False,False,881.9833239995205,OK
509,UFCE-FF3,False,False,808.3657110000786,OK
510,DiCE,False,False,3957.455721999395,OK
510,DiCE-genetic,False,False,4045.1273810031125,OK
510,DiCE-kdtree,False,False,284.1527929995209,OK
510,UFCE-FF1,False,False,301.3380940001298,OK
510,UFCE-FF2,False,False,773.5770720000801,OK
510,UFCE-FF3,False,False,1074.3454719995498,OK
511,DiCE,False,False,1580.2286719999756,OK
511,DiCE-genetic,True,True,6580.85165599914,OK
511,DiCE-kdtree,False,False,337.2953130019596,OK
511,UFCE-FF1,False,False,279.12715899947216,OK
511,UFCE-FF2,False,False,1107.8831779996108,OK
511,UFCE-FF3,True,True,997.5153590003174,OK
512,DiCE,False,False,1412.9852269998084,OK
512,DiCE-genetic,False,False,60036.87775400067,TIMEOUT
512,DiCE-kdtree,False,False,470.8221720029542,OK
512,UFCE-FF1,False,False,685.1843540000572,OK
512,UFCE-FF2,False,False,1156.251287000032,OK
512,UFCE-FF3,False,False,843.8516550002079,OK
513,DiCE,True,False,22033.42971100028,OK
513,DiCE-genetic,True,False,3907.963124998787,OK
513,DiCE-kdtree,False,False,398.84888300002785,OK
513,UFCE-FF1,True,True,550.1431309999134,OK
513,UFCE-FF2,False,False,2097.4544639998385,OK
513,UFCE-FF3,True,True,1191.2233620000734,OK
514,DiCE,False,False,1402.855198999987,OK
514,DiCE-genetic,False,False,60059.932100999504,TIMEOUT
514,DiCE-kdtree,False,False,462.81109000119613,OK
514,UFCE-FF1,False,False,729.4224599999098,OK
514,UFCE-FF2,False,False,1949.492957000075,OK
514,UFCE-FF3,False,False,1517.2172430000046,OK
515,DiCE,False,False,3078.6429660001886,OK
515,DiCE-genetic,False,False,2035.5601369956275,OK
515,DiCE-kdtree,False,False,384.2341519994079,OK
515,UFCE-FF1,False,False,367.423171000155,OK
515,UFCE-FF2,False,False,1169.3758719993639,OK
515,UFCE-FF3,False,False,1009.4872259996919,OK
516,DiCE,True,False,20321.231120999983,OK
516,DiCE-genetic,True,True,1114.1842269989866,OK
516,DiCE-kdtree,False,False,443.6266480006452,OK
516,UFCE-FF1,True,True,1138.176241999986,OK
516,UFCE-FF2,True,True,3124.736547000112,OK
516,UFCE-FF3,True,True,2705.286264000051,OK
517,DiCE,True,False,4537.734862999969,OK
517,DiCE-genetic,False,False,48067.04489800177,OK
517,DiCE-kdtree,False,False,495.3616009988764,OK
517,UFCE-FF1,True,True,771.2467070000458,OK
517,UFCE-FF2,True,True,1009.35437499993,OK
517,UFCE-FF3,True,True,1221.3464980000024,OK
518,DiCE,False,False,1430.3159020000749,OK
518,DiCE-genetic,False,False,60001.59235200408,TIMEOUT
518,DiCE-kdtree,False,False,361.6345369955525,OK
518,UFCE-FF1,False,False,306.90510099975654,OK
518,UFCE-FF2,False,False,1189.583298000798,OK
518,UFCE-FF3,False,False,1347.7681619997384,OK
519,DiCE,False,False,4171.255764999842,OK
519,DiCE-genetic,False,False,60001.87370200001,TIMEOUT
519,DiCE-kdtree,False,False,388.03780900343554,OK
519,UFCE-FF1,False,False,323.9457919999041,OK
519,UFCE-FF2,False,False,1511.7813839997325,OK
519,UFCE-FF3,False,False,137.47857699991073,OK
520,DiCE,False,False,48442.58183900001,OK
520,DiCE-genetic,False,False,60001.75685300201,TIMEOUT
520,DiCE-kdtree,False,False,307.6845260002301,OK
520,UFCE-FF1,False,False,369.7053500000038,OK
520,UFCE-FF2,False,False,1294.0928050002185,OK
520,UFCE-FF3,False,False,1650.6232920000912,OK
521,DiCE,True,True,16595.26129400001,OK
521,DiCE-genetic,False,False,21792.855280998992,OK
521,DiCE-kdtree,False,False,469.8902050004108,OK
521,UFCE-FF1,False,False,617.9852789999812,OK
521,UFCE-FF2,False,False,871.0987699998897,OK
521,UFCE-FF3,True,True,3688.648033999925,OK
522,DiCE,False,False,1438.1247510000321,OK
522,DiCE-genetic,False,False,20752.497043000403,OK
522,DiCE-kdtree,False,False,412.96957899976405,OK
522,UFCE-FF1,False,False,765.7598819999976,OK
522,UFCE-FF2,False,False,2411.8535349998638,OK
522,UFCE-FF3,False,False,3334.381240999847,OK
523,DiCE,False,False,3799.2141009999614,OK
523,DiCE-genetic,False,False,60001.85943199904,TIMEOUT
523,DiCE-kdtree,False,False,397.3137670000142,OK
523,UFCE-FF1,False,False,427.0161899999039,OK
523,UFCE-FF2,False,False,1192.529395999827,OK
523,UFCE-FF3,False,False,638.8134800004082,OK
524,DiCE,False,False,1912.4605130000418,OK
524,DiCE-genetic,False,False,60001.58457699581,TIMEOUT
524,DiCE-kdtree,False,False,446.96012600616086,OK
524,UFCE-FF1,False,False,312.1202100001028,OK
524,UFCE-FF2,False,False,1455.5515219999506,OK
524,UFCE-FF3,False,False,1342.0299950003027,OK
525,DiCE,True,True,7210.334432000309,OK
525,DiCE-genetic,True,True,20049.171165002917,OK
525,DiCE-kdtree,False,False,337.92122500017285,OK
525,UFCE-FF1,True,True,458.0200820000755,OK
525,UFCE-FF2,True,True,1301.2849470005676,OK
525,UFCE-FF3,True,True,1058.4723470001336,OK
526,DiCE,False,False,2644.9144049993265,OK
526,DiCE-genetic,False,False,60001.643694999075,TIMEOUT
526,DiCE-kdtree,False,False,434.8557359990082,OK
526,UFCE-FF1,False,False,337.121701000342,OK
526,UFCE-FF2,False,False,1313.695865000227,OK
526,UFCE-FF3,False,False,742.2154979999505,OK
527,DiCE,False,False,1423.2396140000674,OK
527,DiCE-genetic,False,False,60075.35989099961,TIMEOUT
527,DiCE-kdtree,False,False,484.6478589970502,OK
527,UFCE-FF1,False,False,913.0031659999534,OK
527,UFCE-FF2,False,False,2320.635889999949,OK
527,UFCE-FF3,False,False,991.5528960000302,OK
528,DiCE,False,False,10493.917110000439,OK
528,DiCE-genetic,False,False,853.851031002705,OK
528,DiCE-kdtree,False,False,363.53732499992475,OK
528,UFCE-FF1,False,False,296.7495279999639,OK
528,UFCE-FF2,False,False,957.647932999862,OK
528,UFCE-FF3,False,False,1021.9797119998475,OK
529,DiCE,True,True,2830.9866800000236,OK
529,DiCE-genetic,False,False,3195.601761999569,OK
529,DiCE-kdtree,False,False,472.6412580021133,OK
529,UFCE-FF1,False,False,577.6369650000106,OK
529,UFCE-FF2,False,False,1933.7710459999469,OK
529,UFCE-FF3,True,True,1004.9527659998604,OK
530,DiCE,False,False,3505.509286000006,OK
530,DiCE-genetic,False,False,60002.80594799915,TIMEOUT
530,DiCE-kdtree,False,False,458.53564299977734,OK
530,UFCE-FF1,False,False,574.7690609999836,OK
530,UFCE-FF2,False,False,2292.672088000017,OK
530,UFCE-FF3,False,False,2964.5279239998667,OK
531,DiCE,False,False,10593.7089250001,OK
531,DiCE-genetic,False,False,1023.9151460009452,OK
531,DiCE-kdtree,False,False,384.37633300054586,OK
531,UFCE-FF1,False,False,449.19795499981774,OK
531,UFCE-FF2,False,False,1252.150582000013,OK
531,UFCE-FF3,False,False,2061.773558999903,OK
532,DiCE,False,False,4383.118543000819,OK
532,DiCE-genetic,False,False,60001.856228998804,TIMEOUT
532,DiCE-kdtree,False,False,428.0993309985206,OK
532,UFCE-FF1,False,False,333.51867300007143,OK
532,UFCE-FF2,False,False,850.5167730004359,OK
532,UFCE-FF3,False,False,1092.7751249996618,OK
533,DiCE,False,False,25059.54710900005,OK
533,DiCE-genetic,False,False,21793.783073997474,OK
533,DiCE-kdtree,False,False,379.58357800380327,OK
533,UFCE-FF1,False,False,429.04108699985954,OK
533,UFCE-FF2,False,False,1490.0699969994093,OK
533,UFCE-FF3,False,False,1095.4188149999027,OK
534,DiCE,True,True,3420.6015270001444,OK
534,DiCE-genetic,True,True,3796.4682479978364,OK
534,DiCE-kdtree,False,False,407.2213899999042,OK
534,UFCE-FF1,True,True,591.582168000059,OK
534,UFCE-FF2,False,False,1910.0252879998152,OK
534,UFCE-FF3,False,False,1423.7339589999465,OK
535,DiCE,False,False,1582.3697409996385,OK
535,DiCE-genetic,False,False,20228.726469998946,OK
535,DiCE-kdtree,False,False,298.1037439967622,OK
535,UFCE-FF1,False,False,301.0327080000934,OK
535,UFCE-FF2,False,False,1151.7719500006933,OK
535,UFCE-FF3,False,False,941.8516699997781,OK
536,DiCE,False,False,2749.2693330000293,OK
536,DiCE-genetic,False,False,60001.79311999818,TIMEOUT
536,DiCE-kdtree,False,False,403.4358169992629,OK
536,UFCE-FF1,False,False,308.13682300004075,OK
536,UFCE-FF2,False,False,1360.0801069997033,OK
536,UFCE-FF3,False,False,1006.1877989996901,OK
537,DiCE,False,False,3869.466943000589,OK
537,DiCE-genetic,False,False,60001.62614799774,TIMEOUT
537,DiCE-kdtree,False,False,385.43843099978403,OK
537,UFCE-FF1,False,False,310.9258829999817,OK
537,UFCE-FF2,False,False,1360.2167430003647,OK
537,UFCE-FF3,False,False,959.8902460002137,OK
538,DiCE,False,False,3611.7872449995048,OK
538,DiCE-genetic,False,False,60001.86022699927,TIMEOUT
538,DiCE-kdtree,False,False,308.89967999974033,OK
538,UFCE-FF1,False,False,257.34865999993417,OK
538,UFCE-FF2,False,False,1292.5662900001953,OK
538,UFCE-FF3,False,False,1219.5658890000232,OK
539,DiCE,True,False,4038.519284999893,OK
539,DiCE-genetic,True,True,1951.3141560018994,OK
539,DiCE-kdtree,False,False,373.28970600356115,OK
539,UFCE-FF1,True,True,442.7743610003745,OK
539,UFCE-FF2,True,True,1257.5828349999938,OK
539,UFCE-FF3,False,False,1502.5335310001537,OK
540,DiCE,False,False,3717.807895999613,OK
540,DiCE-genetic,False,False,60001.76096499854,TIMEOUT
540,DiCE-kdtree,False,False,377.03732999943895,OK
540,UFCE-FF1,False,False,370.54441500004026,OK
540,UFCE-FF2,False,False,994.1576720002558,OK
540,UFCE-FF3,False,False,1494.3060770001466,OK
541,DiCE,True,False,10090.898452000147,OK
541,DiCE-genetic,True,True,2209.0704980000737,OK
541,DiCE-kdtree,False,False,400.480083997536,OK
541,UFCE-FF1,True,True,354.7598420000213,OK
541,UFCE-FF2,True,True,1438.3209320003516,OK
541,UFCE-FF3,False,False,1187.453251000079,OK
542,DiCE,False,False,11493.39523099934,OK
542,DiCE-genetic,False,False,60001.644617994316,TIMEOUT
542,DiCE-kdtree,False,False,456.29602699773386,OK
542,UFCE-FF1,False,False,215.34889499980636,OK
542,UFCE-FF2,False,False,762.7988589993038,OK
542,UFCE-FF3,False,False,1182.9419470004723,OK
543,DiCE,True,False,7025.6165509999855,OK
543,DiCE-genetic,True,True,2826.1536190002516,OK
543,DiCE-kdtree,False,False,435.7707279996248,OK
543,UFCE-FF1,True,True,1447.7288040000076,OK
543,UFCE-FF2,True,True,2820.2475290001985,OK
543,UFCE-FF3,True,True,2880.513545999975,OK
544,DiCE,False,False,1469.6533979995365,OK
544,DiCE-genetic,False,False,60002.02758899832,TIMEOUT
544,DiCE-kdtree,False,False,435.36115199822234,OK
544,UFCE-FF1,False,False,293.7620059992696,OK
544,UFCE-FF2,False,False,1268.5315019998598,OK
544,UFCE-FF3,False,False,1317.7486519998638,OK
545,DiCE,False,False,1909.0731339997546,OK
545,DiCE-genetic,False,False,60001.65888599804,TIMEOUT
545,DiCE-kdtree,False,False,442.5743499996315,OK
545,UFCE-FF1,False,False,356.35624699989415,OK
545,UFCE-FF2,False,False,966.1682010000732,OK
545,UFCE-FF3,False,False,1985.9553180003786,OK
546,DiCE,True,False,3303.58302500008,OK
546,DiCE-genetic,True,True,1674.9301479994756,OK
546,DiCE-kdtree,False,False,457.4604939989513,OK
546,UFCE-FF1,True,True,590.8955930000275,OK
546,UFCE-FF2,True,True,2911.5061410000176,OK
546,UFCE-FF3,True,True,3239.034251000021,OK
